249100000713
249100001419
249100008611
249100009626
249100011068
249100012526
249100012580
249100020804
249100022422
249100026936
249100029959
249100033152
249100033902
249100034068
249100034602
249100035358
249100039377
249100043491
249100043993
249100046827
249100047160
249100053574
249100061264
249100064764
249100064818
249100070727
249100073603
249100073613
249100075333
249100075657
249100079789
249100079873
249100082233
249100086003
249100086579
249100086619
249100087050
249100089313
249100089323
249100089367
249100092070
249100092873
249100099063
249100099571
249100099797
249100099841
249100101411
249100102091
249100103030
249100104316
249100110061
249100110576
249100110660
249100113530
249100113888
249100113901
249100114944
249100115321
249100116914
249100120933
249100121734
249100123793
249100124195
249100124279
249100126581
249100128575
249100128915
249100133479
249100133550
249100135266
249100142921
249100144014
249100146477
249100148594
249100150325
249100150865
249100151802
249100154627
249100157816
249100162575
249100165704
249100185400
249100185487
249100190082
249100192577
249100193605
249100194740
249100197041
249100199448
249100203546
249100203586
249100203658
249100205010
249100214119
249100214293
249100218040
249100220494
249100224440
249100227423
249100227935
249100228691
249100233556
249100237374
249100245632
249100253858
249100265403
249100268844
249100269570
249100269667
249100269766
249100280473
249100280829
249100281189
249100282028
249100282100
249100284193
249100284326
249100285314
249100286857
249100287634
249100303464
249100305252
249100308819
249100310485
249100312244
249100313191
249100317361
249100320193
249100322371
249100323604
249100329401
249100335669
249100337100
249100339347
249100346932
249100364533
249100365042
249100366600
249100370434
249100371228
249100371614
249100375418
249100379269
249100380282
249100380648
249100383863
249100385349
249100386284
249100386616
249100386791
249100387997
249100389609
249100391356
249100392489
249100396243
249100400148
249100402255
249100402308
249100402490
249100403250
249100404443
249100404894
249100406162
249100409923
249100412764
249100413205
249100418715
249100418766
249100418940
249100420615
249100421453
249100422022
249100422372
249100433787
249100434507
249100435038
249100435153
249100436072
249100436570
249100437138
249100437352
249100437507
249100438727
249100439215
249100442969
249100443133
249100444229
249100445783
249100447092
249100447702
249100449891
249100449910
249100453276
249100454362
249100467115
249100469334
249100471857
249100472901
249100478214
249100480487
249100484199
249100484768
249100485919
249100486717
249100488529
249100492833
249100501021
249100506993
249100508125
249100508394
249100512814
249100517663
249100520950
249100522242
249100529034
249100529867
249100529931
249100531725
249100533027
249100538149
249100539820
249100547275
249100557998
249100566090
249100577798
249100579862
249100590340
249100591595
249100595572
249100597461
249100602084
249100608169
249100610065
249100611658
249100613667
249100616314
249100618105
249100624483
249100630128
249100632749
249100633045
249100636924
249100637051
249100637243
249100638457
249100640184
249100641006
249100641134
249100649623
249100651206
249100651456
249100660640
249100669219
249100674049
249100675481
249100678540
249100679310
249100679967
249100683907
249100687274
249100687398
249100691549
249100692711
249100694476
249100695726
249100701400
249100706031
249100707729
249100709197
249100716330
249100724657
249100742825
249100743680
249100744705
249100749290
249100756258
249100766983
249100767778
249100770018
249100770057
249100772188
249100777624
249100777899
249100777903
249100779293
249100783178
249100803115
249100804717
249100805671
249100806971
249100813783
249100814790
249100825454
249100827451
249100836360
249100836975
249100837029
249100838311
249100839045
249100847720
249100852124
249100868229
249100868534
249100872287
249100883354
249100892366
249100894145
249100895716
249100898605
249100898865
249100899815
249100901733
249100904531
249100905486
249100910325
249100916062
249100919843
249100921467
249100924558
249100935432
249100935629
249100939756
249100943625
249100948720
249100950775
249100950824
249100954414
249100955911
249100956621
249100956650
249100957097
249100957505
249100958354
249100958428
249100958834
249100959120
249100959912
249100960075
249100961025
249100970373
249100973881
249100998223
249101009643
249101010573
249101019883
249101036691
249101057422
249101079331
249101090461
249101112761
249101119631
249101136480
249101136490
249101137729
249101156092
249101156441
249101166135
249101172510
249101182819
249101200977
249101202561
249101208742
249101212338
249101213917
249101215364
249101230182
249101238446
249101238500
249101246093
249101259915
249101266188
249101269470
249101283001
249101299778
249101305946
249101326995
249101330634
249101332297
249101350027
249101353224
249101353289
249101355036
249101361184
249101361464
249101363026
249101373822
249101377275
249101382751
249101411547
249101414846
249101420610
249101424516
249101462723
249101487937
249101494123
249101497069
249101498467
249101499086
249101499144
249101501883
249101551255
249101557044
249101584240
249101601410
249101602477
249101611759
249101616513
249101620448
249101625830
249101647826
249101652619
249101662842
249101666419
249101666429
249101697011
249101705675
249101709087
249101711885
249101715125
249101715963
249101716489
249101720843
249101729133
249101740557
249101742045
249101742725
249101754147
249101768958
249101769491
249101790244
249101792347
249101796237
249101830348
249101841537
249101842757
249101846095
249101846139
249101851648
249101879211
249101910832
249101917457
249101921007
249101957612
249101985820
249101991594
249102016074
249102026219
249102027285
249102029639
249102044762
249102075263
249102084136
249102090458
249102105809
249102113144
249102123205
249102127323
249102135072
249102136893
249102159711
249102175812
249102193357
249102201693
249102206732
249102232814
249102234035
249102243567
249102266292
249102271471
249102301239
249102305537
249102315140
249102346633
249102354058
249102366332
249102370309
249102371799
249102377214
249102397472
249102416995
249102422263
249102443849
249102478175
249102511207
249102521658
249102530242
249102530389
249102535909
249102537981
249102543287
249102554509
249102567733
249102610949
249102665375
249102674849
249102692155
249102723224
249102723990
249102731215
249102741862
249102748137
249102755160
249102755653
249102763949
249102811138
249102819657
249102829135
249102835869
249102836057
249102847901
249102856725
249102862831
249102869818
249102871675
249102877176
249102879147
249102880199
249102883307
249102890776
249102894002
249102896346
249102898085
249102907341
249102917018
249102941564
249102941841
249102943977
249102944141
249102945363
249102971243
249103023007
249103048668
249103063833
249103073216
249103093060
249103100716
249103102156
249103145552
249103169971
249103170714
249103181153
249103182220
249103203593
249103259116
249103262048
249103296801
249103303977
249103310163
249103311431
249103326738
249103332902
249103335122
249103340870
249103394095
249103404116
249103417507
249103422772
249103426204
249103428197
249103460861
249103504351
249103528825
249103535136
249103539351
249103582539
249103583401
249103595790
249103607658
249103635539
249103642180
249103674070
249103685316
249103746348
249103773627
249103801282
249103808905
249103812255
249103835131
249103852718
249103861393
249103864898
249103874394
249103877991
249103881017
249103903679
249103931742
249103943184
249103960061
249103987158
249103997726
249104100520
249104108684
249104158868
249104229058
249104357192
249104417083
249104439699
249104452530
249104496337
249104564419
249104592259
249104673347
249104837914
249104852916
249104923755
249104930575
249104947754
249104963860
249105064338
249105231305
249105251887
249105262179
249105266010
249105307614
249105310519
249105338012
249105350308
249105359084
249105383632
249105419330
249105459405
249105494937
249105582547
249105707602
249105726608
249105735135
249105925325
249105930775
249105933303
249105950730
249105977757
249106007552
249106014361
249106024300
249106033254
249106054285
249106085659
249106091873
249106093212
249106104929
249106110425
249106120716
249106121207
249106171315
249106199985
249106203386
249106254570
249106274217
249106278667
249106281370
249106314152
249106327830
249106332208
249106333431
249106340194
249106363064
249106392337
249106397844
249106401127
249106427666
249106432362
249106459074
249106483413
249106495438
249106516105
249106529640
249106529761
249106530727
249106552825
249106564016
249106564248
249106578791
249106585195
249106593158
249106630271
249106640451
249106642073
249106662745
249106678356
249106695301
249106707491
249106708500
249106728865
249106740246
249106744348
249106771277
249106804733
249106838266
249106850223
249106852955
249106869713
249106924648
249106939534
249106953026
249106967326
249106967932
249106979433
249106987549
249106997375
249107196739
249107220257
249107242650
249107373791
249107399726
249107542995
249107547120
249107614221
249107649849
249107715747
249107757830
249107773303
249107824220
249107934406
249108100359
249108165634
249108183444
249108227757
249108254383
249108259797
249108268423
249108367233
249108378830
249108386454
249108404318
249108461086
249108487288
249108495974
249108506408
249108546677
249108547809
249108565191
249108569266
249108637306
249108706562
249108847561
249108851315
249109000804
249109002273
249109002934
249109023079
249109038770
249109042115
249109054746
249109059165
249109065281
249109088964
249109089790
249109129154
249109143130
249109145956
249109153035
249109167881
249109175661
249109179629
249109181572
249109192842
249109215785
249109250227
249109254875
249109267050
249109291039
249109306903
249109316092
249109327007
249109380252
249109384665
249109386541
249109391116
249109413290
249109422775
249109437658
249109450775
249109456741
249109477351
249109481876
249109486438
249109490441
249109494335
249109496619
249109517487
249109569069
249109615430
249109622455
249109696297
249109713897
249109775638
249109776580
249109790218
249109813905
249109815769
249109820339
249109827355
249109855043
249109856350
249109896489
249109969345
249110000400
249110004441
249110014700
249110015520
249110018835
249110019848
249110020673
249110021363
249110022709
249110023312
249110024306
249110024576
249110043365
249110043414
249110045568
249110047447
249110050208
249110053477
249110055475
249110056707
249110057867
249110058632
249110060390
249110068070
249110077811
249110078107
249110095279
249110100098
249110100626
249110101250
249110101736
249110102161
249110103122
249110103180
249110103376
249110103603
249110106725
249110120239
249110121175
249110122506
249110130225
249110132361
249110132424
249110132673
249110133650
249110136226
249110137149
249110137339
249110138698
249110143984
249110144041
249110147839
249110148714
249110152769
249110155814
249110161486
249110166992
249110174499
249110175675
249110179259
249110181295
249110182411
249110186698
249110186699
249110191884
249110192292
249110193111
249110193946
249110195463
249110201922
249110202313
249110202589
249110203035
249110203873
249110215078
249110225089
249110231675
249110233975
249110241065
249110243214
249110249404
249110251423
249110255008
249110263183
249110274704
249110278189
249110280635
249110280977
249110283340
249110283470
249110284447
249110286206
249110287279
249110288074
249110295082
249110296479
249110299729
249110300307
249110300993
249110303381
249110304387
249110305987
249110308731
249110309628
249110310150
249110311964
249110312517
249110313414
249110317306
249110324025
249110325183
249110329186
249110329434
249110330611
249110332501
249110332524
249110336747
249110338643
249110349612
249110351733
249110355397
249110356007
249110360032
249110360622
249110361573
249110361697
249110362210
249110365768
249110367124
249110367154
249110367550
249110367570
249110368443
249110370064
249110371488
249110375263
249110375312
249110383113
249110387575
249110389698
249110391414
249110396685
249110397271
249110398061
249110398834
249110399964
249110400881
249110402652
249110402754
249110403523
249110406131
249110406265
249110410999
249110444236
249110444859
249110444981
249110449646
249110463513
249110463924
249110464686
249110466205
249110467823
249110471902
249110471972
249110473748
249110478064
249110479081
249110483045
249110486309
249110488347
249110489009
249110493384
249110496659
249110498388
249110498455
249110499055
249110502432
249110506003
249110510404
249110514051
249110519333
249110521786
249110521899
249110523382
249110524307
249110525285
249110526777
249110528782
249110529242
249110533174
249110536178
249110537094
249110537963
249110541003
249110550840
249110552821
249110553298
249110554653
249110555810
249110556194
249110563835
249110564666
249110565546
249110577936
249110583813
249110585905
249110592973
249110600187
249110601491
249110603056
249110603205
249110604028
249110606165
249110608991
249110612264
249110615460
249110615540
249110617123
249110622918
249110626816
249110629015
249110630876
249110645093
249110649781
249110661429
249110667346
249110673327
249110673472
249110675187
249110676430
249110680307
249110680878
249110684495
249110685691
249110686994
249110687779
249110693049
249110693279
249110694058
249110700097
249110700375
249110707332
249110707387
249110707707
249110707994
249110715333
249110720010
249110720528
249110720682
249110721786
249110724389
249110728483
249110730264
249110738331
249110738376
249110741774
249110742260
249110744478
249110750793
249110752463
249110753113
249110753407
249110754364
249110756092
249110756203
249110756438
249110758766
249110768573
249110770027
249110770037
249110770811
249110774866
249110775654
249110775969
249110779668
249110783661
249110785000
249110786797
249110787485
249110787587
249110802576
249110811503
249110816872
249110816923
249110819962
249110820067
249110823203
249110824051
249110824648
249110825057
249110826611
249110832177
249110836603
249110837979
249110838391
249110838790
249110843017
249110844800
249110847593
249110849500
249110851269
249110854887
249110855580
249110862168
249110863501
249110864646
249110867098
249110868767
249110871065
249110871212
249110871389
249110871532
249110872064
249110873187
249110876014
249110876605
249110877067
249110877155
249110878151
249110879521
249110881695
249110883524
249110892275
249110896777
249110904034
249110909283
249110913699
249110914249
249110917170
249110920367
249110920689
249110928556
249110934665
249110937698
249110938001
249110940096
249110943669
249110952803
249110959673
249110960270
249110964037
249110971763
249110972515
249110972639
249110973321
249110974338
249110974495
249110979749
249110980085
249110981841
249110981915
249110983779
249110984495
249110985501
249110986879
249110987704
249110987849
249110991197
249110991707
249110992419
249110993110
249110993432
249110994753
249110995515
249110995597
249110996530
249110996741
249110997435
249110998518
249110998564
249110998740
249110998757
249111007587
249111008689
249111010550
249111011714
249111013103
249111014498
249111019072
249111020765
249111021429
249111022569
249111026946
249111027705
249111028948
249111032669
249111033826
249111036630
249111038569
249111038783
249111042677
249111045237
249111045299
249111055062
249111056258
249111059217
249111063018
249111063704
249111064955
249111065831
249111065964
249111066846
249111068509
249111074240
249111075634
249111077612
249111077955
249111090381
249111090845
249111090851
249111091125
249111093474
249111094637
249111097778
249111098033
249111099338
249111100083
249111100123
249111100558
249111100959
249111101027
249111108302
249111109667
249111111017
249111111225
249111120666
249111121602
249111121681
249111124885
249111124999
249111127177
249111128484
249111128901
249111129201
249111129256
249111129718
249111130564
249111132287
249111133943
249111139093
249111142985
249111144291
249111144518
249111150045
249111150496
249111150503
249111150602
249111151866
249111152392
249111156024
249111159653
249111160423
249111161920
249111169340
249111169408
249111172138
249111177015
249111177386
249111178150
249111179039
249111181794
249111184125
249111184970
249111187327
249111188842
249111192198
249111193369
249111196757
249111198854
249111199055
249111199387
249111199616
249111200520
249111201633
249111204965
249111205714
249111207188
249111211710
249111212342
249111213480
249111214416
249111215083
249111215100
249111216500
249111216803
249111218782
249111221214
249111222281
249111224104
249111225191
249111225437
249111225530
249111225806
249111226218
249111226711
249111226870
249111228103
249111229350
249111229688
249111240977
249111241541
249111242829
249111245752
249111247743
249111248578
249111248587
249111251409
249111252922
249111254362
249111255704
249111255874
249111257513
249111264868
249111265647
249111265903
249111270377
249111270481
249111271764
249111273621
249111273994
249111274212
249111275258
249111276028
249111276818
249111280757
249111282156
249111282273
249111283569
249111288086
249111288438
249111289998
249111291013
249111291458
249111296561
249111297148
249111302904
249111304676
249111305169
249111306277
249111308588
249111308785
249111310811
249111312357
249111318094
249111325994
249111331513
249111332119
249111332527
249111333700
249111334367
249111335772
249111336327
249111338560
249111338855
249111339285
249111339342
249111342378
249111347154
249111347157
249111348048
249111350465
249111351015
249111351702
249111359022
249111360561
249111362002
249111367663
249111370346
249111372831
249111374171
249111374615
249111375482
249111377170
249111378261
249111380289
249111381598
249111382115
249111382759
249111383094
249111384627
249111391442
249111392332
249111392638
249111399605
249111400595
249111401527
249111409609
249111410012
249111414734
249111416468
249111416691
249111416785
249111417837
249111418073
249111420674
249111420787
249111420879
249111421687
249111422189
249111422886
249111423121
249111423250
249111424899
249111425464
249111426158
249111427114
249111428297
249111429655
249111429737
249111430182
249111432436
249111433900
249111437156
249111439715
249111442736
249111443800
249111444635
249111450617
249111452106
249111466322
249111466855
249111468054
249111480708
249111482633
249111484204
249111485518
249111486398
249111490504
249111491204
249111496458
249111496800
249111504387
249111504600
249111505987
249111506335
249111509084
249111513551
249111513782
249111514333
249111517637
249111518277
249111521672
249111522369
249111523558
249111530058
249111530151
249111530362
249111533845
249111535985
249111536238
249111539025
249111539254
249111539944
249111540160
249111541015
249111541925
249111542328
249111542699
249111544294
249111544649
249111547614
249111547718
249111549038
249111550567
249111551889
249111552386
249111556164
249111556786
249111556825
249111556871
249111557050
249111557856
249111569261
249111570230
249111571149
249111576272
249111576998
249111577603
249111578050
249111581100
249111583839
249111584546
249111584886
249111586706
249111587023
249111588951
249111592226
249111593852
249111594216
249111597989
249111598966
249111600616
249111603357
249111609751
249111612224
249111615496
249111616382
249111616420
249111617612
249111617824
249111617989
249111618491
249111618532
249111621236
249111622037
249111622068
249111623173
249111626022
249111627056
249111629696
249111630190
249111631784
249111635713
249111637914
249111637992
249111641873
249111645967
249111650795
249111651637
249111652558
249111652924
249111658820
249111663174
249111663302
249111665290
249111666962
249111667192
249111668563
249111668775
249111670001
249111673539
249111674047
249111676439
249111677298
249111683514
249111685944
249111687439
249111687647
249111687950
249111688151
249111690011
249111691673
249111692631
249111693175
249111693907
249111696514
249111698038
249111701082
249111705859
249111707254
249111708404
249111711292
249111711389
249111712471
249111712948
249111712970
249111712977
249111713864
249111714526
249111717212
249111721793
249111722940
249111723776
249111724420
249111728901
249111732464
249111732650
249111732684
249111734166
249111735628
249111740228
249111740379
249111741294
249111741593
249111741744
249111742147
249111743044
249111745499
249111745641
249111746557
249111746751
249111747307
249111749770
249111749898
249111753995
249111755715
249111756747
249111760056
249111761561
249111761749
249111762901
249111763264
249111765178
249111767460
249111768608
249111769388
249111769621
249111769737
249111769766
249111771878
249111772585
249111773080
249111773083
249111773462
249111773651
249111774028
249111774322
249111774432
249111774901
249111774954
249111774999
249111776935
249111781995
249111782158
249111789508
249111796185
249111798483
249111800513
249111801145
249111801894
249111812328
249111814042
249111814568
249111815804
249111817542
249111819829
249111821260
249111822525
249111827853
249111830151
249111831456
249111831790
249111836698
249111838435
249111842258
249111842320
249111844437
249111844849
249111846740
249111847849
249111849874
249111869400
249111870095
249111872530
249111873818
249111875742
249111875822
249111877882
249111878253
249111879167
249111880436
249111881889
249111883179
249111888080
249111888562
249111889436
249111895566
249111896902
249111897902
249111898037
249111899119
249111901639
249111903019
249111904296
249111904820
249111906154
249111913835
249111914734
249111915314
249111915641
249111916268
249111920640
249111921993
249111927024
249111928942
249111929195
249111930009
249111930571
249111935367
249111942421
249111943393
249111943573
249111943918
249111943974
249111944092
249111945979
249111948087
249111949009
249111965949
249111966044
249111972038
249111972601
249111976904
249111978986
249111980586
249111981755
249111992002
249111992212
249111992702
249111994230
249111996835
249112000382
249112003964
249112007049
249112008542
249112013847
249112014799
249112018845
249112019168
249112021660
249112022120
249112024851
249112025373
249112026089
249112027936
249112031544
249112037342
249112039417
249112041448
249112043486
249112045023
249112045565
249112046082
249112054190
249112055403
249112055759
249112062365
249112071978
249112074605
249112076251
249112076519
249112076556
249112078497
249112078890
249112085775
249112086646
249112088600
249112094067
249112095668
249112097063
249112098991
249112099311
249112100169
249112102335
249112102617
249112103055
249112103812
249112106303
249112110095
249112113166
249112118412
249112122090
249112128167
249112141827
249112144742
249112145401
249112150110
249112150256
249112150384
249112161569
249112164227
249112165166
249112165319
249112166091
249112167886
249112168501
249112170128
249112170787
249112171241
249112175689
249112175992
249112176054
249112177929
249112178994
249112180319
249112181379
249112182757
249112186608
249112188029
249112189343
249112191468
249112191721
249112191855
249112194068
249112194917
249112195782
249112196512
249112196700
249112199800
249112202913
249112202990
249112205775
249112210739
249112210931
249112221444
249112222498
249112222507
249112222617
249112226645
249112232195
249112233990
249112239628
249112240756
249112241086
249112241771
249112248279
249112249721
249112252129
249112252835
249112253457
249112254484
249112254593
249112255355
249112255619
249112258103
249112260322
249112260451
249112261126
249112266765
249112267000
249112267700
249112267910
249112272320
249112273749
249112275971
249112276277
249112282026
249112282093
249112282784
249112283761
249112284217
249112284901
249112285619
249112286686
249112288711
249112288815
249112290290
249112295074
249112295466
249112296823
249112301566
249112302414
249112303639
249112307515
249112307896
249112312274
249112312503
249112313694
249112314386
249112315578
249112316041
249112318564
249112319412
249112320135
249112322946
249112325684
249112326388
249112326728
249112326921
249112327454
249112328657
249112328960
249112330655
249112336201
249112337136
249112337192
249112337221
249112339962
249112341916
249112343293
249112343876
249112344863
249112345034
249112345155
249112345860
249112347740
249112348000
249112348271
249112352435
249112352441
249112357604
249112359921
249112361232
249112366009
249112368502
249112369187
249112369675
249112370474
249112370578
249112371521
249112373748
249112378145
249112378798
249112382707
249112383316
249112384587
249112392424
249112396348
249112398717
249112399723
249112400023
249112401937
249112403605
249112406838
249112409510
249112411615
249112412358
249112413318
249112413507
249112416184
249112416282
249112419298
249112424288
249112424812
249112425047
249112430009
249112432592
249112436614
249112437427
249112438936
249112441068
249112441709
249112444431
249112445707
249112445834
249112449259
249112450232
249112451696
249112452745
249112453017
249112455048
249112455532
249112456584
249112459687
249112459712
249112460791
249112462315
249112462394
249112467550
249112467705
249112469603
249112470602
249112470801
249112470940
249112472111
249112472794
249112473174
249112474720
249112474961
249112476262
249112479039
249112480191
249112480808
249112482057
249112482735
249112483388
249112484296
249112484566
249112492706
249112494802
249112496072
249112502063
249112504395
249112505733
249112506497
249112508056
249112508864
249112512792
249112518786
249112521112
249112522300
249112524583
249112526048
249112526297
249112527392
249112531370
249112531988
249112532178
249112532499
249112536656
249112538494
249112538521
249112538618
249112539595
249112541790
249112543997
249112545153
249112546742
249112547561
249112551679
249112553802
249112554528
249112558432
249112558863
249112559832
249112560428
249112562995
249112563487
249112568527
249112571186
249112571278
249112571808
249112574756
249112575071
249112575075
249112578824
249112580672
249112584899
249112586541
249112612517
249112620483
249112622044
249112626762
249112631427
249112633384
249112639966
249112640829
249112647174
249112648084
249112648118
249112650522
249112651076
249112651176
249112654177
249112655725
249112655825
249112662250
249112664615
249112669945
249112674676
249112676470
249112677691
249112679440
249112679839
249112681641
249112688649
249112688816
249112690105
249112692556
249112699636
249112700777
249112701204
249112701446
249112701468
249112701496
249112701669
249112702517
249112705955
249112706524
249112706953
249112710403
249112715335
249112717477
249112724626
249112725033
249112725471
249112729489
249112734444
249112736486
249112739561
249112741753
249112743088
249112744831
249112745665
249112745685
249112746519
249112746669
249112747518
249112749528
249112753233
249112757631
249112771298
249112773314
249112779345
249112779816
249112779883
249112781840
249112782187
249112785570
249112786053
249112787728
249112787777
249112789393
249112790271
249112790624
249112792213
249112794202
249112799536
249112799992
249112801104
249112802546
249112806910
249112809265
249112813400
249112815962
249112817929
249112820557
249112821199
249112825824
249112831294
249112831321
249112831837
249112833250
249112838167
249112838541
249112839958
249112840459
249112841672
249112844941
249112848072
249112849613
249112852255
249112852437
249112853704
249112856671
249112857061
249112858005
249112859230
249112860452
249112864480
249112867475
249112867955
249112868150
249112868306
249112870083
249112870634
249112871232
249112875338
249112877114
249112877901
249112878074
249112878647
249112881661
249112882376
249112886889
249112889056
249112890019
249112890164
249112891226
249112891718
249112891757
249112892226
249112894436
249112896953
249112896960
249112903385
249112904611
249112910007
249112910206
249112912709
249112920436
249112921672
249112923127
249112925761
249112933499
249112941867
249112943292
249112943591
249112946793
249112948255
249112950130
249112951033
249112951845
249112959322
249112960265
249112961096
249112961664
249112976442
249112980152
249112984692
249112989996
249112990671
249112991199
249113000053
249113000152
249113001036
249113001886
249113001986
249113002506
249113003729
249113004228
249113005768
249113006537
249113008895
249113009041
249113009846
249113010583
249113012050
249113017699
249113020025
249113021690
249113022923
249113026398
249113027082
249113027917
249113028754
249113028809
249113034667
249113040517
249113041416
249113044656
249113044894
249113048685
249113048837
249113050480
249113050695
249113050845
249113053025
249113055373
249113056657
249113062835
249113068057
249113070702
249113071541
249113072099
249113073224
249113074787
249113075909
249113077668
249113079654
249113081572
249113083076
249113083679
249113086503
249113088081
249113090790
249113093969
249113095062
249113097418
249113097827
249113098122
249113099184
249113100043
249113102155
249113103168
249113103708
249113108323
249113113588
249113114776
249113115887
249113119498
249113119959
249113124827
249113124993
249113126060
249113126270
249113126504
249113126525
249113129873
249113131457
249113132785
249113133106
249113133508
249113135662
249113139394
249113142373
249113145791
249113152067
249113158187
249113160909
249113163691
249113167797
249113168887
249113172575
249113173344
249113175467
249113175890
249113176475
249113179449
249113181770
249113184709
249113187348
249113190009
249113190758
249113190787
249113191179
249113195284
249113198916
249113199147
249113199183
249113203683
249113205066
249113205835
249113206368
249113207704
249113207840
249113209981
249113211431
249113212192
249113216653
249113220340
249113220934
249113222566
249113223176
249113228735
249113229261
249113234027
249113235721
249113240861
249113241031
249113242242
249113243337
249113247688
249113250382
249113252537
249113252793
249113253694
249113257029
249113258381
249113260071
249113261068
249113261599
249113262649
249113263820
249113265050
249113265075
249113265537
249113266144
249113268148
249113268860
249113270006
249113274949
249113275547
249113275577
249113277520
249113278694
249113279782
249113281183
249113281335
249113282357
249113283924
249113285585
249113286205
249113292639
249113315387
249113317900
249113318899
249113321493
249113324122
249113325361
249113329443
249113329971
249113333465
249113338997
249113340679
249113342270
249113343185
249113343388
249113345935
249113347778
249113348190
249113351806
249113352052
249113354788
249113355012
249113355425
249113358029
249113359098
249113366123
249113368172
249113368657
249113369734
249113372020
249113374741
249113375185
249113376824
249113378459
249113380904
249113386457
249113387237
249113392520
249113392804
249113394853
249113398237
249113400718
249113400865
249113405072
249113405419
249113406419
249113407259
249113408922
249113409096
249113412686
249113416366
249113416574
249113416608
249113423737
249113424478
249113425738
249113430000
249113432091
249113432496
249113433426
249113433822
249113436418
249113436835
249113439082
249113439961
249113440897
249113442622
249113445778
249113445872
249113445946
249113446252
249113453684
249113455040
249113455330
249113456079
249113456432
249113457163
249113457629
249113458904
249113459082
249113459541
249113461917
249113462232
249113462326
249113462669
249113466706
249113470199
249113471877
249113472915
249113473616
249113473747
249113476244
249113477049
249113477870
249113478404
249113478996
249113480516
249113481434
249113482807
249113486308
249113486370
249113487082
249113487572
249113489735
249113494853
249113495523
249113495949
249113499554
249113506414
249113508610
249113508740
249113510692
249113510760
249113511459
249113515447
249113518954
249113519559
249113520928
249113521040
249113522034
249113522115
249113522726
249113522760
249113523294
249113523754
249113527635
249113533486
249113533734
249113534707
249113534887
249113536232
249113539460
249113541538
249113542200
249113542774
249113544198
249113544279
249113544352
249113545116
249113546181
249113548086
249113548208
249113548694
249113550328
249113551838
249113552639
249113552654
249113553898
249113555178
249113557259
249113560003
249113560054
249113563718
249113564606
249113565986
249113569549
249113571941
249113572325
249113573052
249113573114
249113573115
249113573548
249113574471
249113576842
249113578090
249113578910
249113585310
249113587516
249113587599
249113590123
249113592554
249113595881
249113597126
249113598720
249113599416
249113602649
249113603717
249113604519
249113608595
249113612631
249113618083
249113619239
249113619534
249113619813
249113620232
249113623104
249113627176
249113634480
249113636063
249113636486
249113638004
249113638020
249113638297
249113638462
249113638516
249113638519
249113639805
249113640469
249113640668
249113641205
249113641903
249113642925
249113644314
249113645430
249113646918
249113647562
249113648027
249113648406
249113648447
249113648541
249113651527
249113652868
249113655329
249113656073
249113656160
249113660919
249113661430
249113662047
249113662299
249113663960
249113664019
249113665881
249113668037
249113669241
249113669416
249113669437
249113670010
249113670293
249113671253
249113671948
249113672049
249113672507
249113672790
249113674319
249113674480
249113674629
249113674702
249113676840
249113677326
249113677357
249113677529
249113677714
249113678096
249113698082
249113704230
249113704465
249113705195
249113705567
249113705679
249113706086
249113706197
249113708909
249113727712
249113731044
249113732791
249113735216
249113736333
249113738069
249113738312
249113740354
249113742820
249113743878
249113744357
249113746510
249113747354
249113747875
249113749173
249113750439
249113750764
249113752699
249113752778
249113752821
249113753281
249113753475
249113754078
249113755052
249113755205
249113755889
249113755972
249113756175
249113756951
249113757261
249113757472
249113758276
249113758368
249113758720
249113759762
249113760812
249113763287
249113764299
249113764552
249113765804
249113768832
249113769301
249113770051
249113771971
249113774723
249113774737
249113775070
249113775227
249113782362
249113784250
249113784568
249113784891
249113785512
249113786404
249113786572
249113787476
249113787478
249113787620
249113788881
249113789962
249113790169
249113794340
249113795192
249113796323
249113797099
249113797366
249113798199
249113801934
249113802400
249113803566
249113811106
249113812489
249113813114
249113813180
249113813868
249113814032
249113814112
249113815493
249113816509
249113816685
249113817671
249113817842
249113818676
249113819263
249113820138
249113820417
249113820637
249113820837
249113821180
249113821310
249113821567
249113821767
249113823529
249113823600
249113824363
249113831617
249113831983
249113833507
249113833945
249113835707
249113838016
249113840598
249113841657
249113845904
249113846258
249113846647
249113850068
249113850951
249113852587
249113852977
249113856080
249113859106
249113860532
249113860810
249113861024
249113861071
249113861813
249113862538
249113866285
249113866778
249113868754
249113868970
249113869022
249113870469
249113871227
249113871716
249113873142
249113874051
249113878378
249113879301
249113879389
249113879736
249113880362
249113880477
249113881146
249113883137
249113883966
249113884439
249113884471
249113885345
249113885872
249113885887
249113886888
249113886913
249113887585
249113888329
249113888706
249113890564
249113890586
249113890705
249113893739
249113894254
249113894492
249113895307
249113896310
249113896399
249113896968
249113897645
249113897688
249113901090
249113902353
249113902925
249113904863
249113907501
249113908200
249113908429
249113908851
249113909269
249113915060
249113915857
249113919239
249113921485
249113923796
249113931413
249113932123
249113932496
249113936535
249113942868
249113943183
249113944234
249113949953
249113951429
249113956404
249113956502
249113957929
249113960450
249113961796
249113961961
249113962217
249113964974
249113978604
249113979075
249113982224
249113982437
249113983287
249113989585
249113990018
249113990487
249113990554
249113991763
249113993742
249113996307
249113996429
249113999641
249113999711
249114000380
249114004336
249114005182
249114008158
249114010261
249114012718
249114015907
249114021040
249114021330
249114021485
249114025784
249114026104
249114030018
249114031076
249114031398
249114033715
249114036930
249114039450
249114040322
249114040382
249114040571
249114041425
249114042743
249114044173
249114046207
249114050870
249114053604
249114054573
249114057978
249114059336
249114062403
249114066040
249114066470
249114068916
249114072139
249114076548
249114081598
249114084137
249114087873
249114095445
249114098435
249114101110
249114102531
249114113713
249114113739
249114117790
249114117892
249114118189
249114119806
249114120012
249114122511
249114128533
249114128924
249114133351
249114142681
249114147838
249114148426
249114149688
249114152243
249114155153
249114156263
249114157302
249114157560
249114157858
249114159459
249114159928
249114162264
249114162799
249114163628
249114165996
249114167142
249114169555
249114176117
249114176601
249114176686
249114181065
249114183699
249114192285
249114194222
249114196434
249114201471
249114201851
249114203003
249114205955
249114208446
249114209730
249114210056
249114211573
249114211681
249114214403
249114229936
249114230449
249114234348
249114237333
249114240227
249114240519
249114240539
249114242042
249114243014
249114247699
249114248651
249114249670
249114250213
249114254240
249114254264
249114257042
249114258992
249114266313
249114266821
249114267000
249114271367
249114273280
249114274643
249114278187
249114279787
249114284936
249114287150
249114287309
249114287531
249114292568
249114307111
249114308521
249114310642
249114317004
249114320474
249114323288
249114329649
249114331736
249114334385
249114336324
249114337172
249114338674
249114345538
249114345892
249114347031
249114359084
249114361292
249114362697
249114363454
249114367962
249114373935
249114378458
249114391146
249114391190
249114391488
249114392323
249114396133
249114402442
249114402965
249114405504
249114405824
249114406648
249114408016
249114420879
249114421319
249114421723
249114423903
249114425343
249114428108
249114429719
249114433182
249114433205
249114434837
249114435831
249114437887
249114437927
249114440479
249114442325
249114442756
249114443322
249114446655
249114447603
249114448702
249114460099
249114461687
249114462011
249114462892
249114466064
249114466232
249114469125
249114469833
249114471477
249114472851
249114474627
249114474757
249114475902
249114476373
249114478393
249114480253
249114485453
249114489054
249114490703
249114495462
249114495528
249114501513
249114502220
249114502830
249114503999
249114505059
249114506290
249114508195
249114509827
249114511359
249114511449
249114511865
249114512046
249114512856
249114515253
249114515312
249114518545
249114523030
249114523429
249114527336
249114527699
249114531551
249114535472
249114537778
249114540196
249114544210
249114544240
249114545316
249114545791
249114547122
249114549068
249114549092
249114558494
249114560881
249114565180
249114565241
249114565788
249114566449
249114571303
249114571306
249114573718
249114574425
249114575522
249114579477
249114589439
249114590505
249114592269
249114593862
249114595300
249114601170
249114601466
249114607124
249114610498
249114612348
249114613550
249114613832
249114615417
249114616909
249114617044
249114617842
249114621997
249114622005
249114626395
249114627820
249114633272
249114634611
249114635081
249114637132
249114637741
249114643443
249114643617
249114644098
249114644848
249114651436
249114652363
249114658742
249114658786
249114660493
249114664562
249114665080
249114665691
249114666258
249114672060
249114686805
249114691839
249114692841
249114694171
249114695949
249114708888
249114710099
249114712680
249114713938
249114714530
249114720003
249114727741
249114729395
249114731128
249114736475
249114737564
249114743921
249114750257
249114750476
249114752097
249114753305
249114755317
249114755568
249114759451
249114759569
249114762162
249114763121
249114766070
249114766958
249114767255
249114767946
249114768223
249114770139
249114771518
249114771811
249114777030
249114785470
249114785597
249114785843
249114787992
249114792812
249114795050
249114798280
249114799603
249114800116
249114808985
249114820248
249114828656
249114829037
249114831668
249114832326
249114832929
249114833523
249114836208
249114837377
249114838942
249114841505
249114846898
249114853213
249114856180
249114856946
249114857424
249114858787
249114864820
249114870799
249114871564
249114871741
249114873289
249114883179
249114883305
249114884246
249114886514
249114888688
249114890660
249114893992
249114901533
249114902149
249114906554
249114909268
249114909343
249114912644
249114913089
249114922532
249114923616
249114924695
249114924891
249114925855
249114930201
249114932543
249114933531
249114934920
249114935066
249114935646
249114936316
249114936644
249114937624
249114937698
249114937922
249114941625
249114942733
249114943507
249114951598
249114951682
249114957887
249114960276
249114963025
249114964567
249114965746
249114967131
249114968696
249114969480
249114971718
249114974458
249114975022
249114978348
249114979570
249114979798
249114981457
249114983315
249114986676
249114989555
249114992815
249114999333
249115003940
249115009605
249115011150
249115011336
249115015473
249115018728
249115019747
249115022080
249115024382
249115025398
249115027064
249115027481
249115029675
249115030647
249115030734
249115030820
249115032590
249115032709
249115035329
249115036906
249115039886
249115040830
249115040964
249115048585
249115049028
249115049111
249115050587
249115051092
249115051742
249115052609
249115053279
249115053643
249115055070
249115055551
249115057205
249115064606
249115068671
249115070177
249115070313
249115072021
249115072592
249115072944
249115075086
249115078503
249115079759
249115081040
249115084338
249115085206
249115087956
249115090127
249115092982
249115096939
249115098080
249115100076
249115100604
249115101733
249115104904
249115105099
249115107557
249115107730
249115108299
249115108598
249115109363
249115110397
249115110566
249115119228
249115126718
249115132008
249115136329
249115138105
249115139616
249115146964
249115149792
249115150116
249115150249
249115152790
249115154900
249115155652
249115156766
249115158850
249115162198
249115162768
249115163959
249115164393
249115167654
249115176168
249115176997
249115178529
249115178945
249115182728
249115182950
249115185514
249115188711
249115190236
249115191010
249115195615
249115197930
249115200909
249115210678
249115210965
249115213608
249115214745
249115215236
249115215821
249115221004
249115221316
249115227261
249115227595
249115229282
249115230069
249115230831
249115232085
249115239414
249115244497
249115248484
249115250162
249115250304
249115250969
249115251836
249115253476
249115256494
249115256514
249115259950
249115262227
249115264382
249115267901
249115269399
249115271427
249115273103
249115275780
249115281211
249115282068
249115284478
249115286209
249115287715
249115287763
249115287897
249115287915
249115288162
249115288458
249115288755
249115289143
249115291455
249115298065
249115300111
249115300441
249115300519
249115301696
249115302158
249115302935
249115302959
249115305915
249115306960
249115315166
249115318088
249115320553
249115322799
249115322944
249115326098
249115331814
249115334107
249115335663
249115336627
249115337678
249115337854
249115337921
249115338636
249115339734
249115341532
249115344450
249115352127
249115352258
249115353178
249115353544
249115353840
249115354523
249115357120
249115357400
249115363709
249115363763
249115373767
249115374796
249115378345
249115379319
249115379326
249115381862
249115382052
249115386931
249115390206
249115396228
249115396831
249115397601
249115399294
249115401918
249115402570
249115403056
249115403386
249115404103
249115404310
249115405602
249115410648
249115412853
249115415683
249115416451
249115417361
249115422107
249115423960
249115427702
249115429863
249115431472
249115432868
249115433320
249115438056
249115439728
249115440748
249115441907
249115442623
249115442869
249115442942
249115444422
249115446034
249115447813
249115450285
249115451965
249115452107
249115455497
249115455562
249115460002
249115460095
249115460165
249115460436
249115462281
249115462800
249115468645
249115472374
249115473263
249115478313
249115480240
249115482388
249115487144
249115488505
249115491947
249115492684
249115493201
249115496952
249115498887
249115509222
249115511913
249115515662
249115517359
249115522567
249115531069
249115541215
249115542717
249115544918
249115547814
249115548021
249115548990
249115553150
249115555436
249115555769
249115556439
249115562778
249115563943
249115564790
249115567023
249115568195
249115568833
249115570407
249115571116
249115571324
249115579134
249115592896
249115593054
249115596943
249115598762
249115599264
249115601077
249115604623
249115606370
249115607206
249115607693
249115617637
249115622469
249115625410
249115627996
249115631718
249115633761
249115640182
249115641197
249115641562
249115644178
249115644370
249115644660
249115646965
249115647560
249115649070
249115649294
249115650227
249115652547
249115654529
249115655543
249115658168
249115661399
249115666190
249115673590
249115683355
249115687787
249115687876
249115687900
249115688647
249115689709
249115689874
249115691524
249115692019
249115692119
249115692409
249115693920
249115695116
249115697865
249115699328
249115699988
249115702711
249115707866
249115709622
249115721726
249115725941
249115729789
249115735483
249115735690
249115736720
249115737028
249115739129
249115740866
249115745031
249115745947
249115748999
249115749800
249115751802
249115756842
249115759267
249115759312
249115763047
249115763978
249115767321
249115767535
249115775712
249115778557
249115779673
249115783250
249115783436
249115783902
249115784728
249115786784
249115788431
249115789407
249115790418
249115793147
249115794006
249115796340
249115796527
249115802035
249115802110
249115802892
249115803798
249115805869
249115805927
249115807249
249115807649
249115808437
249115808659
249115810723
249115810842
249115813512
249115814059
249115815458
249115816524
249115817009
249115818220
249115818622
249115819309
249115820576
249115823876
249115823937
249115824574
249115828502
249115828888
249115830527
249115834390
249115834938
249115838362
249115838644
249115839144
249115842038
249115847768
249115848268
249115849113
249115849594
249115849707
249115849757
249115852528
249115853161
249115854884
249115858469
249115860340
249115861997
249115864226
249115867143
249115869716
249115870485
249115872410
249115873910
249115874058
249115874238
249115874414
249115885082
249115889722
249115890161
249115895594
249115898995
249115900605
249115902354
249115904547
249115907035
249115908514
249115908912
249115910246
249115910536
249115913809
249115917139
249115917837
249115918487
249115925297
249115930162
249115931173
249115934058
249115938788
249115938968
249115940222
249115942148
249115945566
249115946113
249115947354
249115947835
249115951966
249115957475
249115965247
249115965470
249115965988
249115967140
249115969686
249115970910
249115971488
249115975735
249115976365
249115979274
249115984166
249115984452
249115990646
249115999366
249116000539
249116003826
249116004099
249116007232
249116016952
249116026925
249116028839
249116029789
249116032219
249116034620
249116035222
249116037322
249116041268
249116045306
249116046957
249116051922
249116053117
249116053425
249116055948
249116057786
249116058666
249116061165
249116062661
249116065589
249116067581
249116067971
249116068447
249116069261
249116079654
249116088994
249116092344
249116094380
249116096830
249116097051
249116097495
249116098784
249116099774
249116100852
249116101467
249116107114
249116108930
249116111017
249116112469
249116116254
249116117154
249116117736
249116121049
249116124971
249116127494
249116130777
249116130888
249116134480
249116136091
249116136680
249116141632
249116142154
249116143098
249116144409
249116145019
249116150111
249116151213
249116153284
249116157008
249116157201
249116161623
249116165111
249116170103
249116175631
249116176194
249116177498
249116178755
249116179667
249116182288
249116184450
249116186809
249116187672
249116187978
249116191442
249116194539
249116194551
249116195521
249116195963
249116197093
249116203745
249116204977
249116206779
249116207904
249116209526
249116213114
249116213151
249116215680
249116216567
249116216929
249116216998
249116217098
249116217200
249116222671
249116223452
249116224130
249116225362
249116226657
249116228277
249116228514
249116229308
249116230206
249116232969
249116233059
249116233829
249116233954
249116234749
249116236513
249116237067
249116242683
249116245067
249116247337
249116247726
249116248711
249116253966
249116259874
249116268284
249116268362
249116271949
249116274914
249116275095
249116275739
249116276502
249116280043
249116281205
249116281769
249116282119
249116284974
249116287548
249116289155
249116290217
249116290261
249116292976
249116293752
249116293858
249116302492
249116305014
249116308696
249116309300
249116312275
249116314411
249116315481
249116318351
249116319981
249116324365
249116324623
249116329663
249116334808
249116335291
249116337418
249116337723
249116338849
249116339573
249116340674
249116349738
249116350007
249116350982
249116350985
249116352606
249116358691
249116358981
249116360132
249116361264
249116361823
249116362189
249116364122
249116365443
249116365707
249116366937
249116367690
249116367788
249116368531
249116374872
249116378803
249116380713
249116380944
249116382159
249116382186
249116382460
249116386798
249116387093
249116390263
249116390388
249116390400
249116391004
249116391715
249116392300
249116395442
249116395723
249116403388
249116404030
249116406411
249116409652
249116411642
249116414041
249116417360
249116418235
249116418503
249116418989
249116419493
249116421016
249116423458
249116424874
249116425538
249116427285
249116429056
249116429233
249116431425
249116434961
249116436937
249116440371
249116440842
249116442014
249116444471
249116444681
249116446283
249116447149
249116449362
249116449903
249116452012
249116453106
249116453178
249116453339
249116456989
249116457048
249116458714
249116462379
249116465842
249116466468
249116467481
249116469103
249116469205
249116469474
249116470555
249116470851
249116471633
249116471663
249116475215
249116477284
249116478957
249116480693
249116480862
249116481903
249116482348
249116483448
249116486765
249116487291
249116489320
249116489518
249116489812
249116494218
249116495567
249116500242
249116501248
249116502817
249116503834
249116504761
249116505749
249116508302
249116509934
249116510366
249116510402
249116514082
249116517737
249116520580
249116521956
249116522645
249116523628
249116525077
249116527480
249116528268
249116529186
249116529559
249116529789
249116530299
249116535022
249116539752
249116544197
249116544229
249116544858
249116545182
249116547908
249116551712
249116555214
249116555254
249116555436
249116555800
249116557696
249116558237
249116559347
249116561533
249116562052
249116562316
249116562556
249116562673
249116564728
249116570646
249116571047
249116572337
249116578135
249116578472
249116578508
249116579987
249116580777
249116581398
249116594970
249116596375
249116606082
249116608929
249116610921
249116611316
249116612322
249116615171
249116621852
249116623394
249116629544
249116630059
249116630157
249116631464
249116636764
249116636970
249116641732
249116642038
249116642554
249116645145
249116648124
249116648570
249116655437
249116656279
249116656605
249116657979
249116664157
249116665989
249116667531
249116668424
249116668660
249116670943
249116672887
249116673206
249116673947
249116675847
249116681007
249116682414
249116686267
249116686576
249116686660
249116687213
249116688567
249116690970
249116691701
249116692222
249116696147
249116696654
249116699846
249116700444
249116700754
249116701328
249116701971
249116702505
249116705761
249116706948
249116710742
249116714098
249116715384
249116717681
249116721469
249116721498
249116724706
249116724998
249116730827
249116732508
249116733463
249116734454
249116737004
249116737629
249116740874
249116741663
249116742241
249116742294
249116745035
249116745474
249116747819
249116748435
249116748550
249116748813
249116755865
249116759493
249116762251
249116766925
249116768260
249116768569
249116770127
249116774836
249116776849
249116776990
249116785330
249116786752
249116787810
249116788828
249116790999
249116794418
249116794783
249116794816
249116795748
249116795909
249116799289
249116804563
249116804861
249116805649
249116808191
249116810496
249116811713
249116811752
249116813077
249116813450
249116818082
249116818636
249116820934
249116823456
249116825017
249116825124
249116827590
249116827833
249116831048
249116833267
249116834389
249116834503
249116834951
249116839592
249116841560
249116841814
249116844696
249116846461
249116847784
249116848199
249116851005
249116852773
249116854524
249116857002
249116863370
249116863742
249116864030
249116866624
249116871711
249116876757
249116877055
249116880285
249116881337
249116881948
249116887779
249116892937
249116893288
249116894692
249116898079
249116901021
249116901558
249116901646
249116901866
249116902614
249116904359
249116905434
249116905444
249116906584
249116906799
249116912766
249116915793
249116915956
249116917437
249116924316
249116927610
249116928037
249116929025
249116931298
249116935267
249116938231
249116939214
249116942092
249116944168
249116944652
249116944929
249116946649
249116949921
249116953596
249116963167
249116967816
249116968058
249116968621
249116969252
249116970511
249116972785
249116973507
249116977155
249116977275
249116983321
249116983594
249116983724
249116988574
249116989003
249116992628
249116995691
249117000340
249117005001
249117005569
249117009268
249117010813
249117011904
249117012482
249117012955
249117014880
249117015728
249117018745
249117019609
249117020809
249117022939
249117024904
249117038217
249117048808
249117049479
249117051542
249117053159
249117058294
249117059944
249117062697
249117062818
249117062902
249117065386
249117071098
249117071748
249117072459
249117073275
249117073527
249117079467
249117091873
249117093313
249117094355
249117094790
249117098923
249117104279
249117104501
249117105293
249117105969
249117108620
249117108945
249117111537
249117113647
249117115111
249117120570
249117121465
249117122140
249117124561
249117132247
249117133680
249117137244
249117137937
249117138261
249117141372
249117141723
249117142361
249117146771
249117147617
249117147674
249117148053
249117148358
249117149053
249117149649
249117151427
249117151602
249117153857
249117154166
249117154626
249117156194
249117158245
249117158837
249117159502
249117162296
249117162665
249117166736
249117170521
249117172489
249117173830
249117174730
249117178867
249117185578
249117186390
249117188276
249117189763
249117194037
249117194528
249117195397
249117195585
249117195950
249117197865
249117199117
249117200917
249117201585
249117201777
249117204878
249117207835
249117210048
249117210640
249117213735
249117215315
249117221909
249117224481
249117226592
249117229858
249117230565
249117231235
249117231500
249117231764
249117233715
249117233844
249117233883
249117237978
249117238121
249117238309
249117238320
249117247184
249117250137
249117252864
249117256541
249117258127
249117258195
249117268511
249117270785
249117273184
249117275176
249117275442
249117276468
249117284491
249117286924
249117287497
249117288108
249117289557
249117290374
249117290659
249117291613
249117295700
249117301162
249117303307
249117303342
249117308182
249117312583
249117313325
249117321745
249117336244
249117339870
249117340849
249117344239
249117352207
249117353902
249117355744
249117357794
249117357828
249117358858
249117362129
249117362189
249117366895
249117368350
249117369097
249117370282
249117379276
249117380820
249117381051
249117381674
249117381769
249117382269
249117383385
249117384711
249117387471
249117387482
249117388452
249117392064
249117397398
249117399891
249117403123
249117403396
249117404028
249117405247
249117411373
249117414555
249117414774
249117417725
249117419302
249117420589
249117424366
249117427234
249117431270
249117432205
249117435064
249117438450
249117440395
249117442676
249117443342
249117444250
249117446691
249117447769
249117450135
249117451930
249117452443
249117457080
249117458721
249117465522
249117466703
249117467945
249117476292
249117480221
249117481719
249117481829
249117483414
249117485783
249117486697
249117487748
249117492935
249117493249
249117493583
249117495011
249117495313
249117501787
249117502869
249117505418
249117505640
249117506988
249117507779
249117509487
249117510223
249117513617
249117515208
249117515233
249117517186
249117523818
249117524230
249117526324
249117528479
249117531922
249117533400
249117535509
249117539904
249117541014
249117543271
249117543614
249117544934
249117546403
249117548714
249117549446
249117552314
249117557410
249117563020
249117567557
249117569578
249117571664
249117571904
249117572363
249117583773
249117585723
249117590872
249117591168
249117594311
249117596161
249117597400
249117597638
249117601326
249117603319
249117605252
249117605911
249117606604
249117606649
249117606996
249117608712
249117608896
249117609782
249117611060
249117615618
249117615701
249117618044
249117618369
249117620005
249117621247
249117623584
249117623790
249117629342
249117630948
249117631042
249117640473
249117643938
249117644079
249117647136
249117649293
249117655551
249117660834
249117662266
249117663657
249117665058
249117667140
249117669547
249117669637
249117677923
249117680665
249117681045
249117682112
249117687905
249117692584
249117694101
249117699524
249117701701
249117702042
249117704856
249117705112
249117708290
249117709089
249117710016
249117713151
249117713355
249117714386
249117714733
249117716199
249117717545
249117717945
249117717964
249117718364
249117722352
249117726457
249117727784
249117730109
249117730430
249117733644
249117736243
249117739876
249117741959
249117742533
249117744117
249117744185
249117746151
249117750615
249117751499
249117752644
249117753231
249117755322
249117756372
249117763950
249117764244
249117764710
249117765457
249117767372
249117769361
249117769543
249117770754
249117774662
249117777930
249117779468
249117782226
249117782730
249117784198
249117785124
249117785473
249117788335
249117788977
249117791208
249117797996
249117802465
249117805039
249117806082
249117806542
249117810759
249117810871
249117811136
249117813329
249117814160
249117816433
249117821073
249117823621
249117823851
249117825758
249117827806
249117828194
249117828469
249117830658
249117832675
249117837777
249117842000
249117842134
249117844114
249117844262
249117844754
249117846059
249117848774
249117849630
249117853885
249117854065
249117854510
249117854518
249117854844
249117856245
249117860291
249117865807
249117865955
249117866023
249117868478
249117873594
249117873781
249117875471
249117876852
249117876943
249117878864
249117884628
249117890278
249117892050
249117897213
249117899726
249117904395
249117907679
249117908487
249117912543
249117916237
249117918420
249117919314
249117923322
249117925264
249117925309
249117926001
249117926198
249117926402
249117928324
249117928955
249117929683
249117930063
249117930161
249117931115
249117931561
249117931564
249117934818
249117940367
249117942362
249117942569
249117947558
249117949482
249117952011
249117953017
249117953210
249117957249
249117958693
249117958732
249117960699
249117963875
249117965400
249117966484
249117970263
249117973213
249117973262
249117973339
249117974194
249117978321
249117982077
249117985500
249117990052
249117990818
249117990945
249117994360
249117994428
249118001540
249118003961
249118012320
249118012638
249118013893
249118014895
249118015539
249118016298
249118019462
249118022063
249118023914
249118025554
249118025557
249118025959
249118029088
249118032973
249118033057
249118033090
249118034887
249118036930
249118037084
249118042310
249118043682
249118043965
249118045255
249118045793
249118045950
249118047367
249118047551
249118054423
249118054834
249118055039
249118056031
249118057570
249118057894
249118062929
249118065511
249118066035
249118066606
249118067508
249118068064
249118074098
249118074427
249118074603
249118075242
249118076585
249118079569
249118079979
249118080318
249118081168
249118081651
249118082067
249118082599
249118083429
249118085558
249118087487
249118090891
249118091068
249118093262
249118096334
249118097287
249118097488
249118098263
249118100444
249118100571
249118101049
249118105598
249118107935
249118107993
249118108099
249118108172
249118108850
249118111687
249118111761
249118113101
249118115490
249118115567
249118116935
249118117671
249118118339
249118119089
249118120067
249118123793
249118124943
249118130166
249118132739
249118134019
249118135003
249118138623
249118139305
249118141127
249118143641
249118145490
249118148137
249118148222
249118149905
249118151153
249118158923
249118159921
249118162849
249118164181
249118165553
249118165959
249118166429
249118167085
249118167559
249118167692
249118169754
249118179324
249118180288
249118180385
249118183018
249118189600
249118190160
249118190765
249118191008
249118191666
249118195364
249118196053
249118198086
249118198880
249118198977
249118199978
249118201066
249118202436
249118205073
249118206214
249118207317
249118207817
249118210182
249118211980
249118215001
249118215341
249118216080
249118221355
249118223538
249118223645
249118224555
249118224755
249118230077
249118230099
249118232795
249118233710
249118239105
249118241778
249118246398
249118246804
249118248686
249118248752
249118248921
249118249386
249118250248
249118251141
249118251337
249118252516
249118253547
249118259064
249118260163
249118260805
249118263213
249118264364
249118265968
249118267120
249118269777
249118270725
249118276226
249118278632
249118280999
249118281330
249118282647
249118284757
249118286024
249118290309
249118291234
249118291397
249118291902
249118292672
249118293610
249118294408
249118294730
249118295809
249118297390
249118298888
249118300867
249118302133
249118303170
249118307121
249118309178
249118311647
249118312397
249118316633
249118318729
249118319199
249118319392
249118321878
249118323009
249118327478
249118328005
249118330773
249118335413
249118336468
249118336670
249118337238
249118342360
249118343367
249118345504
249118346263
249118347014
249118354424
249118357944
249118360261
249118361068
249118361445
249118366254
249118369685
249118377077
249118379146
249118380920
249118383243
249118386725
249118390204
249118390921
249118391840
249118392412
249118394061
249118395479
249118396647
249118400493
249118400625
249118407433
249118407859
249118408403
249118408504
249118410934
249118413087
249118413953
249118414665
249118414685
249118416712
249118418765
249118420420
249118423144
249118425320
249118427705
249118427927
249118430732
249118433203
249118433408
249118435147
249118436049
249118436329
249118438734
249118439393
249118444066
249118453577
249118454205
249118454592
249118455354
249118456363
249118457085
249118458467
249118460397
249118461538
249118462973
249118464285
249118465734
249118467019
249118468200
249118473664
249118474636
249118475459
249118475859
249118475873
249118477144
249118479624
249118480138
249118481486
249118482345
249118485250
249118485450
249118486997
249118489499
249118490680
249118499594
249118502377
249118502730
249118504224
249118505959
249118507296
249118507602
249118512553
249118513461
249118515314
249118518324
249118520077
249118520100
249118520425
249118525272
249118527764
249118529989
249118533949
249118536635
249118536647
249118538001
249118541110
249118542277
249118542297
249118543841
249118547145
249118548800
249118549277
249118549992
249118550307
249118551285
249118553401
249118553518
249118553809
249118554916
249118559786
249118560490
249118562813
249118566870
249118567089
249118567444
249118568446
249118569371
249118575363
249118583331
249118583634
249118584163
249118584229
249118587691
249118591480
249118591667
249118592121
249118598215
249118598867
249118598922
249118599372
249118604693
249118609485
249118611246
249118611249
249118612010
249118612049
249118615716
249118617062
249118617101
249118618375
249118618443
249118619965
249118620118
249118622104
249118622134
249118622759
249118625616
249118636389
249118636907
249118637666
249118641855
249118642866
249118644282
249118647761
249118650461
249118652281
249118652677
249118654541
249118655458
249118657221
249118662752
249118664931
249118666590
249118672551
249118674728
249118675144
249118675417
249118682917
249118683155
249118684198
249118693711
249118694724
249118698348
249118701734
249118702255
249118703523
249118704225
249118705552
249118708163
249118708387
249118709559
249118709985
249118711657
249118712072
249118714004
249118715075
249118718558
249118723634
249118725409
249118726421
249118728635
249118729530
249118733121
249118736077
249118736428
249118738684
249118740686
249118742300
249118742592
249118743272
249118743593
249118744013
249118745673
249118749211
249118750707
249118752118
249118752522
249118756550
249118759892
249118763950
249118773742
249118773784
249118774510
249118774884
249118774941
249118775266
249118778385
249118778433
249118781119
249118782688
249118786136
249118786260
249118786817
249118790915
249118791677
249118792413
249118800804
249118800943
249118801373
249118802631
249118803431
249118805581
249118805605
249118807137
249118811133
249118811172
249118812660
249118814995
249118815630
249118816773
249118821322
249118826090
249118827348
249118830109
249118832896
249118834014
249118839625
249118840099
249118843436
249118844236
249118851080
249118851921
249118854445
249118855135
249118856139
249118858237
249118861624
249118865518
249118868343
249118872575
249118873474
249118874981
249118877189
249118887941
249118894891
249118898759
249118899872
249118900162
249118900432
249118901315
249118902561
249118905688
249118906689
249118908435
249118908795
249118909885
249118912119
249118915264
249118915532
249118929879
249118930515
249118931886
249118937022
249118938146
249118940680
249118943059
249118943065
249118943478
249118946372
249118946710
249118946926
249118947108
249118947579
249118947950
249118950168
249118950860
249118955881
249118958888
249118963489
249118966709
249118971108
249118972275
249118972457
249118972737
249118974093
249118974104
249118975248
249118982475
249118986829
249118990068
249118995765
249118999961
249119002182
249119005787
249119006074
249119007146
249119016965
249119022160
249119022189
249119029188
249119031514
249119032025
249119034934
249119036648
249119038585
249119038841
249119039641
249119039765
249119040432
249119041110
249119041174
249119042355
249119042460
249119049412
249119049972
249119052303
249119058114
249119058642
249119059090
249119065550
249119066127
249119069280
249119069678
249119072152
249119075670
249119077761
249119078297
249119086285
249119089851
249119091810
249119095212
249119096588
249119097599
249119099892
249119101341
249119102500
249119104258
249119105119
249119110396
249119112368
249119112724
249119113823
249119115779
249119116251
249119117240
249119122989
249119126635
249119127157
249119128902
249119132549
249119134345
249119138547
249119140673
249119143520
249119145551
249119152719
249119154062
249119156028
249119157096
249119157299
249119159736
249119160617
249119162323
249119163882
249119167126
249119168037
249119169748
249119179411
249119180756
249119181169
249119182559
249119184279
249119185487
249119186024
249119190764
249119193320
249119198747
249119200110
249119201318
249119203246
249119205827
249119206605
249119207440
249119208270
249119212196
249119212466
249119213483
249119213728
249119214022
249119215291
249119216747
249119220219
249119223129
249119229820
249119232145
249119239735
249119241525
249119244306
249119244777
249119245669
249119250631
249119251155
249119252529
249119256322
249119260073
249119263157
249119264105
249119264146
249119265679
249119265802
249119268104
249119269021
249119269773
249119269782
249119270309
249119270674
249119276079
249119279220
249119280053
249119280241
249119280348
249119283624
249119287101
249119288097
249119288251
249119289721
249119289726
249119292015
249119292567
249119294353
249119295442
249119299414
249119302147
249119302817
249119303511
249119308316
249119312208
249119314797
249119316544
249119316591
249119320537
249119323559
249119328642
249119328965
249119329269
249119329336
249119332814
249119333166
249119333728
249119335869
249119337398
249119344722
249119345606
249119346146
249119346953
249119349812
249119349854
249119349888
249119351370
249119354570
249119356553
249119363567
249119366418
249119366981
249119367819
249119372884
249119373587
249119375302
249119377364
249119377946
249119378726
249119379655
249119379701
249119379833
249119383779
249119385132
249119385405
249119385772
249119386648
249119388034
249119388408
249119390988
249119397302
249119397925
249119403296
249119406528
249119408032
249119414502
249119414520
249119415039
249119415721
249119416136
249119419605
249119419938
249119421616
249119422326
249119422388
249119422548
249119424297
249119424726
249119427197
249119429151
249119430987
249119431482
249119432228
249119432350
249119437654
249119438524
249119440329
249119442967
249119451083
249119451364
249119452755
249119453318
249119453859
249119453868
249119454025
249119458003
249119458567
249119458859
249119460045
249119460604
249119460633
249119465317
249119466358
249119467392
249119468682
249119470350
249119475720
249119476023
249119476651
249119477876
249119479372
249119480712
249119482268
249119483881
249119484728
249119486213
249119487338
249119487368
249119487758
249119489274
249119489518
249119495531
249119495668
249119497343
249119498570
249119499084
249119499091
249119499423
249119500570
249119516488
249119517090
249119517693
249119521636
249119521769
249119522538
249119525993
249119530647
249119531427
249119531903
249119533412
249119536087
249119536509
249119539327
249119545655
249119547166
249119548707
249119548871
249119555198
249119555994
249119557646
249119558011
249119558018
249119558937
249119559197
249119562081
249119562996
249119565554
249119566115
249119566910
249119568436
249119570252
249119571726
249119574956
249119575244
249119576053
249119576959
249119577778
249119579578
249119579807
249119580641
249119582075
249119582487
249119585746
249119586362
249119586706
249119587148
249119588329
249119588733
249119593723
249119596465
249119599221
249119599284
249119602166
249119603584
249119603971
249119606463
249119608693
249119615148
249119616067
249119618346
249119618420
249119618599
249119621912
249119622765
249119622802
249119623537
249119625793
249119626642
249119627827
249119627981
249119630446
249119631161
249119632206
249119632509
249119634074
249119637726
249119641329
249119641871
249119642553
249119643838
249119650292
249119650978
249119652881
249119654708
249119654882
249119656903
249119659745
249119660021
249119660991
249119661168
249119661252
249119661867
249119661995
249119662666
249119663858
249119664332
249119665025
249119668536
249119669506
249119670423
249119670684
249119672027
249119672377
249119672752
249119673008
249119675263
249119678451
249119678780
249119679797
249119680836
249119681393
249119686299
249119687260
249119689110
249119691116
249119691300
249119691511
249119691845
249119692770
249119694277
249119696575
249119696672
249119697171
249119699372
249119699803
249119699942
249119701240
249119703153
249119703416
249119703938
249119707366
249119707495
249119709273
249119711345
249119712574
249119714416
249119714427
249119715337
249119716429
249119717457
249119717476
249119717838
249119722987
249119725356
249119725371
249119725998
249119727194
249119727958
249119728613
249119730446
249119732504
249119733669
249119733883
249119733887
249119733903
249119735181
249119736904
249119737461
249119738180
249119738843
249119740860
249119742658
249119743968
249119745690
249119746348
249119747992
249119748092
249119749411
249119752022
249119752523
249119754180
249119757610
249119758075
249119758639
249119761987
249119763094
249119763286
249119763419
249119763432
249119764982
249119766954
249119767386
249119767721
249119768048
249119769145
249119769275
249119769967
249119769979
249119770925
249119771693
249119773254
249119777565
249119778786
249119780013
249119780400
249119780582
249119781065
249119783023
249119783182
249119787253
249119788979
249119790108
249119790611
249119792431
249119792535
249119793331
249119794028
249119795037
249119795270
249119795298
249119798534
249119799346
249119799950
249119804469
249119805677
249119809212
249119809717
249119811219
249119814300
249119817900
249119818206
249119823921
249119824537
249119825878
249119826879
249119826930
249119832782
249119835960
249119836484
249119838659
249119839342
249119840678
249119842021
249119842159
249119842890
249119845254
249119845559
249119846569
249119848567
249119848684
249119850290
249119850631
249119852166
249119852424
249119853429
249119854369
249119855721
249119860129
249119862706
249119869320
249119872147
249119875175
249119877921
249119878357
249119881972
249119882805
249119883626
249119884231
249119884304
249119889099
249119892963
249119894832
249119895016
249119896344
249119897979
249119898789
249119899286
249119899391
249119901537
249119901593
249119907068
249119911870
249119912027
249119914566
249119916335
249119916518
249119917047
249119920459
249119921380
249119921619
249119922001
249119923586
249119924655
249119924698
249119925735
249119926116
249119926517
249119926559
249119929372
249119929541
249119930564
249119930578
249119931074
249119935849
249119940928
249119941890
249119942908
249119943412
249119943507
249119944587
249119945190
249119948176
249119951408
249119951751
249119952709
249119953259
249119954990
249119955292
249119960262
249119961094
249119961322
249119961489
249119963414
249119963643
249119965417
249119970062
249119970434
249119972599
249119973630
249119974899
249119975031
249119975246
249119975423
249119979525
249119981215
249119981325
249119981411
249119981572
249119982504
249119982985
249119986765
249119987443
249119989704
249119989731
249119990957
249119992308
249119994260
249119994675
249119994798
249119995629
249119997084
249119999085
249119999114
249120006315
249120008021
249120012629
249120017022
249120029948
249120033016
249120033202
249120040000
249120040608
249120046366
249120046457
249120046717
249120049770
249120052743
249120056471
249120092050
249120113209
249120120263
249120120531
249120126118
249120131425
249120151487
249120153000
249120161206
249120162984
249120165333
249120166859
249120172303
249120180976
249120194798
249120194817
249120200600
249120201921
249120204148
249120205122
249120206563
249120208801
249120211204
249120220140
249120222769
249120231520
249120233728
249120235959
249120240622
249120252515
249120258156
249120258296
249120265210
249120271080
249120271101
249120271478
249120279686
249120280395
249120285919
249120286037
249120286980
249120287386
249120287542
249120289726
249120290250
249120297828
249120308912
249120311456
249120319347
249120321902
249120344045
249120345064
249120345556
249120347645
249120392691
249120392955
249120400280
249120400646
249120402225
249120402521
249120408121
249120411179
249120411952
249120411959
249120414811
249120416535
249120417468
249120423084
249120423326
249120423790
249120425421
249120430699
249120438171
249120457914
249120472059
249120473449
249120492507
249120498762
249120502307
249120502733
249120505821
249120506150
249120506568
249120507492
249120507554
249120513218
249120517156
249120521121
249120523332
249120533390
249120533611
249120535056
249120535455
249120537082
249120539527
249120539817
249120544464
249120551770
249120561147
249120572550
249120574165
249120577593
249120577745
249120577855
249120580927
249120581035
249120581567
249120581890
249120586756
249120589799
249120590023
249120591911
249120593234
249120594308
249120596925
249120598143
249120602899
249120611021
249120619912
249120624536
249120705686
249120705756
249120706261
249120710399
249120710421
249120712232
249120717594
249120718253
249120720004
249120720784
249120721558
249120722492
249120723854
249120726734
249120737414
249120738648
249120739133
249120739595
249120740135
249120745108
249120745421
249120761975
249120762457
249120769893
249120777909
249120790862
249120792034
249120792673
249120793535
249120802640
249120808680
249120811331
249120814581
249120816774
249120832180
249120833523
249120835049
249120838726
249120842088
249120847070
249120847430
249120870204
249120885745
249120889160
249120897991
249120915881
249120920355
249120923105
249120924373
249120927405
249120927818
249120927892
249120939168
249120941878
249120946631
249120948455
249120969295
249120973783
249120984198
249120989884
249120993863
249120994331
249120999187
249121003577
249121007822
249121009374
249121012921
249121018482
249121021217
249121021598
249121027491
249121037065
249121040217
249121041792
249121048378
249121049776
249121056797
249121058371
249121062119
249121064672
249121065779
249121068803
249121083400
249121090911
249121102677
249121107539
249121108604
249121110745
249121111374
249121112269
249121118108
249121119643
249121125572
249121134480
249121144151
249121155396
249121155656
249121155967
249121156916
249121163226
249121164187
249121167626
249121167793
249121168487
249121171574
249121185598
249121186580
249121193781
249121198499
249121199315
249121206968
249121207285
249121210056
249121210964
249121213884
249121216447
249121216932
249121220539
249121222666
249121228784
249121230091
249121246758
249121247777
249121248032
249121254375
249121261016
249121264063
249121264497
249121264820
249121265121
249121265727
249121266028
249121266858
249121268533
249121270369
249121274760
249121275368
249121282151
249121285746
249121290505
249121291156
249121294328
249121297585
249121299159
249121311830
249121314025
249121319327
249121319419
249121320160
249121321255
249121321760
249121323335
249121323682
249121332590
249121333802
249121336677
249121337940
249121341387
249121345178
249121349250
249121350751
249121350787
249121352519
249121356379
249121357788
249121358888
249121362505
249121362604
249121362913
249121363073
249121363890
249121366982
249121367218
249121367311
249121371026
249121373403
249121376128
249121383999
249121384356
249121385033
249121393117
249121395347
249121396577
249121401006
249121401718
249121409839
249121410197
249121412291
249121427858
249121439062
249121441232
249121441304
249121441757
249121442696
249121444461
249121445486
249121450106
249121457148
249121457600
249121457861
249121458890
249121462913
249121463332
249121466294
249121471218
249121479977
249121483767
249121490709
249121499214
249121500843
249121500927
249121501398
249121510675
249121512444
249121514042
249121514633
249121521371
249121526624
249121527374
249121529389
249121532887
249121540538
249121544179
249121544421
249121549921
249121553488
249121575908
249121578006
249121586358
249121589080
249121589868
249121594634
249121595215
249121596995
249121598515
249121599104
249121601655
249121605245
249121607070
249121607911
249121610109
249121611588
249121613530
249121617082
249121624838
249121625534
249121626662
249121628384
249121630407
249121638149
249121640059
249121649276
249121651235
249121655657
249121657440
249121658126
249121659636
249121660139
249121660641
249121663109
249121667705
249121669278
249121671535
249121672614
249121673009
249121674067
249121674639
249121676229
249121676715
249121677703
249121682653
249121683892
249121684242
249121690646
249121692377
249121694697
249121695857
249121698098
249121710655
249121711013
249121711741
249121718943
249121722486
249121723519
249121731908
249121734707
249121735520
249121739621
249121740667
249121744593
249121750078
249121751085
249121752690
249121758999
249121772657
249121778974
249121782255
249121782544
249121782848
249121784591
249121784729
249121790886
249121797235
249121798593
249121806726
249121808053
249121809951
249121821894
249121821918
249121825170
249121827014
249121828076
249121828526
249121833417
249121835325
249121837302
249121839844
249121840088
249121840606
249121843743
249121847792
249121849043
249121850545
249121853323
249121853444
249121861166
249121861681
249121869556
249121872192
249121875679
249121879747
249121882852
249121882916
249121884078
249121888394
249121888560
249121893430
249121895954
249121900673
249121901668
249121901841
249121903145
249121903368
249121904932
249121905526
249121909589
249121915370
249121915492
249121917207
249121918741
249121920088
249121921659
249121923049
249121924642
249121925076
249121925808
249121927927
249121928091
249121930608
249121932690
249121935655
249121936420
249121939025
249121941552
249121942611
249121942642
249121944443
249121953028
249121955131
249121957574
249121984840
249121988144
249121990678
249121991301
249121993193
249121993675
249121998794
249121999865
249122001774
249122002790
249122003315
249122007469
249122009468
249122010893
249122015575
249122015967
249122022515
249122028215
249122028216
249122030053
249122033381
249122034245
249122037979
249122039878
249122039883
249122041019
249122043352
249122044344
249122044826
249122055040
249122056310
249122060846
249122064603
249122066767
249122066899
249122067598
249122068218
249122068686
249122070113
249122070364
249122076540
249122076591
249122077340
249122077460
249122079479
249122086876
249122088855
249122093507
249122099206
249122100124
249122105377
249122112747
249122119724
249122122166
249122128158
249122128376
249122133523
249122137838
249122140641
249122147208
249122148095
249122151417
249122152356
249122159381
249122161292
249122161679
249122165868
249122166680
249122168454
249122176659
249122177064
249122177135
249122177510
249122177938
249122179904
249122180008
249122180088
249122180342
249122182280
249122183672
249122184681
249122187428
249122192999
249122193111
249122197418
249122197902
249122200180
249122203176
249122205418
249122210107
249122212288
249122212483
249122219092
249122220159
249122220542
249122222777
249122225100
249122226401
249122229666
249122230560
249122231795
249122231905
249122233402
249122234533
249122239097
249122239740
249122244222
249122246612
249122248330
249122250369
249122261910
249122264414
249122267754
249122285013
249122286199
249122289910
249122290100
249122292942
249122293100
249122294067
249122296196
249122298846
249122302386
249122308520
249122309367
249122312562
249122323438
249122332745
249122341423
249122341455
249122349773
249122349825
249122353692
249122355468
249122357678
249122360147
249122360213
249122365559
249122369339
249122380850
249122380999
249122385760
249122392334
249122393631
249122398080
249122399045
249122402195
249122403510
249122403515
249122403996
249122417979
249122419538
249122424740
249122430534
249122432345
249122435453
249122435574
249122445460
249122448741
249122461182
249122469600
249122471221
249122473803
249122474241
249122480103
249122480667
249122481474
249122482200
249122482223
249122488816
249122494745
249122507881
249122509771
249122512855
249122512899
249122519181
249122521689
249122522877
249122527957
249122528865
249122529204
249122530008
249122530142
249122530838
249122531681
249122534666
249122536273
249122541279
249122545648
249122547794
249122548254
249122549879
249122550007
249122550520
249122559988
249122561575
249122561749
249122565299
249122567275
249122568233
249122570443
249122574963
249122575063
249122575643
249122577081
249122586272
249122591204
249122599598
249122602003
249122607275
249122610232
249122610760
249122614234
249122616874
249122617760
249122618274
249122621057
249122623833
249122627033
249122629648
249122634520
249122637777
249122638678
249122644026
249122647046
249122647760
249122649209
249122649618
249122662710
249122663935
249122665472
249122667155
249122669343
249122670842
249122675438
249122677724
249122678000
249122681062
249122683718
249122697749
249122700741
249122701600
249122703853
249122706323
249122712787
249122721330
249122721555
249122721657
249122739090
249122739440
249122741193
249122752479
249122753797
249122755687
249122760567
249122761949
249122767073
249122767646
249122777980
249122779917
249122784204
249122785277
249122789606
249122791834
249122793398
249122793986
249122794689
249122798595
249122798944
249122799799
249122800093
249122810160
249122811064
249122811658
249122811880
249122812354
249122813065
249122815111
249122818102
249122818400
249122826807
249122830562
249122834453
249122836486
249122837575
249122845464
249122846084
249122848196
249122848435
249122849871
249122851615
249122855806
249122862440
249122865163
249122868396
249122868677
249122869501
249122871835
249122882472
249122884970
249122885525
249122886845
249122888535
249122890471
249122891891
249122894758
249122898086
249122900793
249122901077
249122901135
249122902490
249122902846
249122902909
249122903876
249122903906
249122909458
249122910386
249122911611
249122912342
249122919919
249122922424
249122923975
249122925224
249122928080
249122929214
249122932516
249122941333
249122946436
249122946761
249122954294
249122955593
249122959295
249122962873
249122964838
249122964898
249122968863
249122969251
249122973653
249122977722
249122979310
249122981900
249122983781
249122984375
249122991303
249122996088
249122997050
249122997665
249122998348
249122999015
249122999521
249123000605
249123002881
249123003727
249123003910
249123004547
249123005145
249123006741
249123009500
249123013592
249123020596
249123023235
249123023754
249123023780
249123026696
249123028991
249123029210
249123031002
249123035352
249123036515
249123036737
249123038117
249123040488
249123043727
249123044004
249123046355
249123048606
249123048743
249123051930
249123053814
249123055653
249123058492
249123069611
249123070307
249123072121
249123077136
249123081805
249123083354
249123085929
249123091216
249123095485
249123098398
249123098975
249123100460
249123101945
249123102816
249123108744
249123109894
249123110487
249123110620
249123111048
249123111873
249123118019
249123118803
249123118866
249123119938
249123129301
249123129749
249123130156
249123133532
249123133993
249123136699
249123138837
249123139210
249123140240
249123144537
249123146061
249123149364
249123151474
249123152943
249123160363
249123165016
249123165582
249123165692
249123166055
249123166832
249123170551
249123171633
249123172130
249123173649
249123174433
249123174725
249123177388
249123177820
249123178228
249123178952
249123184173
249123184550
249123185660
249123188882
249123195298
249123201244
249123202222
249123204280
249123204537
249123206565
249123207007
249123212494
249123213750
249123215777
249123224033
249123225620
249123230533
249123234200
249123237457
249123238620
249123240281
249123241340
249123244350
249123245425
249123257002
249123264445
249123265007
249123266271
249123266605
249123269841
249123269913
249123277916
249123278751
249123280204
249123282783
249123282825
249123290286
249123299627
249123303733
249123304322
249123311634
249123313663
249123314864
249123319800
249123322101
249123323259
249123324037
249123331942
249123334409
249123340859
249123342000
249123344443
249123345432
249123347437
249123347886
249123349117
249123349483
249123351474
249123353595
249123355480
249123357000
249123358925
249123363664
249123367056
249123369461
249123372452
249123374636
249123375005
249123378422
249123383268
249123387094
249123399527
249123405381
249123411163
249123413456
249123415859
249123416230
249123417769
249123418772
249123420471
249123421465
249123421477
249123421488
249123422157
249123430655
249123435713
249123436561
249123450019
249123452205
249123453246
249123453737
249123455534
249123457931
249123460604
249123463934
249123474121
249123475057
249123476000
249123477977
249123480191
249123480450
249123490029
249123494088
249123494501
249123494558
249123497091
249123497128
249123497877
249123498274
249123502540
249123507366
249123523111
249123525346
249123527253
249123528352
249123533378
249123538531
249123540144
249123545023
249123545202
249123545390
249123551392
249123559252
249123561591
249123561854
249123575457
249123577957
249123581755
249123584717
249123585965
249123588553
249123588695
249123594356
249123595699
249123600733
249123604029
249123604042
249123604420
249123606851
249123609877
249123622276
249123636628
249123637479
249123639640
249123639937
249123644642
249123646709
249123652951
249123657702
249123657907
249123660082
249123661199
249123665163
249123665832
249123666138
249123666849
249123667642
249123668204
249123669355
249123682005
249123688418
249123694921
249123696700
249123698118
249123699912
249123701447
249123702900
249123708055
249123709791
249123710094
249123710904
249123711826
249123711997
249123713339
249123714680
249123716355
249123716648
249123721197
249123722119
249123722375
249123722999
249123723089
249123727159
249123734319
249123736552
249123737864
249123739510
249123740715
249123742211
249123742590
249123743101
249123746232
249123748386
249123750102
249123751938
249123752618
249123752850
249123756073
249123758042
249123760009
249123760020
249123760602
249123764482
249123765315
249123765349
249123767197
249123767207
249123770741
249123774021
249123774315
249123774934
249123774999
249123775291
249123777000
249123781960
249123783119
249123784566
249123790963
249123793121
249123798850
249123799989
249123801139
249123801284
249123802776
249123806947
249123807965
249123808149
249123814410
249123817032
249123817547
249123819404
249123822344
249123822845
249123830192
249123830900
249123831151
249123831299
249123836774
249123836862
249123842066
249123842797
249123844283
249123846027
249123846336
249123846944
249123847303
249123847511
249123850147
249123851852
249123853690
249123853759
249123855711
249123856220
249123858671
249123858942
249123861055
249123861255
249123863550
249123865835
249123868519
249123869289
249123873755
249123874814
249123876826
249123877802
249123878780
249123879237
249123880600
249123881311
249123884848
249123885545
249123886225
249123886682
249123887524
249123888617
249123889678
249123890755
249123891552
249123894742
249123895691
249123899166
249123899350
249123899708
249123902058
249123905151
249123906861
249123907474
249123908977
249123924928
249123934320
249123938633
249123939491
249123940308
249123940744
249123943383
249123944646
249123949199
249123952802
249123953963
249123958683
249123960450
249123961847
249123967670
249123978752
249123979811
249123981236
249123982044
249123984850
249123986363
249123988704
249123997331
249123998425
249124000062
249124003878
249124005448
249124007624
249124013640
249124014779
249124016399
249124018364
249124020756
249124020999
249124021913
249124022463
249124025153
249124026127
249124026275
249124028489
249124029824
249124038913
249124041610
249124041979
249124045504
249124047333
249124050200
249124055429
249124056283
249124058693
249124059044
249124060038
249124062025
249124063476
249124065137
249124065664
249124067380
249124068835
249124072202
249124072672
249124074812
249124074965
249124084779
249124091231
249124094442
249124095193
249124098538
249124103568
249124108341
249124110333
249124110778
249124115817
249124119014
249124121129
249124122348
249124126228
249124128669
249124129003
249124129729
249124134121
249124135335
249124135783
249124138572
249124141789
249124142127
249124147198
249124148025
249124148911
249124153045
249124154163
249124156252
249124157315
249124158606
249124163252
249124163678
249124164223
249124165283
249124168065
249124170022
249124172153
249124175539
249124175670
249124176160
249124177484
249124179284
249124180732
249124181062
249124183557
249124186951
249124200528
249124200722
249124205918
249124206740
249124214106
249124214525
249124216040
249124221615
249124222025
249124222111
249124223749
249124224571
249124228452
249124231349
249124234024
249124235398
249124235410
249124235652
249124239101
249124239530
249124241506
249124241684
249124244136
249124246073
249124246138
249124248108
249124251525
249124252236
249124252680
249124253452
249124257251
249124261818
249124266354
249124266435
249124278731
249124279626
249124280015
249124281401
249124282225
249124283233
249124284413
249124285294
249124285816
249124288675
249124289067
249124292230
249124295428
249124297582
249124298782
249124299539
249124300433
249124303315
249124305191
249124307047
249124307537
249124310522
249124312376
249124313599
249124313619
249124318114
249124319250
249124322025
249124324326
249124327457
249124327531
249124328466
249124329720
249124331363
249124332322
249124332910
249124335490
249124337223
249124338251
249124340653
249124342424
249124344190
249124344860
249124345552
249124348738
249124349088
249124349406
249124349756
249124351061
249124351085
249124354387
249124355547
249124355601
249124358600
249124365108
249124367299
249124373231
249124374825
249124375304
249124380098
249124381562
249124383656
249124385009
249124386797
249124388937
249124390132
249124393628
249124395810
249124400456
249124408089
249124408838
249124409272
249124409435
249124410196
249124410345
249124410941
249124411600
249124412139
249124412284
249124416528
249124416696
249124423832
249124428547
249124431370
249124431937
249124438777
249124440339
249124441843
249124442958
249124445008
249124455326
249124455763
249124457444
249124458704
249124460626
249124470330
249124473856
249124476189
249124479873
249124483200
249124484871
249124488071
249124489164
249124489205
249124490479
249124492288
249124494379
249124499246
249124506756
249124506833
249124510290
249124511646
249124513061
249124513135
249124517154
249124517339
249124525222
249124531145
249124533117
249124535348
249124537198
249124538510
249124546556
249124551438
249124551833
249124553470
249124554913
249124558225
249124564003
249124564315
249124566824
249124568813
249124571333
249124573470
249124573685
249124575739
249124578161
249124581362
249124582931
249124584203
249124584601
249124587224
249124589320
249124590413
249124592145
249124593296
249124596235
249124600513
249124601348
249124601802
249124605170
249124605592
249124606909
249124607046
249124607116
249124608516
249124609499
249124612558
249124612698
249124613139
249124616136
249124616733
249124618050
249124620793
249124624203
249124630610
249124632043
249124639238
249124640055
249124642264
249124649132
249124649802
249124649933
249124650335
249124652546
249124653447
249124657145
249124659261
249124661260
249124662328
249124664117
249124679426
249124683532
249124695023
249124695904
249124696431
249124697571
249124698235
249124698247
249124700338
249124702640
249124702806
249124702957
249124703227
249124703781
249124704181
249124706191
249124706694
249124708665
249124710969
249124713684
249124713833
249124714982
249124716037
249124716912
249124720934
249124723660
249124730155
249124731389
249124732773
249124733272
249124735102
249124740440
249124740487
249124741432
249124745089
249124746012
249124749581
249124749693
249124751079
249124755621
249124755936
249124757558
249124758414
249124762841
249124764025
249124766791
249124768096
249124769998
249124773278
249124773776
249124774759
249124776206
249124778811
249124778837
249124779081
249124783218
249124783673
249124785855
249124790665
249124790711
249124791807
249124792391
249124794638
249124795554
249124796760
249124798721
249124799113
249124800041
249124805589
249124806050
249124806103
249124806435
249124809087
249124809619
249124809891
249124811908
249124813383
249124814499
249124815655
249124816410
249124818212
249124821305
249124823044
249124823522
249124825212
249124826023
249124827743
249124827745
249124831675
249124833889
249124834675
249124835172
249124837113
249124846749
249124846800
249124848022
249124848037
249124848499
249124852405
249124853643
249124854540
249124856366
249124860788
249124861558
249124861796
249124864516
249124865031
249124869611
249124869858
249124870914
249124871376
249124876513
249124877871
249124878354
249124879865
249124880689
249124881130
249124882042
249124887600
249124888273
249124889728
249124894994
249124897078
249124897521
249124898291
249124898499
249124899117
249124903455
249124907663
249124912452
249124912557
249124922216
249124923852
249124924498
249124928191
249124929003
249124932327
249124932625
249124933228
249124934662
249124936354
249124942242
249124942634
249124944069
249124947029
249124950757
249124951330
249124953778
249124956256
249124957336
249124958049
249124959854
249124960726
249124961020
249124962821
249124969200
249124969979
249124974652
249124974893
249124977960
249124979425
249124979509
249124981315
249124981663
249124988375
249124988476
249124990407
249124991219
249124995528
249124995828
249124999720
249125005463
249125010354
249125013353
249125015604
249125016260
249125017382
249125017586
249125019436
249125021008
249125021449
249125023016
249125026830
249125029690
249125030875
249125036117
249125038206
249125038279
249125041207
249125042146
249125043801
249125048981
249125049605
249125050392
249125052907
249125058207
249125062125
249125072590
249125079057
249125082020
249125085753
249125086204
249125088962
249125090849
249125098087
249125100213
249125100634
249125104973
249125106789
249125108455
249125108863
249125109055
249125110871
249125111298
249125112217
249125113009
249125115451
249125119959
249125121018
249125124529
249125125467
249125125633
249125126589
249125127745
249125130415
249125133336
249125134590
249125140393
249125141095
249125141738
249125141876
249125144202
249125144237
249125147710
249125148179
249125149956
249125152166
249125152226
249125152633
249125159794
249125159881
249125161646
249125162305
249125164513
249125166915
249125167509
249125168558
249125174841
249125175105
249125177252
249125178019
249125181350
249125181360
249125181894
249125183151
249125184132
249125185088
249125187009
249125192453
249125192466
249125194384
249125194795
249125194903
249125197143
249125197552
249125198606
249125198797
249125199783
249125200860
249125201991
249125202155
249125203823
249125203872
249125206827
249125207907
249125208389
249125210999
249125211031
249125211909
249125212303
249125212431
249125213305
249125214335
249125215580
249125216250
249125218115
249125219282
249125222109
249125230297
249125231287
249125231843
249125234555
249125234795
249125235727
249125235852
249125236221
249125239111
249125240237
249125241446
249125241950
249125242470
249125242472
249125244421
249125245024
249125246847
249125248101
249125248576
249125250826
249125256011
249125264621
249125264814
249125271274
249125271817
249125272198
249125272884
249125277224
249125280028
249125284441
249125285989
249125288993
249125291415
249125295958
249125296901
249125297576
249125297733
249125300296
249125301044
249125306390
249125308029
249125311230
249125313739
249125314494
249125315165
249125317963
249125318204
249125320283
249125320301
249125326124
249125327221
249125327772
249125329617
249125333423
249125334776
249125334978
249125335226
249125336753
249125342700
249125347043
249125353550
249125356447
249125361185
249125363183
249125365101
249125369472
249125370256
249125370377
249125371292
249125372739
249125374217
249125376722
249125378083
249125379481
249125379847
249125380725
249125382083
249125382227
249125382597
249125384113
249125385041
249125386148
249125387082
249125387422
249125389267
249125389738
249125390623
249125394582
249125398529
249125399189
249125400067
249125401317
249125402353
249125405064
249125405457
249125406659
249125411234
249125411874
249125412553
249125412689
249125413669
249125413809
249125414662
249125416336
249125418122
249125419216
249125421581
249125422840
249125429061
249125429203
249125432224
249125432971
249125434580
249125436185
249125437129
249125444517
249125444679
249125448052
249125453838
249125458292
249125459988
249125460259
249125466241
249125466393
249125466469
249125466776
249125470567
249125471504
249125475009
249125475149
249125478836
249125478863
249125481811
249125483044
249125483664
249125485771
249125489204
249125493854
249125495524
249125497800
249125498558
249125501468
249125502461
249125502518
249125505530
249125506458
249125507178
249125507222
249125507958
249125508797
249125510400
249125512157
249125512565
249125516188
249125516658
249125516846
249125517287
249125517314
249125521414
249125523527
249125524471
249125525172
249125528160
249125533675
249125534957
249125535424
249125537254
249125539611
249125542439
249125544840
249125546432
249125548272
249125548352
249125549636
249125549909
249125550603
249125550752
249125551174
249125552165
249125552558
249125553504
249125554256
249125554730
249125555562
249125557160
249125558184
249125561232
249125561401
249125561684
249125563542
249125564236
249125564857
249125565277
249125565389
249125565416
249125567972
249125569476
249125570643
249125570662
249125571438
249125572262
249125572386
249125572498
249125574057
249125575141
249125576984
249125579681
249125579828
249125583669
249125583971
249125585721
249125586942
249125588834
249125589862
249125590083
249125590700
249125591172
249125592079
249125592622
249125593248
249125595311
249125596171
249125596765
249125597232
249125598125
249125598184
249125600047
249125600771
249125601674
249125602969
249125603573
249125605902
249125605969
249125606929
249125610089
249125610328
249125614019
249125615120
249125616891
249125622299
249125623083
249125623666
249125623996
249125624312
249125624955
249125628832
249125631193
249125633078
249125634561
249125635029
249125639339
249125642861
249125645421
249125652978
249125655206
249125655869
249125656463
249125656845
249125662790
249125663116
249125664388
249125669878
249125671290
249125671846
249125671878
249125674006
249125684750
249125688235
249125692943
249125693897
249125694312
249125694493
249125694775
249125696762
249125698284
249125698291
249125698695
249125699134
249125700848
249125701463
249125705800
249125708790
249125710401
249125714144
249125714262
249125716192
249125723082
249125723867
249125727521
249125728634
249125728965
249125730383
249125732842
249125733897
249125735299
249125738019
249125739803
249125739968
249125739986
249125740611
249125740989
249125741150
249125742211
249125742465
249125743743
249125745174
249125749310
249125749569
249125750032
249125750450
249125751435
249125753835
249125756101
249125756919
249125761739
249125761899
249125765597
249125766043
249125767316
249125767540
249125767661
249125775645
249125783310
249125788861
249125789898
249125793495
249125794063
249125794789
249125795589
249125799702
249125800228
249125802262
249125802355
249125803577
249125804488
249125804999
249125809408
249125814125
249125815398
249125816927
249125817158
249125817964
249125822587
249125825297
249125825350
249125828409
249125828996
249125829026
249125831500
249125832297
249125836496
249125836959
249125840582
249125841570
249125842742
249125846191
249125847739
249125848796
249125849340
249125849725
249125852524
249125853352
249125854566
249125855839
249125860385
249125862606
249125863058
249125863849
249125864445
249125867511
249125870737
249125872135
249125872407
249125873081
249125873444
249125874196
249125877288
249125877521
249125878140
249125879323
249125881359
249125883231
249125886190
249125887604
249125892003
249125893118
249125895767
249125897146
249125897999
249125898146
249125898928
249125900305
249125900590
249125900775
249125901094
249125901277
249125902188
249125902570
249125904026
249125904091
249125905491
249125907099
249125907303
249125908877
249125909277
249125910042
249125911571
249125912455
249125913045
249125914932
249125915565
249125916905
249125917523
249125917921
249125920331
249125920531
249125922187
249125926774
249125930864
249125931760
249125933701
249125934853
249125935014
249125935669
249125937015
249125938211
249125941244
249125944798
249125944805
249125944906
249125949064
249125950809
249125951486
249125952792
249125954293
249125955678
249125956233
249125956238
249125956478
249125958578
249125958632
249125959216
249125960520
249125962637
249125962709
249125966157
249125966830
249125967698
249125967815
249125968338
249125969847
249125971325
249125972054
249125972357
249125973132
249125973948
249125975099
249125975314
249125975469
249125978048
249125979152
249125981548
249125981601
249125981986
249125982171
249125982287
249125983707
249125984437
249125985521
249125988623
249125988640
249125992532
249125995170
249125995320
249125995631
249125998338
249125999420
249126003533
249126005844
249126005878
249126006771
249126008855
249126011133
249126013732
249126013746
249126013807
249126014749
249126014867
249126014941
249126015969
249126021220
249126023144
249126024402
249126024719
249126024899
249126030208
249126031813
249126031841
249126031882
249126032824
249126033630
249126033951
249126034322
249126039439
249126040012
249126044475
249126045266
249126045928
249126050067
249126051631
249126052599
249126055186
249126055423
249126055678
249126055894
249126056615
249126056692
249126058707
249126058886
249126060168
249126060325
249126062361
249126063072
249126063856
249126064258
249126065382
249126066807
249126067062
249126067097
249126067547
249126070107
249126070391
249126070506
249126071928
249126075689
249126076728
249126077186
249126079409
249126079991
249126080640
249126081337
249126081617
249126083032
249126085914
249126086357
249126087978
249126088195
249126088305
249126090392
249126091309
249126091772
249126096247
249126096254
249126096322
249126096630
249126099796
249126104594
249126107146
249126113724
249126116264
249126119887
249126122911
249126124754
249126125784
249126127063
249126128943
249126130550
249126130883
249126131867
249126132134
249126144514
249126146145
249126147197
249126148660
249126150053
249126153778
249126153896
249126156018
249126157058
249126159537
249126162286
249126164761
249126165257
249126167083
249126169436
249126173238
249126173620
249126176787
249126178230
249126179757
249126184748
249126185871
249126190253
249126191582
249126192075
249126197260
249126200857
249126201954
249126202699
249126204683
249126208655
249126218766
249126223009
249126227649
249126231033
249126231375
249126238070
249126241670
249126242503
249126245354
249126247401
249126249237
249126249312
249126252754
249126253031
249126253430
249126254066
249126254235
249126255817
249126260077
249126261241
249126261632
249126264300
249126264336
249126264579
249126266585
249126266737
249126267681
249126268840
249126269036
249126272017
249126272504
249126278993
249126279830
249126279849
249126280142
249126280294
249126282889
249126283801
249126283838
249126286423
249126288131
249126289304
249126289537
249126290953
249126291632
249126295049
249126295093
249126298171
249126299434
249126302575
249126302939
249126303020
249126305134
249126305485
249126306227
249126307168
249126307509
249126307510
249126309293
249126310032
249126311306
249126315621
249126316124
249126316727
249126317021
249126318374
249126324905
249126326062
249126333362
249126336528
249126337734
249126340625
249126340736
249126341084
249126346171
249126349468
249126352129
249126353734
249126354655
249126356641
249126362219
249126362791
249126363461
249126367477
249126368426
249126369089
249126370947
249126373248
249126374764
249126376503
249126380675
249126382982
249126386938
249126394202
249126396890
249126399900
249126402230
249126402576
249126404668
249126407251
249126407654
249126408538
249126410854
249126413362
249126414520
249126415362
249126417051
249126418480
249126418903
249126423386
249126424495
249126424720
249126425341
249126425733
249126425767
249126428620
249126430180
249126431655
249126432108
249126433037
249126434296
249126434531
249126435436
249126436969
249126437480
249126438688
249126438873
249126441154
249126441578
249126441785
249126442239
249126442735
249126446404
249126448003
249126448021
249126448132
249126448196
249126448257
249126449964
249126451295
249126451403
249126451697
249126452606
249126453249
249126454575
249126455821
249126456256
249126457045
249126459277
249126461189
249126461812
249126461904
249126462134
249126465902
249126467794
249126468308
249126468991
249126469314
249126470429
249126471436
249126471886
249126472332
249126472604
249126473948
249126474994
249126480426
249126480732
249126485325
249126486038
249126487302
249126492519
249126493946
249126498063
249126498447
249126499401
249126500819
249126501558
249126503129
249126503787
249126507911
249126508397
249126509580
249126514329
249126514771
249126517597
249126518699
249126519748
249126520878
249126522933
249126523037
249126523954
249126525170
249126525899
249126526468
249126528155
249126530876
249126533272
249126534289
249126535225
249126538019
249126539542
249126545477
249126546406
249126547062
249126548180
249126548942
249126551601
249126551935
249126553765
249126555505
249126557496
249126558258
249126559116
249126562830
249126562912
249126564156
249126567697
249126568903
249126572780
249126573921
249126578304
249126578356
249126581411
249126586509
249126589176
249126589779
249126591379
249126592913
249126596341
249126598598
249126600044
249126601117
249126601580
249126601854
249126602689
249126603045
249126603907
249126604287
249126604311
249126605432
249126610077
249126614840
249126617382
249126618507
249126619511
249126619624
249126620583
249126621582
249126624645
249126625786
249126626168
249126626940
249126628884
249126631168
249126633535
249126636223
249126638084
249126638857
249126643590
249126645012
249126645520
249126645647
249126646246
249126648871
249126650488
249126654941
249126656202
249126657085
249126657732
249126661498
249126663249
249126664384
249126666866
249126674168
249126674240
249126676630
249126686172
249126694541
249126694568
249126697177
249126701164
249126704179
249126704305
249126708569
249126710833
249126713351
249126714679
249126715773
249126718399
249126720899
249126725102
249126727553
249126729221
249126734517
249126734518
249126734528
249126735146
249126738016
249126739897
249126745960
249126746609
249126747430
249126753729
249126756900
249126757442
249126761088
249126765541
249126770670
249126772278
249126772735
249126773255
249126775590
249126776228
249126777224
249126785507
249126787066
249126788695
249126788932
249126789530
249126790049
249126793892
249126798335
249126798852
249126802287
249126806116
249126806997
249126807490
249126810241
249126812399
249126818220
249126818996
249126824147
249126824575
249126824621
249126827827
249126832398
249126835889
249126835913
249126837476
249126837519
249126838783
249126845862
249126845889
249126849683
249126861475
249126861936
249126863158
249126869789
249126869833
249126871901
249126872486
249126879477
249126880163
249126882617
249126884242
249126886593
249126888608
249126889442
249126893383
249126894481
249126896658
249126896757
249126897062
249126899003
249126899035
249126899686
249126903606
249126907913
249126907943
249126911596
249126912002
249126915487
249126917580
249126922440
249126922962
249126924781
249126927533
249126927695
249126930558
249126931272
249126932585
249126932915
249126934111
249126935599
249126935796
249126936818
249126936940
249126940455
249126942851
249126944860
249126945805
249126945847
249126947629
249126947662
249126949604
249126951112
249126952090
249126952506
249126954578
249126955287
249126958322
249126960024
249126963079
249126964364
249126964718
249126966011
249126968525
249126968623
249126970658
249126970668
249126971040
249126971756
249126972947
249126973013
249126973145
249126976834
249126980358
249126983569
249126988450
249126989664
249126991985
249126992429
249126995284
249126996677
249126998182
249126999919
249127007293
249127009196
249127010056
249127010921
249127011308
249127011624
249127012722
249127013487
249127013739
249127014409
249127016065
249127016343
249127019448
249127020944
249127025116
249127025464
249127029043
249127029265
249127031661
249127031724
249127031881
249127034216
249127034724
249127037026
249127038780
249127039845
249127040243
249127040704
249127042182
249127043860
249127044143
249127045137
249127046337
249127046485
249127049471
249127052642
249127054045
249127055508
249127056445
249127059416
249127060005
249127061619
249127062785
249127064275
249127066827
249127070419
249127071004
249127072483
249127073513
249127075618
249127078503
249127080155
249127086133
249127086898
249127087747
249127091525
249127091550
249127098128
249127098471
249127100572
249127101574
249127103492
249127105670
249127111642
249127112597
249127113909
249127114928
249127119092
249127121449
249127122124
249127122241
249127128339
249127130797
249127132644
249127132770
249127134022
249127135133
249127137269
249127143551
249127144772
249127144896
249127154205
249127154474
249127155601
249127161900
249127164577
249127165200
249127165276
249127171189
249127174877
249127176927
249127177965
249127178986
249127180161
249127180490
249127182657
249127184070
249127185125
249127186882
249127187247
249127187567
249127189342
249127192807
249127194359
249127194396
249127195489
249127196938
249127197929
249127202535
249127205408
249127205736
249127205757
249127207037
249127207966
249127207977
249127209424
249127210108
249127210824
249127211434
249127211625
249127212530
249127214203
249127216058
249127216928
249127217982
249127219212
249127221454
249127228460
249127233071
249127233468
249127238885
249127240848
249127241120
249127242692
249127245082
249127245153
249127249417
249127250056
249127255316
249127257130
249127257265
249127264901
249127266280
249127266458
249127268451
249127270514
249127271351
249127271423
249127274097
249127275015
249127275962
249127276137
249127278911
249127280529
249127281047
249127281480
249127283306
249127283717
249127285207
249127295913
249127296617
249127299580
249127300688
249127301095
249127303342
249127308181
249127311215
249127311329
249127312180
249127313068
249127314869
249127314990
249127316334
249127322204
249127325537
249127328490
249127329000
249127331873
249127332520
249127333163
249127334676
249127334787
249127342600
249127342912
249127344027
249127347422
249127349923
249127353885
249127355987
249127356222
249127356535
249127356612
249127360837
249127365342
249127367470
249127367709
249127367923
249127369133
249127371176
249127372428
249127373824
249127378106
249127381638
249127382503
249127382741
249127384448
249127384543
249127384940
249127386987
249127386998
249127387331
249127390441
249127391287
249127401660
249127402048
249127404633
249127406650
249127409905
249127411455
249127416841
249127421138
249127423029
249127429660
249127430588
249127434314
249127434496
249127436475
249127437359
249127438829
249127440223
249127442729
249127443413
249127443421
249127444033
249127446995
249127449797
249127449802
249127451656
249127451685
249127460016
249127460439
249127460662
249127462858
249127464309
249127467489
249127467725
249127468273
249127470691
249127470947
249127471357
249127472668
249127475050
249127477085
249127479399
249127483625
249127484819
249127487729
249127488849
249127495632
249127500685
249127500908
249127501731
249127512403
249127512563
249127513448
249127513601
249127514865
249127516467
249127517345
249127517629
249127518491
249127522629
249127525523
249127525943
249127527388
249127527446
249127533434
249127533514
249127544985
249127550110
249127551160
249127552642
249127555673
249127556068
249127556523
249127558553
249127558867
249127558878
249127559121
249127559279
249127559281
249127561191
249127561884
249127569278
249127571515
249127576088
249127579540
249127580437
249127581755
249127582443
249127584880
249127585735
249127586873
249127590393
249127594377
249127594728
249127595957
249127596525
249127598494
249127599019
249127600597
249127600794
249127602529
249127603988
249127604912
249127610884
249127615141
249127622550
249127622883
249127625795
249127626699
249127630032
249127632143
249127634694
249127636200
249127636837
249127637641
249127638360
249127640096
249127641775
249127643243
249127645805
249127647820
249127652077
249127654050
249127659246
249127660057
249127660183
249127660482
249127660766
249127660996
249127663244
249127665943
249127667059
249127669195
249127669322
249127669930
249127670258
249127670851
249127672925
249127678131
249127678189
249127681815
249127683162
249127685205
249127685361
249127686607
249127687333
249127690611
249127691161
249127691244
249127691625
249127691734
249127692995
249127697903
249127698146
249127699684
249127701490
249127701572
249127702041
249127702756
249127704099
249127706035
249127706251
249127708078
249127708625
249127710908
249127711162
249127713041
249127715153
249127715180
249127722923
249127723587
249127724890
249127726233
249127727186
249127729158
249127730273
249127731998
249127733695
249127734731
249127735180
249127740333
249127742979
249127743943
249127747769
249127749940
249127753290
249127757890
249127765053
249127768384
249127769290
249127771026
249127772614
249127773089
249127775227
249127783428
249127784819
249127785399
249127788668
249127791245
249127793550
249127795144
249127797066
249127797266
249127798301
249127799233
249127799738
249127801583
249127803459
249127807748
249127807987
249127808454
249127809797
249127812869
249127813322
249127815210
249127817816
249127821702
249127825300
249127825322
249127831096
249127831194
249127838958
249127838980
249127845471
249127847189
249127847678
249127849454
249127852940
249127855741
249127858150
249127865249
249127866744
249127870183
249127873940
249127873983
249127874356
249127875700
249127876585
249127877365
249127878413
249127879857
249127880551
249127881008
249127881046
249127882130
249127883211
249127884196
249127885431
249127886309
249127887086
249127889672
249127889979
249127892180
249127896167
249127905551
249127905766
249127906248
249127906329
249127908650
249127908909
249127909481
249127910122
249127910778
249127911534
249127911546
249127911681
249127912364
249127913849
249127914737
249127915588
249127915715
249127916481
249127917440
249127917976
249127918704
249127920139
249127933664
249127934860
249127942546
249127944866
249127952644
249127959576
249127962395
249127966838
249127972550
249127975255
249127976075
249127977219
249127977957
249127982581
249127986315
249127990680
249127997042
249127998303
249127999534
249128006990
249128007124
249128010993
249128011120
249128013575
249128014395
249128015298
249128016899
249128019331
249128019736
249128019964
249128020157
249128022243
249128023097
249128023424
249128025539
249128029880
249128031050
249128031263
249128033176
249128034643
249128039174
249128039421
249128040191
249128044603
249128045352
249128045626
249128047888
249128052161
249128056876
249128059337
249128061041
249128061932
249128062109
249128068650
249128070086
249128070545
249128077602
249128079071
249128079850
249128080919
249128085913
249128086674
249128087903
249128091234
249128091903
249128093946
249128095236
249128096489
249128097233
249128103638
249128104310
249128118766
249128119181
249128120001
249128126055
249128126387
249128126662
249128129123
249128131405
249128131439
249128132279
249128133116
249128134411
249128136178
249128136752
249128143828
249128152220
249128154614
249128154773
249128156466
249128156564
249128157082
249128157750
249128158006
249128159616
249128160643
249128161170
249128166147
249128167154
249128170847
249128172392
249128172960
249128173678
249128174903
249128179058
249128179516
249128181633
249128181996
249128185740
249128185954
249128186282
249128190474
249128190724
249128191147
249128195279
249128195289
249128196217
249128197589
249128201127
249128208886
249128208983
249128219314
249128222290
249128223108
249128223730
249128228441
249128228880
249128231972
249128236196
249128238639
249128240790
249128240930
249128246000
249128247344
249128248038
249128250333
249128250919
249128254173
249128256562
249128256788
249128262241
249128267064
249128267514
249128271325
249128273493
249128280345
249128284995
249128287875
249128293011
249128293887
249128297301
249128299009
249128301923
249128304999
249128305340
249128307141
249128308697
249128314615
249128314846
249128315120
249128315482
249128315849
249128317754
249128320526
249128330029
249128330071
249128331538
249128332857
249128333828
249128335754
249128336340
249128341425
249128342765
249128343148
249128345472
249128354053
249128357638
249128358005
249128360065
249128364458
249128377546
249128378780
249128378849
249128380286
249128380706
249128382552
249128387490
249128389021
249128389614
249128396776
249128399381
249128402450
249128402628
249128402693
249128404488
249128408173
249128410806
249128411277
249128414125
249128416121
249128420490
249128421259
249128422198
249128424010
249128424233
249128428806
249128429355
249128433205
249128433354
249128435392
249128436710
249128437881
249128438183
249128439411
249128439863
249128440436
249128440566
249128442062
249128444426
249128445417
249128445814
249128447590
249128451158
249128451836
249128459847
249128462187
249128462926
249128463252
249128463471
249128467262
249128469082
249128470860
249128472065
249128474314
249128474508
249128477440
249128477471
249128477694
249128478311
249128493659
249128494109
249128494863
249128496775
249128497009
249128497077
249128497273
249128498442
249128506618
249128507802
249128508044
249128508522
249128509377
249128514116
249128515097
249128518163
249128521007
249128523081
249128523592
249128523790
249128525054
249128525112
249128527805
249128530153
249128530870
249128531037
249128531791
249128535850
249128536482
249128541498
249128541504
249128544336
249128545506
249128545756
249128547399
249128548365
249128548631
249128554705
249128558848
249128561274
249128564939
249128565114
249128569227
249128572706
249128576870
249128578011
249128578989
249128580751
249128582869
249128586221
249128586734
249128590893
249128591547
249128591929
249128592454
249128595355
249128595844
249128596622
249128597334
249128599250
249128599967
249128604747
249128606351
249128608630
249128610412
249128615426
249128616355
249128617979
249128618338
249128621108
249128624265
249128628135
249128630070
249128631805
249128634986
249128635096
249128643334
249128645265
249128649056
249128650401
249128652975
249128657534
249128664661
249128665995
249128667535
249128668344
249128672095
249128677876
249128679259
249128679398
249128679588
249128688283
249128689730
249128693452
249128701952
249128705719
249128713136
249128714937
249128715918
249128716512
249128716766
249128718805
249128720150
249128720201
249128721756
249128722372
249128723400
249128724386
249128725928
249128726890
249128735925
249128738509
249128739999
249128744783
249128745008
249128745929
249128747685
249128750284
249128752819
249128753203
249128757173
249128761079
249128765769
249128769574
249128771885
249128772500
249128778493
249128780582
249128791451
249128796155
249128797304
249128800753
249128800769
249128809533
249128810380
249128811079
249128819393
249128830066
249128835940
249128841189
249128847530
249128849866
249128850759
249128851457
249128851971
249128852295
249128852737
249128852854
249128855548
249128857137
249128858097
249128859101
249128859379
249128863810
249128868872
249128870200
249128871994
249128874212
249128878864
249128879797
249128880062
249128880927
249128883901
249128885858
249128885905
249128887823
249128892770
249128896354
249128899884
249128904524
249128911494
249128911719
249128913073
249128914619
249128919783
249128919858
249128923358
249128924280
249128924675
249128925022
249128926981
249128931937
249128935344
249128936779
249128937172
249128940048
249128940929
249128940930
249128945679
249128947587
249128947590
249128955539
249128956112
249128957827
249128961249
249128963323
249128964093
249128964099
249128964836
249128965811
249128968261
249128968458
249128969317
249128970831
249128973719
249128974204
249128974311
249128977160
249128980949
249128981723
249128983031
249128983744
249128985256
249128985928
249128986254
249128989170
249128991519
249128991695
249128994413
249128995460
249128998780
249128999191
249129002395
249129006254
249129013287
249129017368
249129018153
249129020784
249129020972
249129021467
249129022325
249129029652
249129030052
249129035147
249129037703
249129040590
249129042292
249129043835
249129044236
249129046323
249129048385
249129049039
249129051059
249129059648
249129061141
249129064311
249129067066
249129068712
249129073654
249129075106
249129076449
249129077531
249129078279
249129081374
249129081470
249129081801
249129082717
249129083449
249129085027
249129088325
249129088479
249129091041
249129091688
249129094908
249129097433
249129097961
249129099390
249129100660
249129104343
249129105759
249129106032
249129106373
249129107393
249129119932
249129120334
249129120568
249129124875
249129126936
249129128250
249129128272
249129130245
249129131945
249129132884
249129136485
249129136606
249129139212
249129140302
249129141986
249129146185
249129151221
249129153662
249129153847
249129157795
249129158405
249129159817
249129160790
249129160902
249129165793
249129167449
249129168743
249129169090
249129178640
249129178863
249129179171
249129180907
249129181647
249129184775
249129186486
249129187171
249129191332
249129192192
249129192451
249129192670
249129194341
249129196205
249129198013
249129198444
249129202752
249129202764
249129207019
249129210410
249129210691
249129210877
249129212591
249129214751
249129216099
249129216111
249129229750
249129234492
249129235383
249129236476
249129238049
249129243949
249129246273
249129249803
249129249817
249129251112
249129252839
249129253310
249129257526
249129258331
249129262689
249129268671
249129269083
249129269382
249129269406
249129271325
249129272498
249129278977
249129279158
249129280326
249129281034
249129283348
249129287272
249129288924
249129290193
249129292593
249129297102
249129298450
249129301187
249129301350
249129301952
249129303211
249129305860
249129305905
249129311612
249129315440
249129318337
249129320739
249129321395
249129327063
249129328206
249129329932
249129330949
249129331942
249129332603
249129335487
249129337510
249129337579
249129339075
249129341710
249129341789
249129341857
249129342096
249129343427
249129351417
249129351841
249129356041
249129357351
249129362835
249129363204
249129363990
249129367596
249129367933
249129372440
249129374651
249129374674
249129379600
249129383173
249129384088
249129384311
249129394760
249129394967
249129395972
249129396854
249129397020
249129405927
249129409141
249129409500
249129417326
249129421302
249129426774
249129431912
249129433041
249129434463
249129435080
249129437290
249129437662
249129442219
249129452999
249129453559
249129454753
249129455214
249129455545
249129456545
249129457919
249129458999
249129459355
249129460135
249129460280
249129462428
249129463876
249129466421
249129469206
249129469768
249129471790
249129474803
249129476180
249129481220
249129482196
249129483388
249129485796
249129486678
249129486913
249129488287
249129490102
249129490127
249129490218
249129490643
249129490699
249129492379
249129492768
249129493004
249129495090
249129496408
249129496854
249129498141
249129498314
249129510003
249129515910
249129527289
249129528789
249129529298
249129539169
249129548045
249129548125
249129557645
249129557963
249129559716
249129561370
249129569279
249129571347
249129571766
249129577250
249129579282
249129579323
249129580975
249129587827
249129594796
249129599402
249129600057
249129606091
249129609431
249129610501
249129616606
249129616683
249129624037
249129630842
249129632780
249129632804
249129634865
249129635244
249129636564
249129638214
249129642917
249129643537
249129647424
249129657467
249129658166
249129659776
249129665588
249129665741
249129669487
249129671356
249129672327
249129673902
249129674453
249129675087
249129675563
249129676893
249129677189
249129677984
249129681461
249129681787
249129687330
249129687606
249129688279
249129690482
249129690961
249129697343
249129698696
249129699088
249129702397
249129702875
249129703960
249129706473
249129706518
249129708096
249129708631
249129709832
249129711303
249129715511
249129722958
249129732540
249129735480
249129738701
249129741580
249129742726
249129744422
249129744721
249129750451
249129750606
249129752178
249129753686
249129755410
249129757063
249129761972
249129763642
249129771617
249129772789
249129776704
249129777892
249129778146
249129778839
249129779597
249129780127
249129780533
249129782904
249129786615
249129786735
249129787454
249129787713
249129788357
249129789832
249129791910
249129794822
249129798793
249129799677
249129800142
249129803533
249129807334
249129810163
249129811152
249129811278
249129813389
249129813836
249129814562
249129828689
249129828728
249129829620
249129829645
249129837905
249129839330
249129841000
249129841885
249129843324
249129852093
249129852643
249129854810
249129856943
249129863877
249129864153
249129864552
249129865215
249129868831
249129871442
249129871464
249129872127
249129872826
249129874474
249129877946
249129878519
249129880518
249129881752
249129882074
249129883347
249129883690
249129885130
249129885252
249129886109
249129886760
249129888624
249129889676
249129895832
249129898863
249129899168
249129900932
249129902806
249129903680
249129905873
249129907153
249129909252
249129909732
249129910912
249129911342
249129912014
249129912961
249129916165
249129916241
249129917212
249129917279
249129917368
249129917634
249129922389
249129925855
249129929113
249129932639
249129933254
249129936995
249129938528
249129941497
249129943718
249129944163
249129944365
249129944404
249129946228
249129949470
249129952968
249129954121
249129957748
249129957839
249129960056
249129961341
249129964412
249129966359
249129969690
249129971283
249129971746
249129973089
249129974107
249129975278
249129975458
249129977453
249129978663
249129982044
249129982813
249129986875
249129990002
249129990197
249129992006
249129995738
249129997572
249129998027
249129998945
249129999520