2290192900042
2290192900086
2290192900190
2290192900750
2290192900751
2290192900752
2290192900753
2290192900754
2290192900755
2290192900756
2290192900757
2290192900758
2290192900759
2290192900760
2290192900761
2290192900762
2290192900763
2290192900764
2290192900765
2290192900766
2290192900767
2290192900768
2290192900769
2290192900770
2290192900771
2290192900772
2290192900773
2290192900774
2290192900775
2290192900776
2290192900777
2290192900778
2290192900779
2290192900780
2290192900781
2290192900782
2290192900783
2290192900784
2290192900785
2290192900786
2290192900787
2290192900788
2290192900789
2290192900790
2290192900791
2290192900792
2290192900793
2290192900794
2290192900795
2290192900796
2290192900797
2290192900798
2290192900799
2290192900800
2290192900801
2290192900802
2290192900803
2290192900804
2290192900805
2290192900806
2290192900807
2290192900808
2290192900809
2290192900810
2290192900811
2290192900812
2290192900813
2290192900814
2290192900815
2290192900816
2290192900817
2290192900818
2290192900819
2290192900820
2290192900821
2290192900822
2290192900823
2290192900824
2290192900825
2290192900826
2290192900827
2290192900828
2290192900829
2290192900830
2290192900831
2290192900832
2290192900833
2290192900834
2290192900835
2290192900836
2290192900837
2290192900838
2290192900839
2290192900840
2290192900841
2290192900842
2290192900843
2290192900844
2290192900845
2290192900846
2290192900847
2290192900848
2290192900849
2290192900850
2290192900851
2290192900852
2290192900853
2290192900854
2290192900855
2290192900856
2290192900857
2290192900858
2290192900859
2290192900860
2290192900861
2290192900862
2290192900863
2290192900864
2290192900865
2290192900866
2290192900867
2290192900868
2290192900869
2290192900870
2290192900871
2290192900872
2290192900873
2290192900874
2290192900875
2290192900876
2290192900877
2290192900878
2290192900879
2290192900880
2290192900881
2290192900882
2290192900883
2290192900884
2290192900885
2290192900886
2290192900887
2290192900888
2290192900889
2290192900890
2290192900891
2290192900892
2290192900893
2290192900894
2290192900895
2290192900896
2290192900897
2290192900898
2290192900899
2290192900900
2290192900901
2290192900902
2290192900903
2290192900904
2290192900905
2290192900906
2290192900907
2290192900908
2290192900909
2290192900910
2290192900911
2290192900912
2290192900913
2290192900914
2290192900915
2290192900916
2290192900917
2290192900918
2290192900919
2290192900920
2290192900921
2290192900922
2290192900923
2290192900924
2290192900925
2290192900926
2290192900927
2290192900928
2290192900929
2290192900930
2290192900931
2290192900932
2290192900933
2290192900934
2290192900935
2290192900936
2290192900937
2290192900938
2290192900939
2290192900940
2290192900941
2290192900942
2290192900943
2290192900944
2290192900945
2290192900946
2290192900947
2290192900948
2290192900949
2290192900950
2290192900951
2290192900952
2290192900953
2290192900954
2290192900955
2290192900956
2290192900957
2290192900958
2290192900959
2290192900960
2290192900961
2290192900962
2290192900963
2290192900964
2290192900965
2290192900966
2290192900967
2290192900968
2290192900969
2290192900970
2290192900971
2290192900972
2290192900973
2290192900974
2290192900975
2290192900976
2290192900977
2290192900978
2290192900979
2290192900980
2290192900981
2290192900982
2290192900983
2290192900984
2290192900985
2290192900986
2290192900987
2290192900988
2290192900989
2290192900990
2290192900991
2290192900992
2290192900993
2290192900994
2290192900995
2290192900996
2290192900997
2290192900998
2290192900999
2290192901000
2290192901001
2290192901002
2290192901003
2290192901004
2290192901005
2290192901006
2290192901007
2290192901008
2290192901009
2290192901010
2290192901011
2290192901012
2290192901013
2290192901014
2290192901015
2290192901016
2290192901017
2290192901018
2290192901019
2290192901020
2290192901021
2290192901022
2290192901023
2290192901024
2290192901025
2290192901026
2290192901027
2290192901028
2290192901029
2290192901030
2290192901031
2290192901032
2290192901033
2290192901034
2290192901035
2290192901036
2290192901037
2290192901038
2290192901039
2290192901040
2290192901041
2290192901042
2290192901043
2290192901044
2290192901045
2290192901046
2290192901047
2290192901048
2290192901049
2290192901050
2290192901051
2290192901052
2290192901053
2290192901054
2290192901055
2290192901056
2290192901057
2290192901058
2290192901059
2290192901060
2290192901061
2290192901062
2290192901063
2290192901064
2290192901065
2290192901066
2290192901067
2290192901068
2290192901069
2290192901070
2290192901071
2290192901072
2290192901073
2290192901074
2290192901075
2290192901076
2290192901077
2290192901078
2290192901079
2290192901080
2290192901081
2290192901082
2290192901083
2290192901084
2290192901085
2290192901086
2290192901087
2290192901088
2290192901089
2290192901090
2290192901091
2290192901092
2290192901093
2290192901094
2290192901095
2290192901096
2290192901097
2290192901098
2290192901099
2290192901100
2290192901101
2290192901102
2290192901103
2290192901104
2290192901105
2290192901106
2290192901107
2290192901108
2290192901109
2290192901110
2290192901111
2290192901112
2290192901113
2290192901114
2290192901115
2290192901116
2290192901117
2290192901118
2290192901119
2290192901120
2290192901121
2290192901122
2290192901123
2290192901124
2290192901125
2290192901126
2290192901127
2290192901128
2290192901129
2290192901130
2290192901131
2290192901132
2290192901133
2290192901134
2290192901135
2290192901136
2290192901137
2290192901138
2290192901139
2290192901140
2290192901141
2290192901142
2290192901143
2290192901144
2290192901145
2290192901146
2290192901147
2290192901148
2290192901149
2290192901150
2290192901151
2290192901152
2290192901153
2290192901154
2290192901155
2290192901156
2290192901157
2290192901158
2290192901159
2290192901160
2290192901161
2290192901162
2290192901163
2290192901164
2290192901165
2290192901166
2290192901167
2290192901168
2290192901169
2290192901170
2290192901171
2290192901172
2290192901173
2290192901174
2290192901175
2290192901176
2290192901177
2290192901178
2290192901179
2290192901180
2290192901181
2290192901182
2290192901183
2290192901184
2290192901185
2290192901186
2290192901187
2290192901188
2290192901189
2290192901190
2290192901191
2290192901192
2290192901193
2290192901194
2290192901195
2290192901196
2290192901197
2290192901198
2290192901199
2290192901200
2290192901201
2290192901202
2290192901203
2290192901204
2290192901205
2290192901206
2290192901207
2290192901208
2290192901209
2290192901210
2290192901211
2290192901212
2290192901213
2290192901214
2290192901215
2290192901216
2290192901217
2290192901218
2290192901219
2290192901220
2290192901221
2290192901222
2290192901223
2290192901224
2290192901225
2290192901226
2290192901227
2290192901228
2290192901229
2290192901230
2290192901231
2290192901232
2290192901233
2290192901234
2290192901235
2290192901236
2290192901237
2290192901238
2290192901239
2290192901240
2290192901241
2290192901242
2290192901243
2290192901244
2290192901245
2290192901246
2290192901247
2290192901248
2290192901249
2290192901250
2290192901251
2290192901252
2290192901253
2290192901254
2290192901255
2290192901256
2290192901257
2290192901258
2290192901259
2290192901260
2290192901261
2290192901262
2290192901263
2290192901264
2290192901265
2290192901266
2290192901267
2290192901268
2290192901269
2290192901270
2290192901271
2290192901272
2290192901273
2290192901274
2290192901275
2290192901276
2290192901277
2290192901278
2290192901279
2290192901280
2290192901281
2290192901282
2290192901283
2290192901284
2290192901285
2290192901286
2290192901287
2290192901288
2290192901289
2290192901290
2290192901291
2290192901292
2290192901293
2290192901294
2290192901295
2290192901296
2290192901297
2290192901298
2290192901299
2290192901300
2290192901301
2290192901302
2290192901303
2290192901304
2290192901305
2290192901306
2290192901307
2290192901308
2290192901309
2290192901310
2290192901311
2290192901312
2290192901313
2290192901314
2290192901315
2290192901316
2290192901317
2290192901318
2290192901319
2290192901320
2290192901321
2290192901322
2290192901323
2290192901324
2290192901325
2290192901326
2290192901328
2290192901329
2290192901330
2290192901331
2290192901332
2290192901333
2290192901334
2290192901335
2290192901336
2290192901337
2290192901338
2290192901339
2290192901340
2290192901341
2290192901342
2290192901343
2290192901344
2290192901345
2290192901346
2290192901347
2290192901348
2290192901349
2290192901350
2290192901351
2290192901352
2290192901353
2290192901354
2290192901355
2290192901356
2290192901357
2290192901358
2290192901359
2290192901360
2290192901361
2290192901362
2290192901363
2290192901364
2290192901365
2290192901366
2290192901367
2290192901368
2290192901369
2290192901370
2290192901371
2290192901372
2290192901373
2290192901374
2290192901375
2290192901376
2290192901377
2290192901378
2290192901379
2290192901380
2290192901381
2290192901382
2290192901383
2290192901384
2290192901385
2290192901386
2290192901387
2290192901388
2290192901389
2290192901390
2290192901391
2290192901392
2290192901393
2290192901394
2290192901395
2290192901396
2290192901397
2290192901398
2290192901399
2290192901400
2290192901401
2290192901402
2290192901403
2290192901404
2290192901405
2290192901406
2290192901407
2290192901408
2290192901409
2290192901410
2290192901411
2290192901412
2290192901413
2290192901414
2290192901415
2290192901416
2290192901417
2290192901418
2290192901419
2290192901420
2290192901421
2290192901422
2290192901423
2290192901424
2290192901425
2290192901426
2290192901427
2290192901428
2290192901429
2290192901430
2290192901431
2290192901432
2290192901433
2290192901434
2290192901435
2290192901436
2290192901437
2290192901438
2290192901439
2290192901440
2290192901441
2290192901442
2290192901443
2290192901444
2290192901445
2290192901446
2290192901447
2290192901448
2290192901449
2290192901450
2290192901451
2290192901452
2290192901453
2290192901454
2290192901455
2290192901456
2290192901457
2290192901458
2290192901459
2290192901460
2290192901461
2290192901462
2290192901463
2290192901464
2290192901465
2290192901466
2290192901467
2290192901468
2290192901469
2290192901470
2290192901471
2290192901472
2290192901473
2290192901474
2290192901475
2290192901476
2290192901477
2290192901478
2290192901479
2290192901480
2290192901481
2290192901482
2290192901483
2290192901484
2290192901485
2290192901486
2290192901487
2290192901488
2290192901489
2290192901490
2290192901491
2290192901492
2290192901493
2290192901494
2290192901495
2290192901496
2290192901497
2290192901498
2290192901499
2290192901500
2290192901501
2290192901502
2290192901503
2290192901504
2290192901505
2290192901506
2290192901507
2290192901508
2290192901509
2290192901510
2290192901511
2290192901512
2290192901513
2290192901514
2290192901515
2290192901516
2290192901517
2290192901518
2290192901519
2290192901520
2290192901521
2290192901522
2290192901523
2290192901524
2290192901525
2290192901526
2290192901527
2290192901528
2290192901529
2290192901530
2290192901531
2290192901532
2290192901533
2290192901534
2290192901535
2290192901536
2290192901537
2290192901538
2290192901539
2290192901540
2290192901541
2290192901542
2290192901543
2290192901544
2290192901545
2290192901546
2290192901547
2290192901548
2290192901549
2290192901550
2290192901551
2290192901552
2290192901553
2290192901554
2290192901555
2290192901556
2290192901557
2290192901558
2290192901559
2290192901560
2290192901561
2290192901562
2290192901563
2290192901564
2290192901565
2290192901566
2290192901567
2290192901568
2290192901569
2290192901570
2290192901571
2290192901572
2290192901573
2290192901574
2290192901575
2290192901576
2290192901577
2290192901578
2290192901579
2290192901580
2290192901581
2290192901582
2290192901583
2290192901584
2290192901585
2290192901586
2290192901587
2290192901588
2290192901589
2290192901590
2290192901591
2290192901592
2290192901593
2290192901594
2290192901595
2290192901596
2290192901597
2290192901598
2290192901599
2290192901600
2290192901601
2290192901602
2290192901603
2290192901604
2290192901605
2290192901606
2290192901607
2290192901608
2290192901609
2290192901610
2290192901611
2290192901612
2290192901613
2290192901614
2290192901615
2290192901616
2290192901617
2290192901618
2290192901619
2290192901620
2290192901621
2290192901622
2290192901623
2290192901624
2290192901625
2290192901626
2290192901627
2290192901628
2290192901629
2290192901630
2290192901631
2290192901632
2290192901633
2290192901634
2290192901635
2290192901636
2290192901637
2290192901638
2290192901639
2290192901640
2290192901641
2290192901642
2290192901643
2290192901644
2290192901645
2290192901646
2290192901647
2290192901648
2290192905511
2290192905536
2290192905859
2290192905860
2290192905861
2290192905862
2290192905863
2290192905864
2290192905865
2290192905866
2290192905867
2290192905868
2290192905869
2290192905870
2290192905871
2290192905872
2290192905873
2290192905874
2290192905875
2290192905876
2290192905877
2290192905878
2290192905879
2290192905880
2290192905881
2290192905882
2290192905883
2290192905885
2290192905886
2290192905887
2290192905888
2290192905889
2290192905890
2290192905891
2290192905892
2290192905893
2290192905894
2290192905895
2290192905896
2290192905897
2290192905898
2290192905899
2290192905900
2290192905901
2290192905902
2290192905903
2290192905904
2290192905905
2290192905906
2290192905907
2290192905908
2290192905909
2290192905910
2290192905911
2290192905912
2290192905913
2290192905914
2290192905915
2290192905916
2290192905917
2290192905918
2290192905919
2290192905920
2290192905921
2290192905922
2290192905923
2290192905924
2290192905925
2290192905926
2290192905927
2290192905928
2290192905929
2290192905930
2290192905931
2290192905932
2290192905933
2290192905934
2290192905935
2290192905936
2290192905937
2290192905938
2290192905939
2290192905940
2290192905941
2290192905942
2290192905943
2290192905944
2290192905945
2290192905946
2290192905947
2290192905948
2290192905949
2290192905950
2290192905951
2290192905952
2290192905953
2290192905954
2290192905955
2290192905956
2290192905957
2290192905958
2290192905959
2290192905960
2290192905961
2290192905962
2290192905963
2290192905964
2290192905965
2290192905966
2290192905967
2290192905968
2290192905969
2290192905970
2290192905971
2290192905972
2290192905973
2290192905974
2290192905975
2290192905976
2290192905977
2290192905978
2290192905979
2290192905980
2290192905981
2290192905982
2290192905983
2290192905984
2290192905985
2290192905986
2290192905987
2290192905988
2290192905989
2290192905990
2290192905991
2290192905992
2290192905993
2290192905994
2290192905995
2290192905996
2290192905997
2290192905998
2290192905999
2290192906000
2290192906001
2290192906002
2290192906003
2290192906004
2290192906005
2290192906006
2290192906007
2290192906008
2290192906009
2290192906010
2290192906011
2290192906012
2290192906013
2290192906014
2290192906015
2290192906016
2290192906017
2290192906018
2290192906019
2290192906020
2290192906021
2290192906022
2290192906023
2290192906024
2290192906025
2290192906026
2290192906027
2290192906028
2290192906029
2290192906030
2290192906031
2290192906032
2290192906033
2290192906034
2290192906035
2290192906036
2290192906037
2290192906038
2290192906039
2290192906040
2290192906041
2290192906042
2290192906043
2290192906044
2290192906045
2290192906046
2290192906047
2290192906048
2290192906049
2290192906050
2290192906051
2290192906052
2290192906053
2290192906054
2290192906055
2290192906056
2290192906057
2290192906058
2290192906059
2290192906060
2290192906061
2290192906062
2290192906063
2290192906064
2290192906065
2290192906066
2290192906067
2290192906068
2290192906069
2290192906070
2290192906071
2290192906072
2290192906073
2290192906074
2290192906075
2290192906076
2290192906077
2290192906078
2290192906079
2290192906080
2290192906081
2290192906082
2290192906083
2290192906084
2290192906085
2290192906086
2290192906087
2290192906088
2290192906089
2290192906090
2290192906091
2290192906092
2290192906093
2290192906094
2290192906095
2290192906096
2290192906097
2290192906098
2290192906100
2290192906101
2290192906102
2290192906103
2290192906104
2290192906105
2290192906106
2290192906107
2290192906108
2290192906109
2290192906110
2290192906111
2290192906112
2290192906113
2290192906114
2290192906115
2290192906116
2290192906117
2290192906118
2290192906119
2290192906120
2290192906122
2290192906123
2290192906124
2290192906125
2290192906126
2290192906127
2290192906128
2290192906129
2290192906130
2290192906131
2290192906132
2290192906133
2290192906134
2290192906135
2290192906136
2290192906137
2290192906138
2290192906139
2290192906140
2290192906141
2290192906142
2290192906143
2290192906144
2290192906145
2290192906146
2290192906147
2290192906148
2290192906149
2290192906150
2290192906151
2290192906152
2290192906153
2290192906154
2290192906155
2290192906156
2290192906157
2290192906158
2290192906159
2290192906160
2290192906161
2290192906162
2290192906163
2290192906164
2290192906165
2290192906166
2290192906167
2290192906168
2290192906169
2290192906170
2290192906171
2290192906172
2290192906173
2290192906174
2290192906175
2290192906176
2290192906177
2290192906178
2290192906179
2290192906180
2290192906181
2290192906183
2290192906184
2290192906185
2290192906186
2290192906187
2290192906188
2290192906189
2290192906190
2290192906191
2290192906192
2290192906193
2290192906194
2290192906195
2290192906196
2290192906197
2290192906198
2290192906199
2290192906200
2290192906201
2290192906202
2290192906203
2290192906204
2290192906205
2290192906206
2290192906207
2290192906208
2290192906209
2290192906210
2290192906211
2290192906212
2290192906213
2290192906214
2290192906215
2290192906216
2290192906217
2290192906218
2290192906219
2290192906220
2290192906221
2290192906222
2290192906223
2290192906224
2290192906225
2290192906226
2290192906227
2290192906228
2290192906229
2290192906230
2290192906231
2290192906232
2290192906233
2290192906234
2290192906235
2290192906236
2290192906237
2290192906238
2290192906239
2290192906240
2290192906241
2290192906242
2290192906243
2290192906244
2290192906245
2290192906246
2290192906247
2290192906248
2290192906249
2290192906250
2290192906251
2290192906252
2290192906253
2290192906254
2290192906255
2290192906256
2290192906257
2290192906258
2290192906259
2290192906260
2290192906261
2290192906262
2290192906263
2290192906264
2290192906265
2290192906266
2290192906267
2290192906268
2290192906269
2290192906270
2290192906271
2290192906272
2290192906273
2290192906274
2290192906275
2290192906276
2290192906278
2290192906279
2290192906280
2290192906281
2290192906282
2290192906283
2290192906284
2290192906285
2290192906286
2290192906287
2290192906288
2290192906289
2290192906290
2290192906291
2290192906292
2290192906293
2290192906294
2290192906295
2290192906296
2290192906297
2290192906298
2290192906299
2290192906300
2290192906301
2290192906302
2290192906303
2290192906304
2290192906305
2290192906306
2290192906307
2290192906308
2290192906309
2290192906310
2290192906311
2290192906312
2290192906313
2290192906314
2290192906315
2290192906316
2290192906317
2290192906319
2290192906320
2290192906321
2290192906322
2290192906323
2290192906324
2290192906325
2290192906326
2290192906327
2290192906328
2290192906329
2290192906330
2290192906331
2290192906332
2290192906333
2290192906334
2290192906335
2290192906336
2290192906337
2290192906338
2290192906339
2290192906340
2290192906341
2290192906342
2290192906343
2290192906344
2290192906345
2290192906346
2290192906347
2290192906348
2290192906349
2290192906350
2290192906351
2290192906352
2290192906353
2290192906354
2290192906355
2290192906356
2290192906357
2290192906358
2290192906359
2290192906360
2290192906361
2290192906362
2290192906363
2290192906364
2290192906365
2290192906366
2290192906367
2290192906368
2290192906369
2290192906370
2290192906371
2290192906372
2290192906373
2290192906374
2290192906375
2290192906376
2290192906377
2290192906378
2290192906379
2290192906380
2290192906381
2290192906382
2290192906383
2290192906384
2290192906385
2290192906386
2290192906387
2290192906388
2290192906389
2290192906390
2290192906391
2290192906392
2290192906393
2290192906394
2290192906395
2290192906396
2290192906397
2290192906398
2290192906399
2290192906400
2290192906401
2290192906402
2290192906403
2290192906404
2290192906405
2290192906406
2290192906407
2290192906408
2290192906409
2290192906410
2290192906411
2290192906412
2290192906413
2290192906414
2290192906415
2290192906416
2290192906417
2290192906418
2290192906419
2290192906420
2290192906421
2290192906422
2290192906423
2290192906424
2290192906425
2290192906426
2290192906427
2290192906428
2290192906429
2290192906430
2290192906431
2290192906432
2290192906433
2290192906434
2290192906435
2290192906436
2290192906437
2290192906438
2290192906439
2290192906440
2290192906441
2290192906442
2290192906443
2290192906444
2290192906445
2290192906446
2290192906447
2290192906448
2290192906449
2290192906450
2290192906451
2290192906452
2290192906453
2290192906454
2290192906455
2290192906456
2290192906457
2290192906458
2290192906459
2290192906461
2290192906462
2290192906463
2290192906464
2290192906465
2290192906466
2290192906467
2290192906468
2290192906469
2290192906470
2290192906471
2290192906472
2290192906473
2290192906474
2290192906475
2290192906476
2290192906477
2290192906478
2290192906479
2290192906480
2290192906481
2290192906482
2290192906483
2290192906484
2290192906485
2290192906486
2290192906487
2290192906488
2290192906489
2290192906490
2290192906491
2290192906492
2290192906493
2290192906494
2290192906495
2290192906496
2290192906497
2290192906498
2290192906499
2290192906500
2290192906501
2290192906502
2290192906503
2290192906504
2290192906505
2290192906506
2290192906507
2290192906508
2290192906509
2290192906510
2290192906511
2290192906512
2290192906513
2290192906514
2290192906515
2290192906516
2290192906517
2290192906518
2290192906519
2290192906520
2290192906521
2290192906522
2290192906523
2290192906524
2290192906525
2290192906526
2290192906527
2290192906528
2290192906529
2290192906530
2290192906531
2290192906532
2290192906533
2290192906534
2290192906535
2290192906536
2290192906537
2290192906538
2290192906539
2290192906540
2290192906541
2290192906542
2290192906543
2290192906544
2290192906545
2290192906546
2290192906547
2290192906548
2290192906549
2290192906550
2290192906551
2290192906552
2290192906553
2290192906554
2290192906555
2290192906556
2290192906557
2290192906558
2290192906560
2290192906561
2290192906562
2290192906563
2290192906564
2290192906565
2290192906566
2290192906567
2290192906568
2290192906569
2290192906570
2290192906571
2290192906572
2290192906573
2290192906574
2290192906575
2290192906576
2290192906577
2290192906578
2290192906579
2290192906580
2290192906581
2290192906582
2290192906583
2290192906584
2290192906585
2290192906586
2290192906587
2290192906588
2290192906589
2290192906590
2290192906591
2290192906592
2290192906593
2290192906594
2290192906595
2290192906596
2290192906597
2290192906598
2290192906599
2290192906600
2290192906601
2290192906602
2290192906603
2290192906604
2290192906605
2290192906606
2290192906607
2290192906608
2290192906609
2290192906610
2290192906611
2290192906612
2290192906613
2290192906614
2290192906615
2290192906616
2290192906617
2290192906618
2290192906619
2290192906620
2290192906621
2290192906622
2290192906623
2290192906624
2290192906625
2290192906626
2290192906627
2290192906628
2290192906629
2290192906630
2290192906631
2290192906632
2290192906633
2290192906634
2290192906635
2290192906636
2290192906637
2290192906638
2290192906639
2290192906640
2290192906641
2290192906642
2290192906643
2290192906644
2290192906645
2290192906646
2290192906647
2290192906648
2290192906649
2290192906650
2290192906651
2290192906652
2290192906653
2290192906654
2290192906655
2290192906656
2290192906657
2290192906658
2290192906659
2290192906660
2290192906661
2290192906662
2290192906663
2290192906664
2290192906665
2290192906666
2290192906667
2290192906668
2290192906669
2290192906670
2290192906671
2290192906672
2290192906673
2290192906674
2290192906675
2290192906676
2290192906677
2290192906678
2290192906679
2290192906680
2290192906681
2290192906682
2290192906683
2290192906684
2290192906685
2290192906686
2290192906687
2290192906688
2290192906689
2290192906690
2290192906691
2290192906692
2290192906693
2290192906694
2290192906695
2290192906696
2290192906697
2290192906698
2290192906699
2290192906700
2290192906701
2290192906702
2290192906703
2290192906704
2290192906705
2290192906706
2290192906707
2290192906708
2290192906709
2290192906710
2290192906711
2290192906712
2290192906713
2290192906714
2290192906715
2290192906716
2290192906717
2290192906718
2290192906719
2290192906720
2290192906721
2290192906722
2290192906723
2290192906724
2290192906725
2290192906726
2290192906727
2290192906728
2290192906729
2290192906730
2290192906731
2290192906732
2290192906733
2290192906734
2290192906735
2290192906736
2290192906737
2290192906738
2290192906739
2290192906740
2290192906741
2290192906742
2290192906743
2290192906744
2290192906745
2290192906746
2290192906747
2290192906748
2290192906749
2290192906750
2290192906752
2290192906753
2290192906754
2290192906756
2290192906757
2290192906758
2290192906759
2290192906760
2290192906761
2290192906762
2290192906763
2290192906764
2290192906765
2290192906766
2290192906767
2290192906768
2290192906769
2290192906770
2290192906771
2290192906772
2290192906773
2290192906774
2290192906775
2290192906776
2290192906777
2290192906778
2290192906779
2290192906780
2290192906781
2290192906782
2290192906783
2290192906784
2290192906785
2290192906786
2290192906787
2290192906788
2290192906789
2290192906790
2290192906791
2290192906792
2290192906793
2290192906794
2290192906795
2290192906796
2290192906797
2290192906798
2290192906799
2290192906800
2290192906801
2290192906802
2290192906803
2290192906804
2290192906805
2290192906806
2290192906807
2290192906808
2290192906809
2290192906810
2290192906811
2290192906812
2290192906813
2290192906814
2290192906815
2290192906816
2290192906817
2290192906818
2290192906819
2290192906820
2290192906821
2290192906822
2290192906823
2290192906824
2290192906825
2290192906826
2290192906827
2290192906828
2290192906829
2290192906830
2290192906831
2290192906832
2290192906833
2290192906834
2290192906835
2290192906836
2290192906837
2290192906838
2290192906839
2290192906840
2290192906841
2290192906842
2290192906843
2290192906844
2290192906845
2290192906846
2290192906847
2290192906848
2290192906849
2290192906850
2290192906851
2290192906852
2290192906853
2290192906854
2290192906855
2290192906856
2290192906857
2290192906858
2290192906859
2290192906860
2290192906861
2290192906862
2290192906863
2290192906864
2290192906865
2290192906866
2290192906867
2290192906868
2290192906869
2290192906870
2290192906871
2290192906872
2290192906873
2290192906874
2290192906875
2290192906876
2290192906877
2290192906878
2290192906879
2290192906880
2290192906881
2290192906882
2290192906883
2290192906884
2290192906885
2290192906886
2290192906887
2290192906888
2290192906889
2290192906890
2290192906891
2290192906892
2290192906893
2290192906894
2290192906895
2290192906896
2290192906897
2290192906898
2290192906899
2290192906900
2290192906901
2290192906902
2290192906903
2290192906904
2290192906905
2290192906906
2290192906907
2290192906908
2290192906909
2290192906910
2290192906911
2290192906912
2290192906913
2290192906914
2290192906915
2290192906916
2290192906917
2290192906918
2290192906919
2290192906920
2290192906921
2290192906922
2290192906923
2290192906924
2290192906925
2290192906926
2290192906927
2290192906928
2290192906929
2290192906930
2290192906931
2290192906932
2290192906933
2290192906934
2290192906935
2290192906936
2290192906937
2290192906938
2290192906939
2290192906940
2290192906941
2290192906942
2290192906943
2290192906944
2290192906945
2290192906946
2290192906947
2290192906948
2290192906949
2290192906950
2290192906951
2290192906952
2290192906953
2290192906954
2290192906955
2290192906956
2290192906957
2290192906958
2290192906959
2290192906960
2290192906961
2290192906962
2290192906963
2290192906964
2290192906965
2290192906966
2290192906967
2290192906968
2290192906969
2290192906970
2290192906971
2290192906972
2290192906973
2290192906974
2290192906975
2290192906976
2290192906977
2290192906978
2290192906979
2290192906980
2290192906981
2290192906982
2290192906983
2290192906984
2290192906985
2290192906986
2290192906987
2290192906988
2290192906989
2290192906990
2290192906991
2290192906992
2290192906993
2290192906994
2290192906995
2290192906996
2290192906997
2290192906998
2290192906999
2290192907000
2290192907001
2290192907002
2290192907003
2290192907004
2290192907005
2290192907006
2290192907007
2290192907008
2290192907009
2290192907010
2290192907011
2290192907012
2290192907013
2290192907014
2290192907015
2290192907016
2290192907017
2290192907018
2290192907019
2290192907020
2290192907021
2290192907022
2290192907023
2290192907024
2290192907025
2290192907026
2290192907027
2290192907028
2290192907029
2290192907030
2290192907031
2290192907032
2290192907033
2290192907034
2290192907035
2290192907036
2290192907037
2290192907038
2290192907039
2290192907040
2290192907041
2290192907042
2290192907043
2290192907044
2290192907045
2290192907046
2290192907047
2290192907048
2290192907049
2290192907050
2290192907051
2290192907052
2290192907053
2290192907054
2290192907055
2290192907056
2290192907057
2290192907058
2290192907059
2290192907060
2290192907061
2290192907062
2290192907063
2290192907064
2290192907065
2290192907066
2290192907067
2290192907068
2290192907069
2290192907070
2290192907071
2290192907072
2290192907073
2290192907074
2290192907075
2290192907076
2290192907077
2290192907078
2290192907079
2290192907080
2290192907081
2290192907082
2290192907083
2290192907084
2290192907085
2290192907086
2290192907087
2290192907088
2290192907089
2290192907090
2290192907091
2290192907092
2290192907093
2290192907094
2290192907095
2290192907096
2290192907097
2290192907098
2290192907099
2290192907100
2290192907101
2290192907102
2290192907103
2290192907104
2290192907105
2290192907106
2290192907107
2290192907108
2290192907109
2290192907110
2290192907111
2290192907112
2290192907113
2290192907114
2290192907115
2290192907116
2290192907117
2290192907118
2290192907119
2290192907120
2290192907121
2290192907122
2290192907123
2290192907124
2290192907125
2290192907126
2290192907127
2290192907128
2290192907129
2290192907130
2290192907131
2290192907132
2290192907133
2290192907134
2290192907135
2290192907136
2290192907137
2290192907138
2290192907139
2290192907140
2290192907141
2290192907142
2290192907143
2290192907144
2290192907145
2290192907146
2290192907147
2290192907148
2290192907149
2290192907150
2290192907151
2290192907152
2290192907153
2290192907154
2290192907155
2290192907156
2290192907157
2290192907158
2290192907159
2290192907160
2290192907161
2290192907162
2290192907163
2290192907164
2290192907166
2290192907167
2290192907168
2290192907169
2290192907170
2290192907171
2290192907172
2290192907173
2290192907174
2290192907175
2290192907176
2290192907177
2290192907178
2290192907179
2290192907180
2290192907181
2290192907182
2290192907183
2290192907184
2290192907185
2290192907186
2290192907187
2290192907188
2290192907190
2290192907191
2290192907192
2290192907193
2290192907194
2290192907195
2290192907196
2290192907197
2290192907198
2290192907199
2290192907200
2290192907201
2290192907202
2290192907203
2290192907204
2290192907205
2290192907206
2290192907207
2290192907208
2290192907209
2290192907210
2290192907211
2290192907212
2290192907213
2290192907214
2290192907215
2290192907216
2290192907217
2290192907218
2290192907219
2290192907220
2290192907221
2290192907222
2290192907223
2290192907224
2290192907225
2290192907226
2290192907227
2290192907228
2290192907229
2290192907230
2290192907231
2290192907232
2290192907233
2290192907234
2290192907235
2290192907236
2290192907237
2290192907238
2290192907239
2290192907240
2290192907241
2290192907242
2290192907243
2290192907244
2290192907245
2290192907246
2290192907247
2290192907248
2290192907249
2290192907250
2290192907251
2290192907252
2290192907253
2290192907254
2290192907255
2290192907256
2290192907257
2290192907258
2290192907259
2290192907260
2290192907261
2290192907262
2290192907263
2290192907264
2290192907265
2290192907266
2290192907267
2290192907268
2290192907269
2290192907270
2290192907271
2290192907272
2290192907273
2290192907274
2290192907275
2290192907276
2290192907277
2290192907278
2290192907279
2290192907280
2290192907281
2290192907282
2290192907283
2290192907284
2290192907285
2290192907286
2290192907287
2290192907288
2290192907289
2290192907290
2290192907291
2290192907292
2290192907293
2290192907294
2290192907295
2290192907296
2290192907297
2290192907298
2290192907299
2290192907300
2290192907301
2290192907302
2290192907303
2290192907304
2290192907305
2290192907306
2290192907307
2290192907308
2290192907309
2290192907310
2290192907311
2290192907312
2290192907313
2290192907314
2290192907315
2290192907316
2290192907317
2290192907318
2290192907319
2290192907320
2290192907321
2290192907322
2290192907323
2290192907324
2290192907325
2290192907326
2290192907327
2290192907328
2290192907329
2290192907330
2290192907331
2290192907332
2290192907333
2290192907334
2290192907335
2290192907336
2290192907337
2290192907338
2290192907339
2290192907340
2290192907341
2290192907342
2290192907343
2290192907344
2290192907345
2290192907346
2290192907347
2290192907348
2290192907349
2290192907350
2290192907351
2290192907352
2290192907353
2290192907354
2290192907355
2290192907356
2290192907357
2290192907358
2290192907359
2290192907360
2290192907361
2290192907362
2290192907363
2290192907364
2290192907365
2290192907366
2290192907367
2290192907368
2290192907369
2290192907370
2290192907371
2290192907373
2290192907374
2290192907375
2290192907376
2290192907377
2290192907378
2290192907379
2290192907380
2290192907381
2290192907382
2290192907383
2290192907384
2290192907385
2290192907386
2290192907387
2290192907388
2290192907389
2290192907390
2290192907391
2290192907392
2290192907393
2290192907394
2290192907395
2290192907396
2290192907397
2290192907398
2290192907399
2290192907400
2290192907401
2290192907402
2290192907403
2290192907404
2290192907405
2290192907406
2290192907407
2290192907408
2290192907409
2290192907410
2290192907411
2290192907412
2290192907413
2290192907414
2290192907415
2290192907416
2290192907417
2290192907418
2290192907419
2290192907420
2290192907421
2290192907422
2290192907423
2290192907424
2290192907425
2290192907426
2290192907427
2290192907428
2290192907429
2290192907430
2290192907431
2290192907432
2290192907433
2290192907434
2290192907435
2290192907436
2290192907437
2290192907438
2290192907439
2290192907440
2290192907441
2290192907442
2290192907443
2290192907444
2290192907445
2290192907446
2290192907447
2290192907448
2290192907449
2290192907450
2290192907451
2290192907452
2290192907453
2290192907454
2290192907455
2290192907456
2290192907457
2290192907458
2290192907459
2290192907460
2290192907461
2290192907462
2290192907463
2290192907464
2290192907465
2290192907466
2290192907467
2290192907468
2290192907469
2290192907470
2290192907471
2290192907472
2290192907473
2290192907474
2290192907475
2290192907476
2290192907477
2290192907478
2290192907479
2290192907480
2290192907481
2290192907482
2290192907483
2290192907484
2290192907485
2290192907486
2290192907487
2290192907488
2290192907489
2290192907490
2290192907491
2290192907492
2290192907493
2290192907494
2290192907495
2290192907496
2290192907497
2290192907498
2290192907499
2290192907500
2290192907501
2290192907502
2290192907503
2290192907504
2290192907505
2290192907506
2290192907507
2290192907508
2290192907509
2290192907510
2290192907511
2290192907512
2290192907513
2290192907514
2290192907515
2290192907516
2290192907517
2290192907518
2290192907519
2290192907520
2290192907521
2290192907522
2290192907523
2290192907524
2290192907525
2290192907526
2290192907527
2290192907528
2290192907529
2290192907530
2290192907531
2290192907532
2290192907533
2290192907534
2290192907535
2290192907536
2290192907537
2290192907538
2290192907539
2290192907540
2290192907541
2290192907542
2290192907543
2290192907544
2290192907545
2290192907547
2290192907548
2290192907549
2290192907550
2290192907551
2290192907552
2290192907553
2290192907554
2290192907555
2290192907556
2290192907557
2290192907558
2290192907559
2290192907560
2290192907561
2290192907562
2290192907563
2290192907564
2290192907565
2290192907566
2290192907567
2290192907568
2290192907569
2290192907570
2290192907571
2290192907572
2290192907573
2290192907574
2290192907575
2290192907576
2290192907577
2290192907578
2290192907579
2290192907580
2290192907581
2290192907582
2290192907583
2290192907584
2290192907585
2290192907586
2290192907587
2290192907588
2290192907589
2290192907590
2290192907591
2290192907592
2290192907593
2290192907594
2290192907595
2290192907596
2290192907597
2290192907598
2290192907599
2290192907600
2290192907601
2290192907602
2290192907603
2290192907604
2290192907605
2290192907606
2290192907607
2290192907608
2290192907609
2290192907610
2290192907611
2290192907612
2290192907613
2290192907614
2290192907615
2290192907616
2290192907617
2290192907618
2290192907619
2290192907620
2290192907621
2290192907622
2290192907623
2290192907624
2290192907625
2290192907626
2290192907627
2290192907628
2290192907629
2290192907630
2290192907631
2290192907632
2290192907633
2290192907634
2290192907635
2290192907636
2290192907637
2290192907638
2290192907639
2290192907640
2290192907641
2290192907642
2290192907643
2290192907644
2290192907645
2290192907646
2290192907647
2290192907648
2290192907649
2290192907650
2290192907651
2290192907652
2290192907653
2290192907654
2290192907655
2290192907656
2290192907657
2290192907658
2290192907659
2290192907660
2290192907661
2290192907662
2290192907663
2290192907664
2290192907665
2290192907666
2290192907667
2290192907668
2290192907669
2290192907670
2290192907671
2290192907672
2290192907673
2290192907674
2290192907675
2290192907676
2290192907677
2290192907678
2290192907679
2290192907680
2290192907681
2290192907682
2290192907683
2290192907684
2290192907685
2290192907686
2290192907687
2290192907688
2290192907689
2290192907690
2290192907691
2290192907692
2290192907693
2290192907694
2290192907695
2290192907696
2290192907697
2290192907698
2290192907699
2290192907700
2290192907702
2290192907703
2290192907704
2290192907705
2290192907706
2290192907707
2290192907708
2290192907709
2290192907710
2290192907711
2290192907712
2290192907713
2290192907714
2290192907715
2290192907716
2290192907717
2290192907718
2290192907719
2290192907720
2290192907721
2290192907722
2290192907723
2290192907724
2290192907725
2290192907726
2290192907727
2290192907728
2290192907729
2290192907730
2290192907731
2290192907732
2290192907733
2290192907734
2290192907735
2290192907736
2290192907737
2290192907738
2290192907739
2290192907740
2290192907741
2290192907742
2290192907743
2290192907744
2290192907745
2290192907746
2290192907747
2290192907748
2290192907749
2290192907750
2290192907751
2290192907752
2290192907753
2290192907754
2290192907755
2290192907756
2290192907757
2290192907758
2290192907759
2290192907760
2290192907761
2290192907762
2290192907763
2290192907764
2290192907765
2290192907766
2290192907767
2290192907768
2290192907769
2290192907770
2290192907771
2290192907772
2290192907773
2290192907774
2290192907775
2290192907776
2290192907777
2290192907778
2290192907779
2290192907780
2290192907781
2290192907782
2290192907783
2290192907784
2290192907785
2290192907786
2290192907787
2290192907788
2290192907789
2290192907790
2290192907791
2290192907792
2290192907793
2290192907794
2290192907795
2290192907796
2290192907797
2290192907798
2290192907799
2290192907800
2290192907801
2290192907802
2290192907803
2290192907804
2290192907805
2290192907806
2290192907807
2290192907808
2290192907809
2290192907810
2290192907811
2290192907812
2290192907813
2290192907814
2290192907815
2290192907816
2290192907817
2290192907818
2290192907819
2290192907820
2290192907821
2290192907822
2290192907823
2290192907824
2290192907825
2290192907826
2290192907827
2290192907828
2290192907829
2290192907830
2290192907831
2290192907832
2290192907833
2290192907834
2290192907835
2290192907836
2290192907837
2290192907838
2290192907839
2290192907840
2290192907841
2290192907842
2290192907843
2290192907844
2290192907845
2290192907846
2290192907847
2290192907848
2290192907849
2290192907850
2290192907851
2290192907852
2290192907853
2290192907854
2290192907855
2290192907856
2290192907857
2290192907858
2290192907859
2290192907860
2290192907861
2290192907862
2290192907863
2290192907864
2290192907865
2290192907866
2290192907867
2290192907868
2290192907869
2290192907870
2290192907871
2290192907872
2290192907873
2290192907874
2290192907875
2290192907876
2290192907877
2290192907878
2290192907879
2290192907880
2290192907881
2290192907882
2290192907883
2290192907884
2290192907885
2290192907886
2290192907887
2290192907888
2290192907889
2290192907890
2290192907891
2290192907892
2290192907893
2290192907894
2290192907895
2290192907896
2290192907897
2290192907898
2290192907899
2290192907900
2290192907901
2290192907902
2290192907903
2290192907904
2290192907905
2290192907906
2290192907907
2290192907908
2290192907909
2290192907910
2290192907911
2290192907912
2290192907913
2290192907914
2290192907915
2290192907916
2290192907917
2290192907918
2290192907919
2290192907920
2290192907921
2290192907922
2290192907923
2290192907924
2290192907925
2290192907926
2290192907927
2290192907928
2290192907929
2290192907930
2290192907931
2290192907932
2290192907933
2290192907934
2290192907935
2290192907936
2290192907937
2290192907938
2290192907939
2290192907940
2290192907941
2290192907942
2290192907943
2290192907944
2290192907945
2290192907946
2290192907947
2290192907948
2290192907949
2290192907950
2290192907951
2290192907952
2290192907953
2290192907954
2290192907955
2290192907956
2290192907957
2290192907958
2290192907959
2290192907960
2290192907961
2290192907962
2290192907963
2290192907964
2290192907965
2290192907966
2290192907967
2290192907968
2290192907969
2290192907970
2290192907971
2290192907972
2290192907973
2290192907974
2290192907975
2290192907976
2290192907977
2290192907978
2290192907979
2290192907980
2290192907981
2290192907982
2290192907983
2290192907984
2290192907985
2290192907986
2290192907987
2290192907988
2290192907989
2290192907990
2290192907991
2290192907992
2290192907993
2290192907994
2290192907995
2290192907996
2290192907997
2290192907998
2290192907999
2290192908000
2290192908001
2290192908002
2290192908003
2290192908004
2290192908005
2290192908006
2290192908007
2290192908008
2290192908009
2290192908010
2290192908011
2290192908012
2290192908013
2290192908014
2290192908015
2290192908016
2290192908017
2290192908018
2290192908019
2290192908020
2290192908021
2290192908022
2290192908023
2290192908024
2290192908025
2290192908026
2290192908027
2290192908028
2290192908029
2290192908030
2290192908031
2290192908032
2290192908033
2290192908034
2290192908035
2290192908036
2290192908037
2290192908038
2290192908039
2290192908040
2290192908041
2290192908042
2290192908043
2290192908044
2290192908045
2290192908046
2290192908047
2290192908048
2290192908049
2290192908050
2290192908051
2290192908052
2290192908053
2290192908054
2290192908055
2290192908056
2290192908057
2290192908058
2290192908059
2290192908060
2290192908061
2290192908062
2290192908063
2290192908064
2290192908065
2290192908066
2290192908067
2290192908068
2290192908069
2290192908070
2290192908071
2290192908072
2290192908074
2290192908075
2290192908076
2290192908077
2290192908078
2290192908079
2290192908080
2290192908081
2290192908082
2290192908083
2290192908084
2290192908086
2290192908087
2290192908088
2290192908089
2290192908090
2290192908091
2290192908092
2290192908093
2290192908094
2290192908095
2290192908096
2290192908097
2290192908098
2290192908099
2290192908100
2290192908101
2290192908102
2290192908103
2290192908104
2290192908105
2290192908106
2290192908107
2290192908108
2290192908109
2290192908110
2290192908111
2290192908112
2290192908113
2290192908114
2290192908115
2290192908116
2290192908117
2290192908118
2290192908119
2290192908120
2290192908121
2290192908122
2290192908123
2290192908124
2290192908125
2290192908126
2290192908127
2290192908128
2290192908129
2290192908130
2290192908131
2290192908132
2290192908133
2290192908134
2290192908135
2290192908136
2290192908137
2290192908138
2290192908139
2290192908140
2290192908141
2290192908142
2290192908143
2290192908144
2290192908145
2290192908146
2290192908147
2290192908148
2290192908149
2290192908150
2290192908151
2290192908152
2290192908153
2290192908154
2290192908155
2290192908156
2290192908157
2290192908158
2290192908159
2290192908160
2290192908161
2290192908162
2290192908163
2290192908164
2290192908165
2290192908166
2290192908167
2290192908168
2290192908169
2290192908170
2290192908171
2290192908172
2290192908173
2290192908174
2290192908175
2290192908176
2290192908177
2290192908178
2290192908179
2290192908180
2290192908181
2290192908182
2290192908183
2290192908184
2290192908185
2290192908186
2290192908187
2290192908188
2290192908189
2290192908190
2290192908191
2290192908192
2290192908193
2290192908194
2290192908195
2290192908196
2290192908197
2290192908198
2290192908199
2290192908200
2290192908201
2290192908202
2290192908203
2290192908204
2290192908205
2290192908206
2290192908207
2290192908208
2290192908209
2290192908210
2290192908211
2290192908212
2290192908213
2290192908214
2290192908215
2290192908216
2290192908217
2290192908218
2290192908219
2290192908220
2290192908221
2290192908222
2290192908223
2290192908224
2290192908225
2290192908226
2290192908227
2290192908228
2290192908229
2290192908230
2290192908231
2290192908232
2290192908233
2290192908234
2290192908235
2290192908236
2290192908237
2290192908238
2290192908239
2290192908240
2290192908241
2290192908242
2290192908243
2290192908244
2290192908245
2290192908246
2290192908247
2290192908248
2290192908249
2290192908250
2290192908251
2290192908252
2290192908253
2290192908254
2290192908255
2290192908256
2290192908257
2290192908258
2290192908259
2290192908260
2290192908261
2290192908262
2290192908263
2290192908264
2290192908265
2290192908266
2290192908267
2290192908268
2290192908269
2290192908270
2290192908271
2290192908272
2290192908273
2290192908274
2290192908275
2290192908276
2290192908277
2290192908278
2290192908279
2290192908280
2290192908281
2290192908282
2290192908283
2290192908284
2290192908285
2290192908286
2290192908287
2290192908288
2290192908289
2290192908290
2290192908291
2290192908292
2290192908293
2290192908294
2290192908295
2290192908296
2290192908297
2290192908298
2290192908299
2290192908300
2290192908301
2290192908302
2290192908303
2290192908304
2290192908305
2290192908306
2290192908307
2290192908308
2290192908309
2290192908310
2290192908311
2290192908312
2290192908313
2290192908314
2290192908315
2290192908316
2290192908317
2290192908318
2290192908319
2290192908320
2290192908321
2290192908322
2290192908323
2290192908324
2290192908325
2290192908326
2290192908327
2290192908328
2290192908329
2290192908330
2290192908331
2290192908332
2290192908333
2290192908334
2290192908335
2290192908336
2290192908337
2290192908338
2290192908339
2290192908340
2290192908341
2290192908342
2290192908343
2290192908344
2290192908345
2290192908346
2290192908347
2290192908348
2290192908349
2290192908350
2290192908351
2290192908352
2290192908353
2290192908354
2290192908355
2290192908356
2290192908357
2290192908358
2290192908359
2290192908360
2290192908361
2290192908362
2290192908363
2290192908364
2290192908365
2290192908366
2290192908367
2290192908368
2290192908369
2290192908370
2290192908371
2290192908372
2290192908373
2290192908374
2290192908375
2290192908376
2290192908377
2290192908378
2290192908379
2290192908380
2290192908381
2290192908382
2290192908383
2290192908384
2290192908385
2290192908386
2290192908387
2290192908388
2290192908389
2290192908390
2290192908391
2290192908392
2290192908393
2290192908394
2290192908395
2290192908396
2290192908397
2290192908398
2290192908399
2290192908400
2290192908401
2290192908402
2290192908403
2290192908404
2290192908405
2290192908406
2290192908407
2290192908408
2290192908409
2290192908410
2290192908411
2290192908412
2290192908413
2290192908414
2290192908415
2290192908416
2290192908417
2290192908418
2290192908419
2290192908420
2290192908421
2290192908422
2290192908423
2290192908424
2290192908425
2290192908426
2290192908427
2290192908428
2290192908429
2290192908430
2290192908431
2290192908432
2290192908433
2290192908434
2290192908435
2290192908436
2290192908437
2290192908438
2290192908439
2290192908440
2290192908441
2290192908442
2290192908443
2290192908444
2290192908445
2290192908446
2290192908447
2290192908448
2290192908449
2290192908450
2290192908451
2290192908452
2290192908453
2290192908454
2290192908455
2290192908456
2290192908457
2290192908458
2290192908459
2290192908460
2290192908461
2290192908462
2290192908463
2290192908464
2290192908465
2290192908466
2290192908467
2290192908468
2290192908469
2290192908470
2290192908471
2290192908472
2290192908473
2290192908474
2290192908475
2290192908476
2290192908477
2290192908478
2290192908479
2290192908480
2290192908481
2290192908482
2290192908483
2290192908484
2290192908485
2290192908486
2290192908487
2290192908488
2290192908489
2290192908490
2290192908491
2290192908492
2290192908493
2290192908494
2290192908495
2290192908496
2290192908497
2290192908498
2290192908499
2290192908500
2290192908501
2290192908502
2290192908503
2290192908504
2290192908505
2290192908506
2290192908507
2290192908508
2290192908509
2290192908510
2290192908511
2290192908512
2290192908513
2290192908514
2290192908515
2290192908516
2290192908517
2290192908518
2290192908519
2290192908520
2290192908521
2290192908522
2290192908523
2290192908524
2290192908525
2290192908526
2290192908527
2290192908528
2290192908529
2290192908530
2290192908531
2290192908532
2290192908533
2290192908534
2290192908535
2290192908536
2290192908537
2290192908538
2290192908539
2290192908540
2290192908541
2290192908542
2290192908543
2290192908544
2290192908545
2290192908546
2290192908547
2290192908548
2290192908549
2290192908550
2290192908551
2290192908552
2290192908553
2290192908554
2290192908555
2290192908556
2290192908557
2290192908558
2290192908559
2290192908560
2290192908561
2290192908562
2290192908563
2290192908564
2290192908565
2290192908566
2290192908567
2290192908568
2290192908569
2290192908570
2290192908571
2290192908572
2290192908573
2290192908574
2290192908575
2290192908576
2290192908577
2290192908578
2290192908579
2290192908580
2290192908581
2290192908582
2290192908583
2290192908584
2290192908585
2290192908586
2290192908587
2290192908588
2290192908589
2290192908590
2290192908591
2290192908592
2290192908593
2290192908594
2290192908595
2290192908596
2290192908597
2290192908598
2290192908599
2290192908600
2290192908601
2290192908602
2290192908603
2290192908604
2290192908605
2290192908606
2290192908607
2290192908608
2290192908609
2290192908610
2290192908611
2290192908612
2290192908613
2290192908614
2290192908615
2290192908616
2290192908617
2290192908618
2290192908619
2290192908620
2290192908621
2290192908622
2290192908623
2290192908624
2290192908625
2290192908626
2290192908627
2290192908628
2290192908629
2290192908630
2290192908631
2290192908632
2290192908633
2290192908634
2290192908635
2290192908636
2290192908637
2290192908638
2290192908639
2290192908640
2290192908641
2290192908642
2290192908643
2290192908644
2290192908645
2290192908646
2290192908647
2290192908648
2290192908649
2290192908650
2290192908651
2290192908652
2290192908653
2290192908654
2290192908655
2290192908656
2290192908657
2290192908659
2290192908660
2290192908661
2290192908662
2290192908663
2290192908664
2290192908665
2290192908666
2290192908667
2290192908668
2290192908669
2290192908670
2290192908671
2290192908672
2290192908673
2290192908674
2290192908675
2290192908676
2290192908677
2290192908678
2290192908679
2290192908680
2290192908682
2290192908683
2290192908684
2290192908686
2290192908687
2290192908688
2290192908689
2290192908690
2290192908691
2290192908692
2290192908693
2290192908694
2290192908695
2290192908696
2290192908697
2290192908698
2290192908699
2290192908700
2290192908701
2290192908702
2290192908703
2290192908704
2290192908705
2290192908706
2290192908707
2290192908708
2290192908709
2290192908710
2290192908711
2290192908712
2290192908713
2290192908714
2290192908715
2290192908716
2290192908717
2290192908718
2290192908719
2290192908720
2290192908721
2290192908722
2290192908723
2290192908724
2290192908725
2290192908726
2290192908727
2290192908728
2290192908729
2290192908730
2290192908731
2290192908732
2290192908733
2290192908734
2290192908735
2290192908736
2290192908737
2290192908738
2290192908739
2290192908740
2290192908741
2290192908742
2290192908743
2290192908744
2290192908745
2290192908746
2290192908747
2290192908749
2290192908750
2290192908751
2290192908752
2290192908753
2290192908754
2290192908755
2290192908756
2290192908757
2290192908758
2290192908759
2290192908760
2290192908761
2290192908762
2290192908763
2290192908764
2290192908765
2290192908766
2290192908767
2290192908768
2290192908769
2290192908770
2290192908771
2290192908772
2290192908773
2290192908774
2290192908775
2290192908776
2290192908777
2290192908778
2290192908779
2290192908780
2290192908781
2290192908782
2290192908783
2290192908784
2290192908785
2290192908786
2290192908787
2290192908788
2290192908789
2290192908790
2290192908791
2290192908792
2290192908793
2290192908794
2290192908795
2290192908796
2290192908797
2290192908798
2290192908799
2290192908800
2290192908801
2290192908802
2290192908803
2290192908804
2290192908805
2290192908806
2290192908807
2290192908808
2290192908809
2290192908810
2290192908811
2290192908812
2290192908813
2290192908814
2290192908815
2290192908816
2290192908817
2290192908818
2290192908819
2290192908820
2290192908821
2290192908822
2290192908823
2290192908824
2290192908825
2290192908826
2290192908827
2290192908828
2290192908829
2290192908830
2290192908831
2290192908832
2290192908833
2290192908834
2290192908835
2290192908836
2290192908837
2290192908838
2290192908839
2290192908840
2290192908841
2290192908842
2290192908843
2290192908844
2290192908846
2290192908847
2290192908848
2290192908849
2290192908850
2290192908851
2290192908852
2290192908853
2290192908854
2290192908855
2290192908856
2290192908857
2290192908858
2290192908859
2290192908860
2290192908861
2290192908862
2290192908863
2290192908864
2290192908865
2290192908866
2290192908867
2290192908868
2290192908869
2290192908870
2290192908871
2290192908872
2290192908873
2290192908874
2290192908875
2290192908876
2290192908877
2290192908878
2290192908879
2290192908880
2290192908881
2290192908882
2290192908883
2290192908884
2290192908885
2290192908886
2290192908887
2290192908888
2290192908889
2290192908890
2290192908891
2290192908892
2290192908893
2290192908894
2290192908895
2290192908896
2290192908897
2290192908898
2290192908899
2290192908900
2290192908901
2290192908902
2290192908903
2290192908904
2290192908905
2290192908906
2290192908907
2290192908908
2290192908909
2290192908910
2290192908911
2290192908912
2290192908913
2290192908914
2290192908915
2290192908916
2290192908917
2290192908918
2290192908919
2290192908920
2290192908921
2290192908922
2290192908923
2290192908924
2290192908925
2290192908926
2290192908927
2290192908928
2290192908929
2290192908930
2290192908931
2290192908932
2290192908933
2290192908934
2290192908935
2290192908936
2290192908937
2290192908938
2290192908939
2290192908940
2290192908941
2290192908942
2290192908943
2290192908944
2290192908945
2290192908946
2290192908947
2290192908948
2290192908949
2290192908950
2290192908951
2290192908952
2290192908953
2290192908954
2290192908955
2290192908956
2290192908958
2290192908959
2290192908960
2290192908961
2290192908962
2290192908963
2290192908964
2290192908965
2290192908966
2290192908967
2290192908968
2290192908969
2290192908970
2290192908971
2290192908972
2290192908973
2290192908974
2290192908975
2290192908976
2290192908977
2290192908978
2290192908979
2290192908980
2290192908981
2290192908982
2290192908983
2290192908984
2290192908985
2290192908986
2290192908987
2290192908988
2290192908989
2290192908990
2290192908991
2290192908992
2290192908993
2290192908994
2290192908995
2290192908996
2290192908997
2290192908998
2290192908999
2290192909000
2290192909001
2290192909002
2290192909003
2290192909004
2290192909005
2290192909006
2290192909007
2290192909008
2290192909009
2290192909010
2290192909011
2290192909012
2290192909013
2290192909014
2290192909015
2290192909016
2290192909017
2290192909018
2290192909019
2290192909020
2290192909021
2290192909022
2290192909023
2290192909024
2290192909025
2290192909026
2290192909027
2290192909028
2290192909029
2290192909030
2290192909031
2290192909032
2290192909033
2290192909034
2290192909035
2290192909036
2290192909037
2290192909038
2290192909039
2290192909040
2290192909041
2290192909042
2290192909043
2290192909044
2290192909045
2290192909046
2290192909047
2290192909048
2290192909049
2290192909050
2290192909051
2290192909052
2290192909053
2290192909054
2290192909055
2290192909056
2290192909057
2290192909058
2290192909059
2290192909060
2290192909061
2290192909062
2290192909063
2290192909064
2290192909065
2290192909066
2290192909067
2290192909068
2290192909069
2290192909070
2290192909071
2290192909072
2290192909073
2290192909074
2290192909075
2290192909076
2290192909077
2290192909078
2290192909079
2290192909080
2290192909081
2290192909082
2290192909083
2290192909084
2290192909085
2290192909086
2290192909087
2290192909088
2290192909089
2290192909090
2290192909091
2290192909092
2290192909093
2290192909094
2290192909095
2290192909096
2290192909097
2290192909098
2290192909099
2290192909100
2290192909101
2290192909102
2290192909103
2290192909104
2290192909105
2290192909106
2290192909107
2290192909108
2290192909109
2290192909110
2290192909111
2290192909112
2290192909113
2290192909114
2290192909115
2290192909116
2290192909117
2290192909118
2290192909119
2290192909120
2290192909121
2290192909122
2290192909123
2290192909124
2290192909125
2290192909126
2290192909127
2290192909128
2290192909130
2290192909131
2290192909132
2290192909133
2290192909134
2290192909135
2290192909136
2290192909137
2290192909138
2290192909139
2290192909140
2290192909141
2290192909142
2290192909143
2290192909144
2290192909145
2290192909146
2290192909147
2290192909148
2290192909149
2290192909150
2290192909151
2290192909152
2290192909153
2290192909154
2290192909155
2290192909156
2290192909157
2290192909158
2290192909159
2290192909160
2290192909161
2290192909162
2290192909163
2290192909164
2290192909165
2290192909166
2290192909167
2290192909168
2290192909169
2290192909170
2290192909171
2290192909172
2290192909173
2290192909174
2290192909175
2290192909176
2290192909177
2290192909178
2290192909179
2290192909180
2290192909182
2290192909183
2290192909184
2290192909185
2290192909186
2290192909187
2290192909188
2290192909189
2290192909190
2290192909191
2290192909192
2290192909193
2290192909194
2290192909195
2290192909196
2290192909197
2290192909198
2290192909199
2290192909200
2290192909201
2290192909202
2290192909203
2290192909204
2290192909205
2290192909206
2290192909207
2290192909208
2290192909209
2290192909210
2290192909211
2290192909212
2290192909213
2290192909214
2290192909215
2290192909216
2290192909217
2290192909218
2290192909219
2290192909220
2290192909221
2290192909222
2290192909223
2290192909224
2290192909225
2290192909226
2290192909227
2290192909228
2290192909229
2290192909230
2290192909231
2290192909232
2290192909233
2290192909234
2290192909235
2290192909236
2290192909237
2290192909238
2290192909239
2290192909240
2290192909241
2290192909242
2290192909243
2290192909244
2290192909245
2290192909246
2290192909247
2290192909248
2290192909249
2290192909250
2290192909251
2290192909252
2290192909253
2290192909254
2290192909255
2290192909256
2290192909257
2290192909258
2290192909259
2290192909260
2290192909261
2290192909262
2290192909263
2290192909264
2290192909265
2290192909266
2290192909267
2290192909268
2290192909269
2290192909270
2290192909271
2290192909272
2290192909273
2290192909274
2290192909275
2290192909276
2290192909277
2290192909278
2290192909279
2290192909280
2290192909281
2290192909282
2290192909283
2290192909284
2290192909285
2290192909286
2290192909287
2290192909288
2290192909289
2290192909290
2290192909291
2290192909292
2290192909293
2290192909294
2290192909295
2290192909296
2290192909297
2290192909298
2290192909299
2290192909300
2290192909301
2290192909302
2290192909303
2290192909304
2290192909305
2290192909306
2290192909307
2290192909308
2290192909309
2290192909310
2290192909311
2290192909312
2290192909313
2290192909314
2290192909315
2290192909316
2290192909317
2290192909318
2290192909319
2290192909320
2290192909321
2290192909322
2290192909323
2290192909324
2290192909325
2290192909326
2290192909327
2290192909328
2290192909329
2290192909330
2290192909331
2290192909332
2290192909333
2290192909334
2290192909335
2290192909336
2290192909337
2290192909338
2290192909339
2290192909340
2290192909341
2290192909342
2290192909343
2290192909344
2290192909345
2290192909346
2290192909347
2290192909348
2290192909349
2290192909350
2290192909351
2290192909352
2290192909353
2290192909354
2290192909355
2290192909356
2290192909357
2290192909358
2290192909359
2290192909360
2290192909361
2290192909362
2290192909363
2290192909364
2290192909365
2290192909366
2290192909367
2290192909368
2290192909369
2290192909370
2290192909371
2290192909372
2290192909373
2290192909374
2290192909375
2290192909376
2290192909377
2290192909378
2290192909379
2290192909380
2290192909381
2290192909382
2290192909383
2290192909384
2290192909385
2290192909386
2290192909387
2290192909388
2290192909389
2290192909390
2290192909391
2290192909392
2290192909393
2290192909394
2290192909395
2290192909396
2290192909397
2290192909398
2290192909399
2290192909400
2290192909401
2290192909402
2290192909403
2290192909404
2290192909405
2290192909406
2290192909407
2290192909408
2290192909409
2290192909410
2290192909411
2290192909412
2290192909413
2290192909414
2290192909415
2290192909416
2290192909417
2290192909418
2290192909419
2290192909420
2290192909421
2290192909422
2290192909423
2290192909424
2290192909425
2290192909426
2290192909427
2290192909428
2290192909429
2290192909430
2290192909431
2290192909432
2290192909433
2290192909434
2290192909435
2290192909436
2290192909437
2290192909438
2290192909439
2290192909440
2290192909441
2290192909442
2290192909443
2290192909444
2290192909445
2290192909446
2290192909447
2290192909448
2290192909449
2290192909450
2290192909451
2290192909452
2290192909453
2290192909454
2290192909455
2290192909456
2290192909457
2290192909458
2290192909459
2290192909460
2290192909461
2290192909462
2290192909463
2290192909464
2290192909465
2290192909466
2290192909467
2290192909468
2290192909469
2290192909470
2290192909471
2290192909472
2290192909473
2290192909474
2290192909475
2290192909476
2290192909477
2290192909478
2290192909479
2290192909480
2290192909481
2290192909482
2290192909483
2290192909484
2290192909485
2290192909486
2290192909487
2290192909488
2290192909489
2290192909490
2290192909491
2290192909492
2290192909493
2290192909494
2290192909495
2290192909496
2290192909497
2290192909498
2290192909499
2290192909500
2290192909501
2290192909502
2290192909503
2290192909504
2290192909505
2290192909506
2290192909507
2290192909508
2290192909509
2290192909510
2290192909511
2290192909512
2290192909513
2290192909514
2290192909515
2290192909516
2290192909517
2290192909518
2290192909519
2290192909520
2290192909521
2290192909522
2290192909523
2290192909524
2290192909525
2290192909526
2290192909527
2290192909528
2290192909529
2290192909530
2290192909531
2290192909532
2290192909533
2290192909534
2290192909535
2290192909536
2290192909537
2290192909538
2290192909539
2290192909540
2290192909541
2290192909542
2290192909543
2290192909544
2290192909545
2290192909546
2290192909547
2290192909548
2290192909549
2290192909550
2290192909551
2290192909552
2290192909553
2290192909554
2290192909555
2290192909556
2290192909557
2290192909558
2290192909559
2290192909560
2290192909561
2290192909562
2290192909563
2290192909564
2290192909565
2290192909566
2290192909567
2290192909568
2290192909569
2290192909570
2290192909571
2290192909572
2290192909573
2290192909574
2290192909575
2290192909576
2290192909577
2290192909579
2290192909580
2290192909581
2290192909582
2290192909583
2290192909584
2290192909585
2290192909586
2290192909587
2290192909588
2290192909589
2290192909590
2290192909591
2290192909592
2290192909593
2290192909594
2290192909595
2290192909596
2290192909597
2290192909598
2290192909599
2290192909600
2290192909601
2290192909602
2290192909603
2290192909604
2290192909605
2290192909606
2290192909607
2290192909608
2290192909609
2290192909610
2290192909611
2290192909612
2290192909613
2290192909614
2290192909615
2290192909616
2290192909617
2290192909618
2290192909619
2290192909620
2290192909621
2290192909622
2290192909623
2290192909624
2290192909625
2290192909626
2290192909627
2290192909628
2290192909629
2290192909630
2290192909631
2290192909632
2290192909633
2290192909634
2290192909635
2290192909636
2290192909637
2290192909638
2290192909639
2290192909640
2290192909641
2290192909642
2290192909643
2290192909644
2290192909645
2290192909646
2290192909647
2290192909648
2290192909649
2290192909650
2290192909651
2290192909652
2290192909654
2290192909655
2290192909656
2290192909657
2290192909658
2290192909659
2290192909660
2290192909661
2290192909662
2290192909663
2290192909664
2290192909665
2290192909666
2290192909667
2290192909668
2290192909669
2290192909670
2290192909671
2290192909672
2290192909673
2290192909674
2290192909675
2290192909676
2290192909677
2290192909678
2290192909679
2290192909680
2290192909681
2290192909682
2290192909683
2290192909684
2290192909685
2290192909686
2290192909687
2290192909688
2290192909689
2290192909690
2290192909691
2290192909692
2290192909693
2290192909694
2290192909695
2290192909696
2290192909697
2290192909698
2290192909699
2290192909700
2290192909701
2290192909702
2290192909703
2290192909704
2290192909705
2290192909706
2290192909707
2290192909708
2290192909709
2290192909710
2290192909711
2290192909712
2290192909713
2290192909714
2290192909715
2290192909716
2290192909717
2290192909718
2290192909719
2290192909720
2290192909721
2290192909722
2290192909723
2290192909724
2290192909725
2290192909726
2290192909727
2290192909728
2290192909729
2290192909730
2290192909731
2290192909732
2290192909733
2290192909734
2290192909735
2290192909736
2290192909737
2290192909738
2290192909739
2290192909740
2290192909741
2290192909742
2290192909743
2290192909744
2290192909745
2290192909746
2290192909747
2290192909748
2290192909749
2290192909750
2290192909751
2290192909752
2290192909753
2290192909754
2290192909755
2290192909756
2290192909757
2290192909758
2290192909759
2290192909760
2290192909761
2290192909762
2290192909763
2290192909764
2290192909765
2290192909766
2290192909767
2290192909768
2290192909769
2290192909770
2290192909771
2290192909772
2290192909773
2290192909774
2290192909775
2290192909776
2290192909777
2290192909778
2290192909779
2290192909780
2290192909781
2290192909782
2290192909783
2290192909784
2290192909785
2290192909786
2290192909787
2290192909788
2290192909789
2290192909790
2290192909791
2290192909792
2290192909793
2290192909794
2290192909795
2290192909796
2290192909797
2290192909798
2290192909799
2290192909800
2290192909801
2290192909802
2290192909803
2290192909804
2290192909805
2290192909806
2290192909807
2290192909808
2290192909809
2290192909810
2290192909811
2290192909812
2290192909813
2290192909814
2290192909815
2290192909816
2290192909817
2290192909818
2290192909819
2290192909820
2290192909821
2290192909822
2290192909823
2290192909824
2290192909825
2290192909826
2290192909827
2290192909828
2290192909829
2290192909830
2290192909831
2290192909832
2290192909833
2290192909834
2290192909835
2290192909836
2290192909837
2290192909838
2290192909839
2290192909840
2290192909841
2290192909842
2290192909843
2290192909844
2290192909845
2290192909846
2290192909847
2290192909848
2290192909849
2290192909850
2290192909851
2290192909852
2290192909853
2290192909854
2290192909855
2290192909856
2290192909857
2290192909858
2290192909859
2290192909860
2290192909861
2290192909862
2290192909863
2290192909864
2290192909865
2290192909866
2290192909867
2290192909868
2290192909869
2290192909870
2290192909871
2290192909872
2290192909873
2290192909874
2290192909875
2290192909876
2290192909877
2290192909878
2290192909879
2290192909880
2290192909881
2290192909882
2290192909883
2290192909884
2290192909885
2290192909886
2290192909887
2290192909888
2290192909889
2290192909890
2290192909891
2290192909892
2290192909893
2290192909894
2290192909895
2290192909896
2290192909897
2290192909898
2290192909899
2290192909900
2290192909901
2290192909902
2290192909903
2290192909904
2290192909905
2290192909906
2290192909907
2290192909908
2290192909909
2290192909910
2290192909911
2290192909912
2290192909913
2290192909914
2290192909915
2290192909916
2290192909917
2290192909918
2290192909919
2290192909920
2290192909921
2290192909922
2290192909923
2290192909924
2290192909926
2290192909927
2290192909928
2290192909929
2290192909930
2290192909931
2290192909932
2290192909933
2290193000000
2290193000001
2290193000002
2290193000003
2290193000004
2290193000005
2290193000006
2290193000007
2290193000008
2290193000009
2290193000010
2290193000011
2290193000012
2290193000013
2290193000014
2290193000015
2290193000016
2290193000017
2290193000018
2290193000019
2290193000020
2290193000021
2290193000022
2290193000023
2290193000024
2290193000025
2290193000026
2290193000027
2290193000028
2290193000029
2290193000030
2290193000031
2290193000032
2290193000033
2290193000034
2290193000035
2290193000036
2290193000037
2290193000038
2290193000039
2290193000040
2290193000041
2290193000042
2290193000043
2290193000044
2290193000045
2290193000046
2290193000047
2290193000048
2290193000049
2290193000050
2290193000051
2290193000052
2290193000053
2290193000054
2290193000055
2290193000056
2290193000057
2290193000058
2290193000059
2290193000060
2290193000061
2290193000062
2290193000063
2290193000064
2290193000065
2290193000066
2290193000067
2290193000068
2290193000069
2290193000070
2290193000071
2290193000072
2290193000073
2290193000074
2290193000075
2290193000076
2290193000077
2290193000078
2290193000079
2290193000080
2290193000081
2290193000082
2290193000083
2290193000084
2290193000085
2290193000086
2290193000087
2290193000088
2290193000089
2290193000090
2290193000091
2290193000092
2290193000093
2290193000094
2290193000095
2290193000096
2290193000097
2290193000098
2290193000099
2290193000100
2290193000101
2290193000102
2290193000103
2290193000104
2290193000105
2290193000106
2290193000107
2290193000108
2290193000109
2290193000110
2290193000111
2290193000112
2290193000113
2290193000114
2290193000115
2290193000116
2290193000117
2290193000118
2290193000119
2290193000120
2290193000121
2290193000122
2290193000123
2290193000124
2290193000125
2290193000126
2290193000127
2290193000128
2290193000129
2290193000130
2290193000131
2290193000132
2290193000133
2290193000134
2290193000135
2290193000136
2290193000137
2290193000138
2290193000139
2290193000140
2290193000141
2290193000142
2290193000143
2290193000144
2290193000145
2290193000146
2290193000147
2290193000148
2290193000149
2290193000716
2290193002342
2290193002769
2290193003092
2290193004534
2290193005110
2290193005111
2290193005112
2290193005113
2290193005114
2290193005115
2290193005116
2290193005117
2290193005118
2290193005119
2290193005120
2290193005121
2290193005122
2290193005123
2290193005124
2290193005125
2290193005126
2290193005127
2290193005128
2290193005129
2290193005130
2290193005131
2290193005132
2290193005133
2290193005134
2290193005135
2290193005136
2290193005137
2290193005138
2290193005139
2290193005140
2290193005141
2290193005142
2290193005143
2290193005144
2290193005145
2290193005146
2290193005147
2290193005148
2290193005149
2290193005150
2290193005151
2290193005152
2290193005153
2290193005154
2290193005155
2290193005156
2290193005157
2290193005158
2290193005159
2290193005160
2290193005161
2290193005162
2290193005163
2290193005164
2290193005165
2290193005166
2290193005167
2290193005168
2290193005169
2290193005170
2290193005171
2290193005172
2290193005173
2290193005174
2290193005175
2290193005176
2290193005177
2290193005178
2290193005179
2290193005180
2290193005181
2290193005182
2290193005183
2290193005184
2290193005185
2290193005186
2290193005188
2290193005189
2290193005190
2290193005191
2290193005192
2290193005193
2290193005194
2290193005195
2290193005196
2290193005197
2290193005198
2290193005199
2290193005200
2290193005201
2290193005202
2290193005203
2290193005204
2290193005205
2290193005206
2290193005207
2290193005208
2290193005209
2290193005210
2290193005211
2290193005212
2290193005213
2290193005214
2290193005215
2290193005216
2290193005217
2290193005218
2290193005219
2290193005220
2290193005221
2290193005222
2290193005223
2290193005224
2290193005225
2290193005226
2290193005227
2290193005228
2290193005229
2290193005230
2290193005231
2290193005232
2290193005233
2290193005234
2290193005235
2290193005236
2290193005237
2290193005238
2290193005239
2290193005240
2290193005241
2290193005242
2290193005243
2290193005244
2290193005245
2290193005246
2290193005247
2290193005248
2290193005249
2290193005250
2290193005251
2290193005252
2290193005253
2290193005254
2290193005255
2290193005256
2290193005257
2290193005258
2290193005259
2290193005260
2290193005261
2290193005262
2290193005263
2290193005264
2290193005265
2290193005266
2290193005267
2290193005268
2290193005269
2290193005270
2290193005271
2290193005272
2290193005273
2290193005274
2290193005275
2290193005276
2290193005277
2290193005278
2290193005279
2290193005280
2290193005281
2290193005282
2290193005283
2290193005284
2290193005285
2290193005286
2290193005287
2290193005288
2290193005289
2290193005290
2290193005291
2290193005292
2290193005293
2290193005294
2290193005295
2290193005296
2290193005297
2290193005298
2290193005299
2290193005300
2290193005301
2290193005302
2290193005303
2290193005304
2290193005305
2290193005306
2290193005307
2290193005308
2290193005309
2290193005310
2290193005311
2290193005312
2290193005313
2290193005314
2290193005315
2290193005316
2290193005317
2290193005318
2290193005319
2290193005320
2290193005321
2290193005322
2290193005323
2290193005324
2290193005325
2290193005326
2290193005327
2290193005328
2290193005329
2290193005330
2290193005331
2290193005332
2290193005333
2290193005334
2290193005335
2290193005336
2290193005337
2290193005338
2290193005339
2290193005340
2290193005341
2290193005342
2290193005343
2290193005344
2290193005345
2290193005346
2290193005347
2290193005348
2290193005349
2290193005350
2290193005351
2290193005352
2290193005353
2290193005354
2290193005355
2290193005356
2290193005357
2290193005358
2290193005359
2290193005360
2290193005361
2290193005362
2290193005363
2290193005364
2290193005365
2290193005366
2290193005367
2290193005368
2290193005369
2290193005370
2290193005371
2290193005372
2290193005373
2290193005374
2290193005375
2290193005376
2290193005377
2290193005378
2290193005379
2290193005380
2290193005381
2290193005382
2290193005383
2290193005384
2290193005385
2290193005386
2290193005387
2290193005388
2290193005389
2290193005390
2290193005391
2290193005392
2290193005393
2290193005394
2290193005395
2290193005396
2290193005397
2290193005398
2290193005399
2290193005400
2290193005401
2290193005402
2290193005403
2290193005404
2290193005405
2290193005406
2290193005407
2290193005408
2290193005409
2290193005410
2290193005411
2290193005412
2290193005413
2290193005414
2290193005415
2290193005416
2290193005417
2290193005418
2290193005419
2290193005420
2290193005421
2290193005422
2290193005423
2290193005424
2290193005425
2290193005426
2290193005427
2290193005428
2290193005429
2290193005430
2290193005431
2290193005432
2290193005433
2290193005434
2290193005435
2290193005436
2290193005437
2290193005438
2290193005439
2290193005440
2290193005441
2290193005442
2290193005443
2290193005444
2290193005445
2290193005446
2290193005447
2290193005448
2290193005449
2290193005450
2290193005451
2290193005452
2290193005453
2290193005454
2290193005455
2290193005456
2290193005457
2290193005458
2290193005459
2290193005460
2290193005461
2290193005462
2290193005463
2290193005464
2290193005465
2290193005466
2290193005467
2290193005468
2290193005469
2290193005470
2290193005471
2290193005472
2290193005473
2290193005474
2290193005475
2290193005476
2290193005477
2290193005478
2290193005479
2290193005480
2290193005481
2290193005482
2290193005483
2290193005484
2290193005485
2290193005486
2290193005487
2290193005488
2290193005489
2290193005490
2290193005491
2290193005492
2290193005493
2290193005494
2290193005495
2290193005496
2290193005497
2290193005498
2290193005499
2290193005500
2290193005501
2290193005502
2290193005503
2290193005504
2290193005505
2290193005506
2290193005507
2290193005508
2290193005509
2290193005510
2290193005511
2290193005512
2290193005513
2290193005514
2290193005515
2290193005516
2290193005517
2290193005518
2290193005519
2290193005520
2290193005521
2290193005522
2290193005523
2290193005524
2290193005525
2290193005526
2290193005527
2290193005528
2290193005529
2290193005530
2290193005531
2290193005532
2290193005533
2290193005534
2290193005535
2290193005536
2290193005537
2290193005538
2290193005539
2290193005540
2290193005541
2290193005542
2290193005543
2290193005544
2290193005545
2290193005546
2290193005547
2290193005548
2290193005549
2290193005550
2290193005551
2290193005552
2290193005553
2290193005554
2290193005555
2290193005556
2290193005557
2290193005558
2290193005559
2290193005560
2290193005561
2290193005562
2290193005563
2290193005564
2290193005565
2290193005566
2290193005567
2290193005568
2290193005569
2290193005570
2290193005571
2290193005572
2290193005573
2290193005574
2290193005575
2290193005576
2290193005577
2290193005578
2290193005579
2290193005580
2290193005581
2290193005582
2290193005583
2290193005584
2290193005585
2290193005586
2290193005587
2290193005588
2290193005589
2290193005590
2290193005591
2290193005592
2290193005593
2290193005594
2290193005595
2290193005596
2290193005597
2290193005598
2290193005599
2290193005600
2290193005601
2290193005602
2290193005603
2290193005604
2290193005605
2290193005606
2290193005607
2290193005608
2290193005609
2290193005610
2290193005611
2290193005612
2290193005613
2290193005614
2290193005615
2290193005616
2290193005617
2290193005618
2290193005619
2290193005620
2290193005621
2290193005622
2290193005623
2290193005624
2290193005625
2290193005626
2290193005627
2290193005628
2290193005629
2290193005630
2290193005631
2290193005632
2290193005633
2290193005634
2290193005635
2290193005636
2290193005637
2290193005638
2290193005639
2290193005640
2290193005641
2290193005642
2290193005643
2290193005644
2290193005645
2290193005646
2290193005647
2290193005648
2290193005649
2290193005650
2290193005651
2290193005652
2290193005653
2290193005654
2290193005655
2290193005656
2290193005657
2290193005658
2290193005659
2290193005660
2290193005661
2290193005662
2290193005663
2290193005664
2290193005665
2290193005666
2290193005667
2290193005668
2290193005669
2290193005670
2290193005671
2290193005672
2290193005673
2290193005674
2290193005675
2290193005676
2290193005677
2290193005678
2290193005679
2290193005680
2290193005681
2290193005682
2290193005683
2290193005684
2290193005685
2290193005686
2290193005687
2290193005688
2290193005689
2290193005690
2290193005691
2290193005692
2290193005693
2290193005694
2290193005695
2290193005696
2290193005697
2290193005698
2290193005699
2290193005700
2290193005701
2290193005702
2290193005703
2290193005704
2290193005705
2290193005706
2290193005707
2290193005708
2290193005709
2290193005710
2290193005711
2290193005712
2290193005713
2290193005714
2290193005715
2290193005716
2290193005717
2290193005718
2290193005719
2290193005720
2290193005721
2290193005722
2290193005723
2290193005724
2290193005725
2290193005726
2290193005727
2290193005728
2290193005729
2290193005730
2290193005731
2290193005732
2290193005733
2290193005734
2290193005735
2290193005736
2290193005737
2290193005738
2290193005739
2290193005740
2290193005741
2290193005742
2290193005743
2290193005744
2290193005745
2290193005746
2290193005747
2290193005748
2290193005749
2290193005750
2290193005751
2290193005752
2290193005753
2290193005754
2290193005755
2290193005756
2290193005757
2290193005758
2290193005759
2290193005760
2290193005761
2290193005762
2290193005763
2290193005764
2290193005765
2290193005766
2290193005767
2290193005768
2290193005769
2290193005770
2290193005771
2290193005772
2290193005773
2290193005774
2290193005775
2290193005776
2290193005777
2290193005778
2290193005779
2290193005780
2290193005781
2290193005782
2290193005783
2290193005784
2290193005785
2290193005787
2290193005788
2290193005789
2290193005790
2290193005791
2290193005792
2290193005793
2290193005794
2290193005795
2290193005796
2290193005797
2290193005798
2290193005799
2290193005800
2290193005801
2290193005802
2290193005803
2290193005804
2290193005805
2290193005806
2290193005807
2290193005808
2290193005809
2290193005810
2290193005811
2290193005812
2290193005813
2290193005814
2290193005815
2290193005816
2290193005817
2290193005818
2290193005819
2290193005820
2290193005821
2290193005822
2290193005823
2290193005824
2290193005825
2290193005826
2290193005827
2290193005828
2290193005829
2290193005830
2290193005831
2290193005832
2290193005833
2290193005834
2290193005835
2290193005836
2290193005837
2290193005838
2290193005839
2290193005840
2290193005841
2290193005842
2290193005843
2290193005844
2290193005845
2290193005846
2290193005847
2290193005848
2290193005849
2290193005850
2290193005851
2290193005852
2290193005853
2290193005854
2290193005855
2290193005856
2290193005857
2290193005858
2290193005859
2290193005860
2290193005862
2290193005863
2290193005864
2290193005865
2290193005866
2290193005867
2290193005868
2290193005869
2290193005870
2290193005871
2290193005872
2290193005873
2290193005874
2290193005875
2290193005876
2290193005877
2290193005878
2290193005879
2290193005880
2290193005881
2290193005882
2290193005883
2290193005884
2290193005885
2290193005886
2290193005887
2290193005888
2290193005889
2290193005890
2290193005891
2290193005892
2290193005893
2290193005894
2290193005895
2290193005896
2290193005897
2290193005898
2290193005899
2290193005900
2290193005901
2290193005902
2290193005903
2290193005904
2290193005905
2290193005906
2290193005907
2290193005908
2290193005909
2290193005910
2290193005911
2290193005912
2290193005913
2290193005914
2290193005915
2290193005916
2290193005917
2290193005918
2290193005919
2290193005921
2290193005922
2290193005923
2290193005924
2290193005925
2290193005926
2290193005927
2290193005928
2290193005929
2290193005930
2290193005931
2290193005932
2290193005933
2290193005934
2290193005935
2290193005936
2290193005937
2290193005938
2290193005939
2290193005940
2290193005941
2290193005942
2290193005943
2290193005944
2290193005945
2290193005946
2290193005947
2290193005948
2290193005949
2290193005950
2290193005951
2290193005952
2290193005953
2290193005954
2290193005955
2290193005956
2290193005957
2290193005958
2290193005959
2290193005960
2290193005961
2290193005962
2290193005963
2290193005964
2290193005965
2290193005966
2290193005967
2290193005968
2290193005969
2290193005970
2290193005971
2290193005972
2290193005973
2290193005974
2290193005975
2290193005976
2290193005977
2290193005978
2290193005979
2290193005980
2290193005981
2290193005982
2290193005983
2290193005984
2290193005985
2290193005986
2290193005987
2290193005988
2290193005989
2290193005990
2290193005991
2290193005992
2290193005993
2290193005994
2290193005995
2290193005996
2290193005997
2290193005998
2290193005999
2290193006000
2290193006001
2290193006002
2290193006003
2290193006004
2290193006005
2290193006006
2290193006007
2290193006008
2290193006009
2290193006010
2290193006011
2290193006012
2290193006013
2290193006014
2290193006015
2290193006016
2290193006018
2290193006019
2290193006020
2290193006021
2290193006022
2290193006023
2290193006024
2290193006025
2290193006026
2290193006027
2290193006028
2290193006029
2290193006030
2290193006031
2290193006032
2290193006033
2290193006034
2290193006035
2290193006036
2290193006037
2290193006038
2290193006039
2290193006040
2290193006041
2290193006042
2290193006043
2290193006044
2290193006045
2290193006046
2290193006047
2290193006048
2290193006049
2290193006050
2290193006051
2290193006052
2290193006053
2290193006054
2290193006055
2290193006056
2290193006057
2290193006058
2290193006059
2290193006060
2290193006061
2290193006062
2290193006063
2290193006064
2290193006065
2290193006066
2290193006067
2290193006068
2290193006069
2290193006070
2290193006071
2290193006072
2290193006073
2290193006074
2290193006075
2290193006076
2290193006077
2290193006078
2290193006079
2290193006080
2290193006081
2290193006082
2290193006083
2290193006084
2290193006085
2290193006086
2290193006087
2290193006088
2290193006089
2290193006090
2290193006091
2290193006092
2290193006093
2290193006094
2290193006095
2290193006096
2290193006097
2290193006098
2290193006099
2290193006100
2290193006101
2290193006102
2290193006103
2290193006104
2290193006105
2290193006106
2290193006107
2290193006108
2290193006109
2290193006110
2290193006111
2290193006112
2290193006113
2290193006114
2290193006115
2290193006116
2290193006117
2290193006118
2290193006119
2290193006120
2290193006121
2290193006122
2290193006123
2290193006124
2290193006125
2290193006126
2290193006127
2290193006128
2290193006129
2290193006130
2290193006131
2290193006132
2290193006133
2290193006134
2290193006135
2290193006136
2290193006137
2290193006138
2290193006139
2290193006140
2290193006141
2290193006142
2290193006143
2290193006144
2290193006145
2290193006146
2290193006147
2290193006148
2290193006149
2290193006150
2290193006151
2290193006152
2290193006153
2290193006154
2290193006155
2290193006156
2290193006157
2290193006158
2290193006159
2290193006160
2290193006161
2290193006162
2290193006163
2290193006164
2290193006165
2290193006166
2290193006167
2290193006168
2290193006169
2290193006170
2290193006171
2290193006172
2290193006173
2290193006174
2290193006175
2290193006176
2290193006177
2290193006178
2290193006179
2290193006180
2290193006181
2290193006182
2290193006183
2290193006184
2290193006185
2290193006186
2290193006187
2290193006188
2290193006189
2290193006190
2290193006191
2290193006192
2290193006193
2290193006194
2290193006195
2290193006196
2290193006197
2290193006198
2290193006199
2290193006200
2290193006201
2290193006202
2290193006203
2290193006204
2290193006205
2290193006206
2290193006207
2290193006208
2290193006209
2290193006211
2290193006212
2290193006213
2290193006214
2290193006215
2290193006216
2290193006217
2290193006218
2290193006219
2290193006220
2290193006221
2290193006222
2290193006223
2290193006224
2290193006225
2290193006226
2290193006227
2290193006228
2290193006229
2290193006230
2290193006231
2290193006232
2290193006233
2290193006234
2290193006235
2290193006236
2290193006237
2290193006238
2290193006239
2290193006240
2290193006241
2290193006242
2290193006243
2290193006244
2290193006245
2290193006246
2290193006247
2290193006248
2290193006249
2290193006250
2290193006251
2290193006252
2290193006253
2290193006254
2290193006255
2290193006256
2290193006257
2290193006258
2290193006259
2290193006260
2290193006261
2290193006262
2290193006263
2290193006264
2290193006265
2290193006266
2290193006267
2290193006268
2290193006269
2290193006270
2290193006271
2290193006272
2290193006273
2290193006274
2290193006275
2290193006276
2290193006277
2290193006278
2290193006279
2290193006280
2290193006281
2290193006282
2290193006283
2290193006284
2290193006285
2290193006286
2290193006287
2290193006288
2290193006289
2290193006290
2290193006291
2290193006292
2290193006293
2290193006294
2290193006295
2290193006296
2290193006297
2290193006298
2290193006299
2290193006300
2290193006301
2290193006302
2290193006303
2290193006304
2290193006305
2290193006306
2290193006307
2290193006308
2290193006309
2290193006310
2290193006311
2290193006312
2290193006313
2290193006314
2290193006315
2290193006316
2290193006317
2290193006318
2290193006319
2290193006320
2290193006321
2290193006322
2290193006323
2290193006324
2290193006325
2290193006326
2290193006327
2290193006328
2290193006329
2290193006330
2290193006331
2290193006332
2290193006333
2290193006334
2290193006335
2290193006336
2290193006337
2290193006338
2290193006339
2290193006340
2290193006341
2290193006342
2290193006343
2290193006344
2290193006345
2290193006346
2290193006347
2290193006348
2290193006349
2290193006350
2290193006351
2290193006352
2290193006353
2290193006354
2290193006355
2290193006356
2290193006357
2290193006358
2290193006359
2290193006360
2290193006361
2290193006362
2290193006363
2290193006364
2290193006365
2290193006366
2290193006367
2290193006368
2290193006369
2290193006370
2290193006371
2290193006372
2290193006373
2290193006374
2290193006375
2290193006376
2290193006377
2290193006378
2290193006379
2290193006380
2290193006381
2290193006382
2290193006383
2290193006384
2290193006385
2290193006386
2290193006387
2290193006388
2290193006389
2290193006390
2290193006391
2290193006392
2290193006393
2290193006394
2290193006395
2290193006396
2290193006397
2290193006398
2290193006399
2290193006400
2290193006401
2290193006402
2290193006403
2290193006404
2290193006405
2290193006406
2290193006407
2290193006408
2290193006409
2290193006410
2290193006411
2290193006412
2290193006413
2290193006414
2290193006415
2290193006416
2290193006417
2290193006418
2290193006419
2290193006420
2290193006421
2290193006422
2290193006423
2290193006424
2290193006425
2290193006426
2290193006427
2290193006428
2290193006429
2290193006430
2290193006431
2290193006432
2290193006433
2290193006434
2290193006435
2290193006436
2290193006437
2290193006438
2290193006439
2290193006440
2290193006441
2290193006442
2290193006443
2290193006444
2290193006445
2290193006446
2290193006447
2290193006448
2290193006449
2290193006450
2290193006451
2290193006452
2290193006453
2290193006454
2290193006455
2290193006456
2290193006457
2290193006458
2290193006459
2290193006460
2290193006461
2290193006462
2290193006463
2290193006464
2290193006465
2290193006466
2290193006467
2290193006468
2290193006469
2290193006470
2290193006471
2290193006472
2290193006473
2290193006474
2290193006475
2290193006476
2290193006477
2290193006478
2290193006479
2290193006480
2290193006481
2290193006482
2290193006483
2290193006484
2290193006485
2290193006486
2290193006487
2290193006488
2290193006489
2290193006490
2290193006491
2290193006492
2290193006493
2290193006494
2290193006495
2290193006496
2290193006497
2290193006498
2290193006499
2290193006500
2290193006501
2290193006502
2290193006503
2290193006504
2290193006505
2290193006506
2290193006507
2290193006508
2290193006509
2290193006510
2290193006511
2290193006512
2290193006513
2290193006514
2290193006515
2290193006516
2290193006517
2290193006518
2290193006519
2290193006520
2290193006521
2290193006522
2290193006523
2290193006524
2290193006525
2290193006526
2290193006527
2290193006528
2290193006529
2290193006530
2290193006531
2290193006532
2290193006533
2290193006534
2290193006535
2290193006536
2290193006537
2290193006538
2290193006539
2290193006540
2290193006541
2290193006542
2290193006543
2290193006544
2290193006545
2290193006546
2290193006547
2290193006548
2290193006549
2290193006550
2290193006551
2290193006552
2290193006553
2290193006554
2290193006555
2290193006556
2290193006557
2290193006558
2290193006559
2290193006560
2290193006561
2290193006562
2290193006563
2290193006564
2290193006565
2290193006566
2290193006567
2290193006568
2290193006569
2290193006570
2290193006571
2290193006572
2290193006573
2290193006574
2290193006575
2290193006576
2290193006577
2290193006578
2290193006579
2290193006580
2290193006581
2290193006582
2290193006583
2290193006584
2290193006585
2290193006586
2290193006587
2290193006588
2290193006589
2290193006590
2290193006591
2290193006592
2290193006593
2290193006594
2290193006595
2290193006596
2290193006597
2290193006598
2290193006599
2290193006600
2290193006601
2290193006602
2290193006603
2290193006604
2290193006605
2290193006606
2290193006607
2290193006608
2290193006609
2290193006610
2290193006611
2290193006612
2290193006613
2290193006614
2290193006615
2290193006616
2290193006617
2290193006618
2290193006619
2290193006620
2290193006621
2290193006622
2290193006623
2290193006624
2290193006625
2290193006626
2290193006627
2290193006628
2290193006629
2290193006630
2290193006631
2290193006632
2290193006633
2290193006634
2290193006635
2290193006636
2290193006637
2290193006638
2290193006639
2290193006640
2290193006641
2290193006642
2290193006643
2290193006644
2290193006645
2290193006646
2290193006647
2290193006648
2290193006649
2290193006650
2290193006651
2290193006652
2290193006653
2290193006654
2290193006655
2290193006656
2290193006657
2290193006658
2290193006659
2290193006660
2290193006661
2290193006662
2290193006663
2290193006664
2290193006665
2290193006666
2290193006667
2290193006668
2290193006669
2290193006670
2290193006671
2290193006672
2290193006673
2290193006674
2290193006675
2290193006676
2290193006677
2290193006678
2290193006679
2290193006680
2290193006681
2290193006682
2290193006683
2290193006684
2290193006685
2290193006686
2290193006687
2290193006688
2290193006689
2290193006690
2290193006691
2290193006692
2290193006693
2290193006694
2290193006695
2290193006696
2290193006697
2290193006698
2290193006699
2290193006700
2290193006701
2290193006702
2290193006703
2290193006704
2290193006705
2290193006706
2290193006707
2290193006708
2290193006709
2290193006710
2290193006711
2290193006712
2290193006713
2290193006714
2290193006715
2290193006716
2290193006717
2290193006718
2290193006719
2290193006720
2290193006721
2290193006722
2290193006723
2290193006724
2290193006725
2290193006726
2290193006727
2290193006728
2290193006729
2290193006730
2290193006731
2290193006732
2290193006733
2290193006734
2290193006735
2290193006736
2290193006737
2290193006738
2290193006739
2290193006740
2290193006741
2290193006742
2290193006743
2290193006744
2290193006745
2290193006746
2290193006747
2290193006748
2290193006749
2290193006750
2290193006751
2290193006752
2290193006753
2290193006754
2290193006755
2290193006756
2290193006757
2290193006758
2290193006759
2290193006760
2290193006761
2290193006762
2290193006763
2290193006764
2290193006765
2290193006766
2290193006767
2290193006768
2290193006769
2290193006770
2290193006771
2290193006772
2290193006773
2290193006774
2290193006775
2290193006776
2290193006777
2290193006778
2290193006779
2290193006780
2290193006781
2290193006782
2290193006783
2290193006784
2290193006785
2290193006786
2290193006787
2290193006788
2290193006789
2290193006790
2290193006791
2290193006792
2290193006793
2290193006794
2290193006795
2290193006796
2290193006797
2290193006798
2290193006799
2290193006800
2290193006801
2290193006802
2290193006803
2290193006804
2290193006805
2290193006806
2290193006807
2290193006808
2290193006809
2290193006810
2290193006811
2290193006812
2290193006813
2290193006814
2290193006815
2290193006816
2290193006817
2290193006818
2290193006819
2290193006820
2290193006821
2290193006822
2290193006823
2290193006824
2290193006825
2290193006826
2290193006827
2290193006828
2290193006829
2290193006830
2290193006831
2290193006832
2290193006833
2290193006834
2290193006835
2290193006836
2290193006837
2290193006838
2290193006839
2290193006840
2290193006841
2290193006842
2290193006843
2290193006844
2290193006845
2290193006846
2290193006847
2290193006848
2290193006849
2290193006850
2290193006851
2290193006852
2290193006853
2290193006854
2290193006855
2290193006856
2290193006857
2290193006858
2290193006859
2290193006860
2290193006861
2290193006862
2290193006863
2290193006864
2290193006865
2290193006866
2290193006867
2290193006868
2290193006869
2290193006870
2290193006871
2290193006872
2290193006873
2290193006874
2290193006875
2290193006876
2290193006877
2290193006878
2290193006879
2290193006880
2290193006881
2290193006882
2290193006883
2290193006884
2290193006885
2290193006886
2290193006887
2290193006888
2290193006889
2290193006890
2290193006891
2290193006892
2290193006893
2290193006894
2290193006895
2290193006896
2290193006897
2290193006898
2290193006899
2290193006900
2290193006901
2290193006902
2290193006903
2290193006904
2290193006905
2290193006906
2290193006907
2290193006908
2290193006909
2290193006910
2290193006911
2290193006912
2290193006913
2290193006914
2290193006915
2290193006916
2290193006917
2290193006918
2290193006919
2290193006920
2290193006921
2290193006922
2290193006923
2290193006924
2290193006925
2290193006926
2290193006927
2290193006928
2290193006929
2290193006930
2290193006931
2290193006932
2290193006933
2290193006934
2290193006935
2290193006936
2290193006937
2290193006938
2290193006939
2290193006940
2290193006941
2290193006942
2290193006943
2290193006944
2290193006945
2290193006946
2290193006947
2290193006948
2290193006949
2290193006950
2290193006951
2290193006952
2290193006953
2290193006954
2290193006955
2290193006956
2290193006957
2290193006958
2290193006959
2290193006960
2290193006961
2290193006962
2290193006963
2290193006964
2290193006965
2290193006967
2290193006968
2290193006969
2290193006970
2290193006971
2290193006972
2290193006973
2290193006974
2290193006975
2290193006976
2290193006977
2290193006978
2290193006979
2290193006980
2290193006981
2290193006982
2290193006983
2290193006984
2290193006985
2290193006986
2290193006987
2290193006988
2290193006989
2290193006990
2290193006991
2290193006992
2290193006993
2290193006994
2290193006995
2290193006996
2290193006997
2290193006998
2290193006999
2290193007000
2290193007001
2290193007002
2290193007003
2290193007004
2290193007005
2290193007006
2290193007007
2290193007008
2290193007009
2290193007010
2290193007011
2290193007012
2290193007013
2290193007014
2290193007015
2290193007016
2290193007017
2290193007018
2290193007019
2290193007020
2290193007021
2290193007022
2290193007023
2290193007024
2290193007025
2290193007026
2290193007027
2290193007028
2290193007029
2290193007030
2290193007031
2290193007032
2290193007033
2290193007034
2290193007035
2290193007036
2290193007037
2290193007038
2290193007039
2290193007040
2290193007041
2290193007042
2290193007043
2290193007044
2290193007045
2290193007046
2290193007047
2290193007048
2290193007049
2290193007050
2290193007051
2290193007052
2290193007053
2290193007054
2290193007055
2290193007056
2290193007057
2290193007058
2290193007059
2290193007060
2290193007061
2290193007062
2290193007063
2290193007064
2290193007065
2290193007066
2290193007067
2290193007068
2290193007069
2290193007070
2290193007071
2290193007072
2290193007073
2290193007074
2290193007075
2290193007076
2290193007077
2290193007078
2290193007079
2290193007080
2290193007081
2290193007082
2290193007083
2290193007084
2290193007085
2290193007086
2290193007087
2290193007088
2290193007089
2290193007090
2290193007091
2290193007092
2290193007093
2290193007094
2290193007095
2290193007096
2290193007097
2290193007098
2290193007099
2290193007100
2290193007101
2290193007102
2290193007103
2290193007104
2290193007105
2290193007106
2290193007107
2290193007108
2290193007109
2290193007110
2290193007111
2290193007112
2290193007113
2290193007114
2290193007115
2290193007116
2290193007117
2290193007118
2290193007119
2290193007120
2290193007121
2290193007122
2290193007123
2290193007124
2290193007125
2290193007126
2290193007127
2290193007128
2290193007129
2290193007130
2290193007131
2290193007132
2290193007133
2290193007134
2290193007135
2290193007136
2290193007137
2290193007138
2290193007139
2290193007140
2290193007141
2290193007142
2290193007143
2290193007144
2290193007145
2290193007147
2290193007148
2290193007149
2290193007150
2290193007151
2290193007152
2290193007153
2290193007154
2290193007155
2290193007156
2290193007157
2290193007158
2290193007159
2290193007160
2290193007161
2290193007162
2290193007163
2290193007164
2290193007165
2290193007166
2290193007167
2290193007168
2290193007169
2290193007170
2290193007171
2290193007172
2290193007173
2290193007174
2290193007175
2290193007176
2290193007177
2290193007178
2290193007179
2290193007180
2290193007181
2290193007182
2290193007183
2290193007184
2290193007185
2290193007186
2290193007187
2290193007188
2290193007189
2290193007190
2290193007191
2290193007192
2290193007193
2290193007194
2290193007195
2290193007196
2290193007197
2290193007198
2290193007199
2290193007200
2290193007201
2290193007202
2290193007203
2290193007204
2290193007205
2290193007206
2290193007207
2290193007208
2290193007209
2290193007210
2290193007211
2290193007212
2290193007213
2290193007214
2290193007215
2290193007216
2290193007217
2290193007218
2290193007219
2290193007220
2290193007221
2290193007222
2290193007223
2290193007224
2290193007225
2290193007226
2290193007227
2290193007228
2290193007229
2290193007230
2290193007231
2290193007232
2290193007233
2290193007234
2290193007235
2290193007236
2290193007237
2290193007238
2290193007239
2290193007240
2290193007241
2290193007242
2290193007243
2290193007244
2290193007245
2290193007246
2290193007247
2290193007248
2290193007249
2290193007250
2290193007251
2290193007252
2290193007253
2290193007254
2290193007255
2290193007256
2290193007257
2290193007258
2290193007259
2290193007260
2290193007261
2290193007262
2290193007263
2290193007264
2290193007265
2290193007266
2290193007267
2290193007268
2290193007269
2290193007270
2290193007271
2290193007272
2290193007273
2290193007274
2290193007275
2290193007276
2290193007277
2290193007278
2290193007279
2290193007280
2290193007281
2290193007282
2290193007283
2290193007284
2290193007285
2290193007286
2290193007287
2290193007288
2290193007289
2290193007290
2290193007291
2290193007292
2290193007293
2290193007294
2290193007295
2290193007296
2290193007297
2290193007298
2290193007299
2290193007300
2290193007301
2290193007302
2290193007303
2290193007304
2290193007305
2290193007306
2290193007307
2290193007308
2290193007309
2290193007310
2290193007311
2290193007312
2290193007313
2290193007314
2290193007315
2290193007316
2290193007317
2290193007318
2290193007319
2290193007320
2290193007321
2290193007322
2290193007323
2290193007324
2290193007325
2290193007326
2290193007328
2290193007329
2290193007330
2290193007331
2290193007332
2290193007333
2290193007334
2290193007335
2290193007336
2290193007337
2290193007338
2290193007339
2290193007340
2290193007341
2290193007342
2290193007343
2290193007344
2290193007345
2290193007346
2290193007347
2290193007348
2290193007349
2290193007350
2290193007351
2290193007352
2290193007353
2290193007354
2290193007355
2290193007356
2290193007357
2290193007358
2290193007359
2290193007360
2290193007361
2290193007362
2290193007363
2290193007364
2290193007365
2290193007366
2290193007367
2290193007368
2290193007369
2290193007370
2290193007371
2290193007372
2290193007373
2290193007374
2290193007375
2290193007376
2290193007377
2290193007378
2290193007379
2290193007380
2290193007381
2290193007382
2290193007383
2290193007384
2290193007385
2290193007386
2290193007387
2290193007388
2290193007389
2290193007390
2290193007391
2290193007392
2290193007393
2290193007394
2290193007395
2290193007396
2290193007397
2290193007398
2290193007399
2290193007400
2290193007401
2290193007402
2290193007403
2290193007404
2290193007405
2290193007406
2290193007407
2290193007408
2290193007409
2290193007410
2290193007411
2290193007412
2290193007413
2290193007414
2290193007415
2290193007416
2290193007417
2290193007418
2290193007419
2290193007420
2290193007421
2290193007422
2290193007423
2290193007424
2290193007425
2290193007426
2290193007427
2290193007428
2290193007429
2290193007430
2290193007431
2290193007432
2290193007433
2290193007434
2290193007435
2290193007436
2290193007437
2290193007438
2290193007439
2290193007440
2290193007441
2290193007442
2290193007443
2290193007444
2290193007445
2290193007446
2290193007447
2290193007448
2290193007449
2290193007450
2290193007451
2290193007452
2290193007453
2290193007454
2290193007455
2290193007456
2290193007457
2290193007458
2290193007459
2290193007460
2290193007461
2290193007462
2290193007463
2290193007464
2290193007465
2290193007466
2290193007467
2290193007468
2290193007469
2290193007470
2290193007471
2290193007472
2290193007473
2290193007474
2290193007475
2290193007476
2290193007477
2290193007478
2290193007479
2290193007480
2290193007481
2290193007482
2290193007483
2290193007484
2290193007485
2290193007486
2290193007487
2290193007488
2290193007489
2290193007490
2290193007491
2290193007492
2290193007493
2290193007494
2290193007495
2290193007496
2290193007497
2290193007499
2290193007500
2290193007501
2290193007502
2290193007503
2290193007504
2290193007505
2290193007506
2290193007507
2290193007508
2290193007509
2290193007510
2290193007511
2290193007512
2290193007513
2290193007514
2290193007515
2290193007516
2290193007517
2290193007518
2290193007519
2290193007520
2290193007521
2290193007522
2290193007523
2290193007524
2290193007525
2290193007526
2290193007527
2290193007528
2290193007529
2290193007530
2290193007531
2290193007532
2290193007533
2290193007534
2290193007535
2290193007536
2290193007537
2290193007538
2290193007539
2290193007540
2290193007541
2290193007542
2290193007543
2290193007544
2290193007545
2290193007546
2290193007547
2290193007548
2290193007549
2290193007550
2290193007551
2290193007552
2290193007553
2290193007554
2290193007555
2290193007556
2290193007557
2290193007558
2290193007559
2290193007560
2290193007561
2290193007562
2290193007563
2290193007564
2290193007565
2290193007566
2290193007567
2290193007568
2290193007569
2290193007570
2290193007571
2290193007572
2290193007573
2290193007574
2290193007575
2290193007576
2290193007577
2290193007578
2290193007579
2290193007580
2290193007581
2290193007582
2290193007583
2290193007584
2290193007585
2290193007586
2290193007587
2290193007588
2290193007589
2290193007590
2290193007591
2290193007592
2290193007593
2290193007594
2290193007595
2290193007596
2290193007597
2290193007598
2290193007599
2290193007600
2290193007601
2290193007602
2290193007603
2290193007604
2290193007605
2290193007606
2290193007607
2290193007608
2290193007609
2290193007610
2290193007611
2290193007612
2290193007613
2290193007614
2290193007615
2290193007616
2290193007617
2290193007618
2290193007620
2290193007621
2290193007622
2290193007623
2290193007624
2290193007625
2290193007626
2290193007627
2290193007628
2290193007629
2290193007630
2290193007631
2290193007632
2290193007633
2290193007634
2290193007635
2290193007636
2290193007637
2290193007638
2290193007639
2290193007640
2290193007641
2290193007642
2290193007643
2290193007644
2290193007645
2290193007646
2290193007647
2290193007648
2290193007649
2290193007650
2290193007651
2290193007652
2290193007653
2290193007654
2290193007655
2290193007656
2290193007657
2290193007658
2290193007659
2290193007660
2290193007661
2290193007662
2290193007663
2290193007664
2290193007665
2290193007666
2290193007667
2290193007668
2290193007669
2290193007670
2290193007671
2290193007672
2290193007673
2290193007674
2290193007675
2290193007676
2290193007677
2290193007678
2290193007679
2290193007680
2290193007681
2290193007682
2290193007683
2290193007684
2290193007685
2290193007686
2290193007687
2290193007688
2290193007689
2290193007690
2290193007691
2290193007692
2290193007693
2290193007694
2290193007695
2290193007696
2290193007697
2290193007698
2290193007699
2290193007700
2290193007701
2290193007702
2290193007703
2290193007704
2290193007705
2290193007706
2290193007707
2290193007708
2290193007709
2290193007710
2290193007711
2290193007712
2290193007713
2290193007714
2290193007715
2290193007716
2290193007717
2290193007718
2290193007719
2290193007720
2290193007721
2290193007722
2290193007723
2290193007724
2290193007725
2290193007726
2290193007727
2290193007728
2290193007729
2290193007730
2290193007731
2290193007732
2290193007733
2290193007734
2290193007735
2290193007736
2290193007737
2290193007738
2290193007739
2290193007740
2290193007741
2290193007742
2290193007743
2290193007744
2290193007745
2290193007746
2290193007747
2290193007748
2290193007749
2290193007750
2290193007751
2290193007752
2290193007753
2290193007754
2290193007755
2290193007756
2290193007757
2290193007758
2290193007759
2290193007760
2290193007761
2290193007762
2290193007763
2290193007764
2290193007765
2290193007766
2290193007767
2290193007768
2290193007769
2290193007770
2290193007771
2290193007772
2290193007773
2290193007774
2290193007775
2290193007776
2290193007777
2290193007778
2290193007779
2290193007780
2290193007781
2290193007782
2290193007783
2290193007784
2290193007785
2290193007786
2290193007787
2290193007788
2290193007789
2290193007790
2290193007791
2290193007792
2290193007793
2290193007794
2290193007795
2290193007796
2290193007797
2290193007798
2290193007799
2290193007800
2290193007801
2290193007802
2290193007803
2290193007804
2290193007805
2290193007806
2290193007807
2290193007808
2290193007809
2290193007810
2290193007811
2290193007812
2290193007813
2290193007814
2290193007815
2290193007816
2290193007817
2290193007818
2290193007819
2290193007820
2290193007821
2290193007822
2290193007823
2290193007824
2290193007825
2290193007826
2290193007827
2290193007828
2290193007829
2290193007830
2290193007831
2290193007832
2290193007833
2290193007834
2290193007835
2290193007836
2290193007837
2290193007838
2290193007839
2290193007840
2290193007841
2290193007842
2290193007843
2290193007844
2290193007845
2290193007846
2290193007847
2290193007848
2290193007849
2290193007850
2290193007851
2290193007852
2290193007853
2290193007854
2290193007855
2290193007856
2290193007857
2290193007858
2290193007859
2290193007860
2290193007861
2290193007862
2290193007863
2290193007864
2290193007865
2290193007866
2290193007867
2290193007868
2290193007869
2290193007870
2290193007871
2290193007872
2290193007873
2290193007874
2290193007875
2290193007876
2290193007877
2290193007878
2290193007879
2290193007880
2290193007881
2290193007882
2290193007883
2290193007884
2290193007885
2290193007886
2290193007887
2290193007888
2290193007889
2290193007890
2290193007891
2290193007892
2290193007893
2290193007894
2290193007895
2290193007896
2290193007897
2290193007898
2290193007899
2290193007900
2290193007901
2290193007902
2290193007903
2290193007904
2290193007905
2290193007906
2290193007907
2290193007908
2290193007909
2290193007910
2290193007911
2290193007912
2290193007913
2290193007914
2290193007915
2290193007916
2290193007918
2290193007919
2290193007920
2290193007921
2290193007922
2290193007923
2290193007924
2290193007925
2290193007926
2290193007927
2290193007928
2290193007929
2290193007930
2290193007931
2290193007932
2290193007933
2290193007934
2290193007935
2290193007936
2290193007937
2290193007938
2290193007939
2290193007940
2290193007941
2290193007942
2290193007943
2290193007944
2290193007945
2290193007946
2290193007947
2290193007948
2290193007949
2290193007950
2290193007951
2290193007952
2290193007953
2290193007954
2290193007955
2290193007956
2290193007957
2290193007958
2290193007959
2290193007960
2290193007961
2290193007962
2290193007963
2290193007964
2290193007965
2290193007966
2290193007967
2290193007968
2290193007969
2290193007970
2290193007971
2290193007972
2290193007973
2290193007974
2290193007975
2290193007976
2290193007977
2290193007978
2290193007980
2290193007981
2290193007982
2290193007983
2290193007984
2290193007985
2290193007986
2290193007987
2290193007988
2290193007989
2290193007990
2290193007991
2290193007992
2290193007993
2290193007994
2290193007995
2290193007996
2290193007997
2290193007998
2290193007999
2290193008000
2290193008001
2290193008002
2290193008003
2290193008004
2290193008005
2290193008006
2290193008007
2290193008008
2290193008009
2290193008010
2290193008011
2290193008012
2290193008013
2290193008014
2290193008015
2290193008016
2290193008017
2290193008018
2290193008019
2290193008020
2290193008021
2290193008022
2290193008023
2290193008024
2290193008025
2290193008026
2290193008027
2290193008028
2290193008029
2290193008030
2290193008031
2290193008032
2290193008033
2290193008034
2290193008035
2290193008036
2290193008037
2290193008038
2290193008039
2290193008040
2290193008041
2290193008042
2290193008043
2290193008044
2290193008045
2290193008046
2290193008047
2290193008048
2290193008049
2290193008050
2290193008051
2290193008052
2290193008053
2290193008054
2290193008055
2290193008056
2290193008057
2290193008058
2290193008059
2290193008060
2290193008061
2290193008062
2290193008063
2290193008064
2290193008065
2290193008066
2290193008067
2290193008068
2290193008069
2290193008070
2290193008071
2290193008072
2290193008073
2290193008074
2290193008075
2290193008076
2290193008077
2290193008078
2290193008079
2290193008080
2290193008081
2290193008082
2290193008083
2290193008084
2290193008085
2290193008086
2290193008087
2290193008088
2290193008089
2290193008090
2290193008091
2290193008092
2290193008093
2290193008094
2290193008095
2290193008096
2290193008097
2290193008098
2290193008099
2290193008100
2290193008101
2290193008102
2290193008103
2290193008104
2290193008105
2290193008106
2290193008107
2290193008108
2290193008109
2290193008110
2290193008111
2290193008112
2290193008113
2290193008114
2290193008115
2290193008116
2290193008117
2290193008118
2290193008119
2290193008120
2290193008121
2290193008122
2290193008123
2290193008124
2290193008125
2290193008126
2290193008127
2290193008128
2290193008129
2290193008130
2290193008131
2290193008132
2290193008133
2290193008134
2290193008135
2290193008136
2290193008137
2290193008138
2290193008139
2290193008140
2290193008141
2290193008142
2290193008143
2290193008144
2290193008145
2290193008146
2290193008147
2290193008148
2290193008149
2290193008150
2290193008151
2290193008152
2290193008153
2290193008154
2290193008155
2290193008156
2290193008157
2290193008158
2290193008159
2290193008160
2290193008161
2290193008162
2290193008163
2290193008164
2290193008165
2290193008166
2290193008167
2290193008168
2290193008169
2290193008170
2290193008171
2290193008172
2290193008173
2290193008174
2290193008175
2290193008176
2290193008177
2290193008178
2290193008179
2290193008180
2290193008181
2290193008182
2290193008183
2290193008184
2290193008185
2290193008186
2290193008187
2290193008188
2290193008189
2290193008190
2290193008191
2290193008192
2290193008193
2290193008194
2290193008195
2290193008196
2290193008197
2290193008198
2290193008199
2290193008200
2290193008201
2290193008202
2290193008203
2290193008204
2290193008205
2290193008206
2290193008207
2290193008208
2290193008209
2290193008210
2290193008211
2290193008212
2290193008213
2290193008214
2290193008215
2290193008216
2290193008217
2290193008218
2290193008219
2290193008220
2290193008221
2290193008222
2290193008223
2290193008224
2290193008225
2290193008226
2290193008227
2290193008228
2290193008229
2290193008230
2290193008231
2290193008232
2290193008233
2290193008234
2290193008235
2290193008236
2290193008237
2290193008238
2290193008239
2290193008240
2290193008241
2290193008242
2290193008243
2290193008244
2290193008245
2290193008246
2290193008247
2290193008248
2290193008249
2290193008250
2290193008251
2290193008252
2290193008253
2290193008254
2290193008255
2290193008256
2290193008257
2290193008258
2290193008259
2290193008260
2290193008261
2290193008262
2290193008263
2290193008264
2290193008265
2290193008266
2290193008267
2290193008268
2290193008269
2290193008270
2290193008271
2290193008272
2290193008273
2290193008274
2290193008275
2290193008276
2290193008277
2290193008278
2290193008279
2290193008280
2290193008281
2290193008282
2290193008283
2290193008284
2290193008285
2290193008286
2290193008287
2290193008288
2290193008289
2290193008290
2290193008291
2290193008292
2290193008293
2290193008294
2290193008295
2290193008296
2290193008297
2290193008298
2290193008299
2290193008300
2290193008301
2290193008302
2290193008303
2290193008304
2290193008305
2290193008306
2290193008307
2290193008308
2290193008309
2290193008310
2290193008311
2290193008312
2290193008313
2290193008314
2290193008315
2290193008316
2290193008317
2290193008318
2290193008319
2290193008320
2290193008321
2290193008322
2290193008323
2290193008324
2290193008325
2290193008326
2290193008327
2290193008328
2290193008329
2290193008330
2290193008331
2290193008332
2290193008333
2290193008334
2290193008335
2290193008336
2290193008337
2290193008338
2290193008339
2290193008340
2290193008341
2290193008342
2290193008343
2290193008344
2290193008345
2290193008346
2290193008347
2290193008348
2290193008349
2290193008350
2290193008351
2290193008352
2290193008353
2290193008354
2290193008355
2290193008356
2290193008357
2290193008358
2290193008359
2290193008360
2290193008361
2290193008362
2290193008363
2290193008364
2290193008365
2290193008366
2290193008367
2290193008368
2290193008369
2290193008370
2290193008371
2290193008372
2290193008373
2290193008374
2290193008375
2290193008376
2290193008377
2290193008378
2290193008379
2290193008380
2290193008381
2290193008382
2290193008383
2290193008384
2290193008385
2290193008386
2290193008387
2290193008388
2290193008389
2290193008390
2290193008391
2290193008392
2290193008393
2290193008394
2290193008395
2290193008396
2290193008397
2290193008398
2290193008399
2290193008400
2290193008401
2290193008402
2290193008403
2290193008404
2290193008405
2290193008406
2290193008407
2290193008408
2290193008409
2290193008410
2290193008411
2290193008412
2290193008413
2290193008414
2290193008415
2290193008416
2290193008417
2290193008418
2290193008419
2290193008420
2290193008421
2290193008422
2290193008423
2290193008424
2290193008425
2290193008426
2290193008427
2290193008428
2290193008429
2290193008430
2290193008431
2290193008432
2290193008433
2290193008434
2290193008435
2290193008436
2290193008437
2290193008438
2290193008439
2290193008440
2290193008441
2290193008442
2290193008443
2290193008444
2290193008445
2290193008446
2290193008447
2290193008448
2290193008449
2290193008450
2290193008451
2290193008452
2290193008453
2290193008454
2290193008455
2290193008456
2290193008457
2290193008458
2290193008459
2290193008460
2290193008461
2290193008462
2290193008463
2290193008464
2290193008465
2290193008466
2290193008467
2290193008468
2290193008469
2290193008470
2290193008471
2290193008472
2290193008473
2290193008474
2290193008475
2290193008476
2290193008477
2290193008478
2290193008479
2290193008480
2290193008481
2290193008482
2290193008483
2290193008484
2290193008485
2290193008486
2290193008487
2290193008488
2290193008489
2290193008490
2290193008491
2290193008492
2290193008493
2290193008494
2290193008495
2290193008496
2290193008497
2290193008498
2290193008499
2290193008500
2290193008501
2290193008502
2290193008503
2290193008504
2290193008505
2290193008506
2290193008507
2290193008508
2290193008509
2290193008510
2290193008511
2290193008512
2290193008513
2290193008514
2290193008515
2290193008516
2290193008517
2290193008518
2290193008519
2290193008520
2290193008521
2290193008522
2290193008523
2290193008524
2290193008525
2290193008526
2290193008527
2290193008528
2290193008529
2290193008530
2290193008531
2290193008532
2290193008533
2290193008534
2290193008535
2290193008536
2290193008537
2290193008538
2290193008539
2290193008540
2290193008541
2290193008542
2290193008543
2290193008544
2290193008545
2290193008546
2290193008547
2290193008548
2290193008549
2290193008550
2290193008551
2290193008552
2290193008553
2290193008554
2290193008555
2290193008556
2290193008557
2290193008558
2290193008559
2290193008560
2290193008561
2290193008562
2290193008563
2290193008564
2290193008565
2290193008566
2290193008567
2290193008568
2290193008569
2290193008570
2290193008571
2290193008573
2290193008574
2290193008575
2290193008576
2290193008577
2290193008578
2290193008579
2290193008580
2290193008581
2290193008582
2290193008583
2290193008584
2290193008585
2290193008586
2290193008587
2290193008588
2290193008589
2290193008590
2290193008591
2290193008592
2290193008593
2290193008594
2290193008595
2290193008596
2290193008597
2290193008598
2290193008599
2290193008600
2290193008601
2290193008602
2290193008603
2290193008604
2290193008605
2290193008606
2290193008607
2290193008608
2290193008609
2290193008610
2290193008611
2290193008612
2290193008613
2290193008614
2290193008615
2290193008616
2290193008617
2290193008618
2290193008619
2290193008620
2290193008621
2290193008622
2290193008623
2290193008624
2290193008625
2290193008626
2290193008627
2290193008628
2290193008629
2290193008630
2290193008631
2290193008632
2290193008633
2290193008634
2290193008635
2290193008636
2290193008637
2290193008638
2290193008639
2290193008640
2290193008641
2290193008642
2290193008643
2290193008644
2290193008645
2290193008646
2290193008647
2290193008648
2290193008649
2290193008650
2290193008651
2290193008652
2290193008653
2290193008654
2290193008655
2290193008656
2290193008657
2290193008658
2290193008659
2290193008660
2290193008661
2290193008662
2290193008663
2290193008664
2290193008665
2290193008666
2290193008667
2290193008668
2290193008669
2290193008670
2290193008671
2290193008672
2290193008673
2290193008674
2290193008675
2290193008676
2290193008677
2290193008678
2290193008679
2290193008680
2290193008681
2290193008682
2290193008683
2290193008684
2290193008685
2290193008686
2290193008687
2290193008688
2290193008689
2290193008690
2290193008691
2290193008692
2290193008693
2290193008694
2290193008695
2290193008696
2290193008697
2290193008698
2290193008699
2290193008700
2290193008701
2290193008702
2290193008703
2290193008704
2290193008705
2290193008706
2290193008707
2290193008708
2290193008709
2290193008710
2290193008711
2290193008712
2290193008713
2290193008714
2290193008715
2290193008716
2290193008717
2290193008718
2290193008719
2290193008720
2290193008721
2290193008722
2290193008723
2290193008724
2290193008725
2290193008726
2290193008727
2290193008728
2290193008729
2290193008730
2290193008732
2290193008733
2290193008734
2290193008735
2290193008736
2290193008737
2290193008738
2290193008739
2290193008740
2290193008741
2290193008742
2290193008743
2290193008744
2290193008745
2290193008746
2290193008747
2290193008748
2290193008749
2290193008750
2290193008751
2290193008752
2290193008753
2290193008754
2290193008755
2290193008756
2290193008757
2290193008758
2290193008759
2290193008760
2290193008761
2290193008762
2290193008763
2290193008764
2290193008765
2290193008766
2290193008767
2290193008768
2290193008769
2290193008770
2290193008771
2290193008772
2290193008773
2290193008774
2290193008775
2290193008776
2290193008777
2290193008778
2290193008779
2290193008780
2290193008781
2290193008782
2290193008783
2290193008784
2290193008785
2290193008786
2290193008787
2290193008788
2290193008789
2290193008790
2290193008791
2290193008792
2290193008793
2290193008794
2290193008795
2290193008796
2290193008797
2290193008798
2290193008799
2290193008800
2290193008801
2290193008802
2290193008803
2290193008804
2290193008805
2290193008806
2290193008807
2290193008808
2290193008809
2290193008810
2290193008811
2290193008812
2290193008813
2290193008814
2290193008815
2290193008816
2290193008817
2290193008818
2290193008819
2290193008820
2290193008821
2290193008822
2290193008823
2290193008824
2290193008825
2290193008826
2290193008827
2290193008828
2290193008829
2290193008830
2290193008831
2290193008832
2290193008833
2290193008834
2290193008835
2290193008836
2290193008837
2290193008838
2290193008839
2290193008840
2290193008841
2290193008842
2290193008843
2290193008844
2290193008845
2290193008846
2290193008847
2290193008848
2290193008849
2290193008850
2290193008851
2290193008852
2290193008853
2290193008854
2290193008855
2290193008856
2290193008857
2290193008858
2290193008859
2290193008860
2290193008861
2290193008862
2290193008863
2290193008864
2290193008865
2290193008866
2290193008867
2290193008868
2290193008869
2290193008870
2290193008871
2290193008872
2290193008873
2290193008874
2290193008875
2290193008876
2290193008877
2290193008878
2290193008879
2290193008880
2290193008881
2290193008882
2290193008883
2290193008884
2290193008885
2290193008886
2290193008887
2290193008888
2290193008889
2290193008890
2290193008891
2290193008892
2290193008893
2290193008894
2290193008895
2290193008896
2290193008897
2290193008898
2290193008899
2290193008900
2290193008901
2290193008902
2290193008903
2290193008904
2290193008905
2290193008906
2290193008907
2290193008908
2290193008909
2290193008910
2290193008911
2290193008912
2290193008913
2290193008914
2290193008915
2290193008916
2290193008917
2290193008918
2290193008919
2290193008920
2290193008921
2290193008922
2290193008923
2290193008924
2290193008925
2290193008926
2290193008927
2290193008928
2290193008929
2290193008930
2290193008931
2290193008932
2290193008933
2290193008934
2290193008935
2290193008936
2290193008937
2290193008938
2290193008939
2290193008940
2290193008941
2290193008942
2290193008943
2290193008944
2290193008945
2290193008946
2290193008947
2290193008948
2290193008949
2290193008950
2290193008951
2290193008952
2290193008953
2290193008954
2290193008955
2290193008956
2290193008957
2290193008958
2290193008959
2290193008960
2290193008961
2290193008962
2290193008963
2290193008964
2290193008965
2290193008966
2290193008967
2290193008968
2290193008969
2290193008970
2290193008971
2290193008972
2290193008973
2290193008974
2290193008975
2290193008976
2290193008977
2290193008978
2290193008979
2290193008980
2290193008981
2290193008982
2290193008983
2290193008984
2290193008985
2290193008986
2290193008987
2290193008988
2290193008989
2290193008990
2290193008991
2290193008992
2290193008993
2290193008994
2290193008995
2290193008996
2290193008997
2290193008998
2290193008999
2290193009000
2290193009001
2290193009002
2290193009003
2290193009004
2290193009005
2290193009006
2290193009007
2290193009008
2290193009009
2290193009010
2290193009011
2290193009012
2290193009014
2290193009015
2290193009016
2290193009017
2290193009018
2290193009019
2290193009020
2290193009021
2290193009022
2290193009023
2290193009024
2290193009025
2290193009026
2290193009027
2290193009028
2290193009029
2290193009030
2290193009031
2290193009032
2290193009033
2290193009034
2290193009035
2290193009036
2290193009037
2290193009038
2290193009039
2290193009040
2290193009041
2290193009042
2290193009043
2290193009044
2290193009045
2290193009046
2290193009047
2290193009048
2290193009049
2290193009050
2290193009051
2290193009052
2290193009053
2290193009054
2290193009055
2290193009056
2290193009057
2290193009058
2290193009059
2290193009060
2290193009061
2290193009062
2290193009063
2290193009064
2290193009065
2290193009066
2290193009067
2290193009068
2290193009069
2290193009070
2290193009071
2290193009072
2290193009073
2290193009074
2290193009075
2290193009076
2290193009077
2290193009078
2290193009079
2290193009080
2290193009081
2290193009082
2290193009083
2290193009084
2290193009085
2290193009086
2290193009087
2290193009088
2290193009089
2290193009090
2290193009091
2290193009092
2290193009093
2290193009094
2290193009095
2290193009096
2290193009097
2290193009098
2290193009099
2290193009100
2290193009101
2290193009102
2290193009103
2290193009104
2290193009105
2290193009106
2290193009107
2290193009108
2290193009109
2290193009110
2290193009111
2290193009112
2290193009113
2290193009114
2290193009115
2290193009116
2290193009117
2290193009118
2290193009119
2290193009120
2290193009121
2290193009122
2290193009123
2290193009124
2290193009125
2290193009126
2290193009127
2290193009128
2290193009129
2290193009130
2290193009131
2290193009132
2290193009133
2290193009134
2290193009135
2290193009136
2290193009137
2290193009138
2290193009139
2290193009140
2290193009141
2290193009142
2290193009143
2290193009144
2290193009145
2290193009146
2290193009147
2290193009148
2290193009149
2290193009150
2290193009151
2290193009152
2290193009153
2290193009154
2290193009155
2290193009156
2290193009157
2290193009158
2290193009159
2290193009160
2290193009161
2290193009162
2290193009163
2290193009164
2290193009165
2290193009166
2290193009167
2290193009168
2290193009169
2290193009170
2290193009171
2290193009172
2290193009173
2290193009174
2290193009175
2290193009176
2290193009177
2290193009178
2290193009179
2290193009180
2290193009181
2290193009182
2290193009183
2290193009184
2290193009185
2290193009186
2290193009187
2290193009188
2290193009189
2290193009190
2290193009191
2290193009192
2290193009193
2290193009194
2290193009195
2290193009196
2290193009197
2290193009198
2290193009199
2290193009200
2290193009201
2290193009202
2290193009203
2290193009204
2290193009205
2290193009206
2290193009207
2290193009208
2290193009209
2290193009210
2290193009211
2290193009212
2290193009213
2290193009214
2290193009215
2290193009216
2290193009217
2290193009218
2290193009219
2290193009220
2290193009221
2290193009222
2290193009223
2290193009224
2290193009225
2290193009226
2290193009227
2290193009228
2290193009229
2290193009230
2290193009231
2290193009232
2290193009233
2290193009234
2290193009235
2290193009236
2290193009237
2290193009238
2290193009239
2290193009240
2290193009241
2290193009242
2290193009243
2290193009244
2290193009245
2290193009246
2290193009247
2290193009248
2290193009249
2290193009250
2290193009251
2290193009252
2290193009253
2290193009254
2290193009255
2290193009256
2290193009257
2290193009258
2290193009259
2290193009260
2290193009261
2290193009262
2290193009263
2290193009264
2290193009265
2290193009266
2290193009267
2290193009268
2290193009269
2290193009270
2290193009271
2290193009272
2290193009273
2290193009274
2290193009275
2290193009276
2290193009277
2290193009278
2290193009279
2290193009280
2290193009281
2290193009282
2290193009283
2290193009284
2290193009285
2290193009286
2290193009287
2290193009288
2290193009289
2290193009290
2290193009291
2290193009292
2290193009293
2290193009294
2290193009295
2290193009296
2290193009297
2290193009298
2290193009299
2290193009300
2290193009301
2290193009302
2290193009303
2290193009304
2290193009305
2290193009306
2290193009307
2290193009308
2290193009309
2290193009310
2290193009311
2290193009312
2290193009313
2290193009314
2290193009315
2290193009316
2290193009317
2290193009318
2290193009319
2290193009320
2290193009321
2290193009322
2290193009323
2290193009324
2290193009325
2290193009326
2290193009327
2290193009328
2290193009329
2290193009330
2290193009331
2290193009332
2290193009333
2290193009334
2290193009335
2290193009336
2290193009337
2290193009338
2290193009339
2290193009340
2290193009341
2290193009342
2290193009343
2290193009344
2290193009345
2290193009346
2290193009347
2290193009348
2290193009349
2290193009350
2290193009351
2290193009352
2290193009353
2290193009354
2290193009355
2290193009356
2290193009357
2290193009358
2290193009359
2290193009360
2290193009361
2290193009362
2290193009363
2290193009364
2290193009365
2290193009366
2290193009367
2290193009368
2290193009369
2290193009370
2290193009371
2290193009372
2290193009373
2290193009374
2290193009375
2290193009376
2290193009377
2290193009378
2290193009379
2290193009380
2290193009381
2290193009382
2290193009383
2290193009384
2290193009385
2290193009386
2290193009387
2290193009388
2290193009389
2290193009390
2290193009391
2290193009392
2290193009393
2290193009394
2290193009395
2290193009396
2290193009397
2290193009398
2290193009399
2290193009400
2290193009401
2290193009402
2290193009403
2290193009404
2290193009405
2290193009406
2290193009407
2290193009408
2290193009409
2290193009410
2290193009411
2290193009412
2290193009413
2290193009414
2290193009415
2290193009416
2290193009417
2290193009418
2290193009419
2290193009420
2290193009421
2290193009422
2290193009423
2290193009424
2290193009425
2290193009426
2290193009427
2290193009428
2290193009429
2290193009430
2290193009431
2290193009432
2290193009433
2290193009434
2290193009435
2290193009436
2290193009437
2290193009438
2290193009439
2290193009440
2290193009441
2290193009442
2290193009443
2290193009444
2290193009445
2290193009446
2290193009447
2290193009448
2290193009449
2290193009450
2290193009451
2290193009452
2290193009453
2290193009454
2290193009455
2290193009456
2290193009457
2290193009458
2290193009459
2290193009460
2290193009461
2290193009462
2290193009463
2290193009464
2290193009465
2290193009466
2290193009467
2290193009468
2290193009469
2290193009470
2290193009471
2290193009472
2290193009473
2290193009474
2290193009475
2290193009476
2290193009477
2290193009478
2290193009479
2290193009480
2290193009481
2290193009482
2290193009483
2290193009484
2290193009485
2290193009486
2290193009487
2290193009488
2290193009489
2290193009490
2290193009491
2290193009492
2290193009493
2290193009494
2290193009496
2290193009497
2290193009498
2290193009499
2290193009500
2290193009501
2290193009502
2290193009503
2290193009504
2290193009505
2290193009506
2290193009507
2290193009508
2290193009509
2290193009510
2290193009511
2290193009512
2290193009513
2290193009514
2290193009515
2290193009516
2290193009517
2290193009518
2290193009519
2290193009520
2290193009521
2290193009522
2290193009523
2290193009524
2290193009525
2290193009526
2290193009527
2290193009528
2290193009529
2290193009530
2290193009531
2290193009532
2290193009533
2290193009534
2290193009535
2290193009536
2290193009537
2290193009538
2290193009539
2290193009540
2290193009541
2290193009542
2290193009543
2290193009544
2290193009545
2290193009546
2290193009547
2290193009548
2290193009549
2290193009550
2290193009551
2290193009552
2290193009553
2290193009554
2290193009555
2290193009557
2290193009558
2290193009559
2290193009560
2290193009561
2290193009562
2290193009563
2290193009564
2290193009565
2290193009566
2290193009567
2290193009568
2290193009569
2290193009570
2290193009571
2290193009572
2290193009573
2290193009574
2290193009575
2290193009576
2290193009577
2290193009578
2290193009579
2290193009580
2290193009581
2290193009582
2290193009584
2290193009586
2290193009587
2290193009588
2290193009589
2290193009590
2290193009591
2290193009592
2290193009593
2290193009594
2290193009595
2290193009596
2290193009597
2290193009598
2290193009599
2290193009600
2290193009601
2290193009602
2290193009603
2290193009604
2290193009605
2290193009606
2290193009607
2290193009608
2290193009609
2290193009610
2290193009611
2290193009612
2290193009613
2290193009614
2290193009615
2290193009616
2290193009617
2290193009618
2290193009619
2290193009620
2290193009621
2290193009622
2290193009623
2290193009624