258860183962
258860662021
258860680661
258860687801
258860690406
258860725707
258860782041
258860809082
258860812510
258860816463
258860819267
258860819429
258860827830
258860831036
258860833119
258860833896
258860837849
258860838654
258860840559
258860843209
258860844660
258860845836
258860850507
258860852937
258860856210
258860856321
258860856323
258860860244
258860863245
258860864988
258860867267
258860868973
258860873277
258860873423
258860873532
258860876721
258860878694
258860879330
258860882023
258860887713
258860887815
258860897094
258860898789
258860899105
258860909492
258860914678
258860926235
258860928672
258860929200
258860930904
258860939898
258860942760
258860943616
258860963569
258860967114
258860986973
258860988854
258860998809
258861005734
258861010598
258861010615
258861011423
258861011869
258861012063
258861012238
258861012934
258861013494
258861013926
258861016830
258861019540
258861020832
258861021245
258861021988
258861022487
258861022557
258861022792
258861022928
258861023002
258861023332
258861023607
258861024711
258861026072
258861026492
258861027716
258861029640
258861030386
258861031041
258861034746
258861036188
258861036909
258861038284
258861038301
258861038546
258861039601
258861039815
258861040350
258861040559
258861040834
258861040874
258861041287
258861041527
258861041809
258861042126
258861042147
258861042919
258861043052
258861043133
258861043574
258861043714
258861044710
258861045415
258861045741
258861046620
258861047265
258861047790
258861049105
258861049313
258861050352
258861050511
258861050687
258861050786
258861051424
258861051565
258861051968
258861053407
258861054195
258861054654
258861054841
258861055670
258861056743
258861056790
258861057191
258861057611
258861057821
258861058392
258861059550
258861059570
258861060316
258861060433
258861060486
258861060580
258861061105
258861061856
258861062633
258861062799
258861062807
258861062863
258861062990
258861063320
258861063561
258861063764
258861064955
258861066247
258861066600
258861066654
258861066668
258861067535
258861067561
258861068014
258861068199
258861068327
258861069359
258861069489
258861069967
258861070278
258861070645
258861072469
258861072717
258861072980
258861073056
258861073358
258861074930
258861075203
258861075405
258861076307
258861077329
258861078808
258861079110
258861079547
258861079762
258861080689
258861081757
258861081820
258861082196
258861082375
258861082702
258861083722
258861083936
258861084221
258861084460
258861084867
258861084899
258861085073
258861085190
258861085231
258861085373
258861085994
258861087368
258861087426
258861088927
258861089246
258861089359
258861089872
258861090304
258861090748
258861090843
258861091706
258861091962
258861092048
258861092764
258861092886
258861093613
258861094223
258861094295
258861094604
258861094950
258861095090
258861095403
258861096328
258861097547
258861097982
258861099824
258861099961
258861100217
258861100691
258861101112
258861101223
258861101456
258861101713
258861101743
258861102034
258861103492
258861103600
258861104340
258861104808
258861105464
258861106251
258861106654
258861106845
258861107214
258861107228
258861107320
258861107591
258861108168
258861108257
258861108285
258861108667
258861108891
258861108952
258861109179
258861109320
258861109422
258861110013
258861111001
258861111895
258861112039
258861112229
258861112364
258861112507
258861112588
258861113178
258861113500
258861113593
258861113662
258861114335
258861114368
258861114557
258861114599
258861114807
258861115469
258861115631
258861116158
258861117240
258861117436
258861117838
258861118216
258861118615
258861118639
258861119047
258861119175
258861119754
258861120300
258861120356
258861120394
258861120742
258861121292
258861122303
258861122652
258861123528
258861123876
258861124060
258861124183
258861124474
258861125321
258861125613
258861125786
258861126199
258861126236
258861126596
258861126723
258861126858
258861126945
258861127114
258861127341
258861127577
258861128640
258861130279
258861130674
258861130790
258861130881
258861131205
258861131283
258861131531
258861131645
258861131688
258861132018
258861132168
258861132260
258861132575
258861133323
258861133569
258861134315
258861134361
258861134942
258861135034
258861136246
258861136354
258861138246
258861138911
258861138966
258861139008
258861139832
258861140150
258861140845
258861141183
258861141194
258861141351
258861141441
258861141541
258861141651
258861141718
258861142499
258861142877
258861143377
258861143385
258861143428
258861143668
258861144153
258861144187
258861145204
258861145557
258861145880
258861146731
258861146735
258861147619
258861148700
258861149162
258861149341
258861149387
258861150146
258861150243
258861150366
258861151650
258861151813
258861152342
258861152557
258861153289
258861153602
258861153965
258861154512
258861154646
258861155193
258861155436
258861156596
258861157168
258861157843
258861158057
258861159159
258861159808
258861159897
258861160457
258861160827
258861161004
258861161066
258861161470
258861161975
258861162274
258861162590
258861162642
258861163144
258861163248
258861163355
258861164486
258861164611
258861164792
258861166554
258861167035
258861167605
258861168064
258861168194
258861168354
258861169044
258861169302
258861169409
258861169560
258861170662
258861172167
258861173470
258861173928
258861174288
258861175013
258861175022
258861175535
258861175884
258861176141
258861176245
258861176347
258861177675
258861177995
258861178011
258861178950
258861181348
258861182422
258861182999
258861184622
258861184899
258861185034
258861185191
258861185816
258861185878
258861186036
258861186535
258861187291
258861188642
258861189780
258861190219
258861190653
258861191250
258861191460
258861191520
258861192709
258861192741
258861193853
258861193961
258861194804
258861195118
258861195367
258861195751
258861198644
258861198665
258861199033
258861199625
258861200127
258861201938
258861202179
258861202513
258861202925
258861203407
258861205009
258861205140
258861208057
258861208068
258861208170
258861209290
258861209397
258861211255
258861211664
258861212582
258861213943
258861215044
258861217167
258861217752
258861218169
258861219068
258861219225
258861220027
258861220052
258861221170
258861221491
258861221503
258861221726
258861222880
258861223426
258861223518
258861223575
258861223741
258861224426
258861224532
258861225772
258861226293
258861228671
258861229101
258861229198
258861229617
258861229758
258861230075
258861230760
258861230903
258861230964
258861230991
258861232064
258861232282
258861232550
258861233831
258861233846
258861234130
258861235709
258861237218
258861238037
258861238736
258861239823
258861240787
258861241726
258861242473
258861243162
258861243197
258861243613
258861244384
258861245549
258861246463
258861246940
258861247045
258861248887
258861250324
258861250876
258861251011
258861251022
258861251501
258861252333
258861254077
258861255367
258861257431
258861257671
258861258076
258861259962
258861260035
258861260292
258861260625
258861260687
258861260769
258861261013
258861261671
258861262515
258861262525
258861262554
258861262708
258861262814
258861263780
258861263938
258861263958
258861267140
258861267174
258861268652
258861604288
258861605133
258861605145
258861605362
258861606153
258861606758
258861609172
258861610109
258861610930
258861611493
258861612441
258861614032
258861615948
258861619944
258861620094
258861621535
258861621878
258861622368
258861623191
258861624129
258861626901
258861626957
258861628832
258861630539
258861631586
258861632224
258861636209
258861636413
258861637445
258861637669
258861637802
258861640417
258861641095
258861641817
258861642206
258861643452
258861647632
258861647708
258861648016
258861648607
258861649830
258861650163
258861651993
258861652691
258861654918
258861655837
258861656654
258861656852
258861660067
258861660762
258861662574
258861664103
258861664715
258861664725
258861665520
258861666284
258861667095
258861667576
258861668281
258861668630
258861668884
258861669978
258861670583
258861671512
258861671568
258861675677
258861678206
258861680096
258861680387
258861681925
258861681954
258861682325
258861683351
258861684151
258861693829
258861696913
258861698061
258861699508
258861703147
258861705873
258861709933
258861711062
258861713579
258861721559
258861721577
258861722686
258861728562
258861730945
258861731269
258861741753
258861745063
258861746218
258861747132
258861748679
258861749209
258861752290
258861754459
258861756720
258861758155
258861758404
258861760023
258861766956
258861770272
258861773937
258861775774
258861777723
258861778031
258861779687
258861780784
258861783480
258861783951
258861784576
258861794776
258861796273
258861799294
258861799692
258861800031
258861800291
258861801415
258861804494
258861804841
258861805427
258861807846
258861810757
258861812309
258861814840
258861816762
258861821798
258861824571
258861825234
258861825704
258861828382
258861828751
258861831388
258861831676
258861834368
258861838231
258861841050
258861846810
258861847781
258861847940
258861850637
258861852302
258861854207
258861858149
258861858880
258861865473
258861870120
258861872923
258861873310
258861873482
258861879140
258861885437
258861886993
258861887843
258861888982
258861890319
258861895047
258861895588
258861896776
258861897059
258861907336
258861910948
258861911741
258861912889
258861914873
258861917275
258861920929
258861931208
258861933556
258861935445
258861936153
258861937933
258861938621
258861950169
258861952847
258861953937
258861954774
258861956104
258861956533
258861956842
258861957226
258861958425
258861959689
258861960198
258861963155
258861965085
258861972955
258861974560
258861974783
258861975448
258861976676
258861977343
258861977937
258861979406
258861982124
258861984453
258861986293
258861994594
258861999988
258862004706
258862010496
258862011843
258862013035
258862020151
258862022648
258862025377
258862026324
258862027105
258862028303
258862028687
258862029460
258862029720
258862030217
258862036148
258862036680
258862038620
258862039847
258862041145
258862044601
258862046667
258862049928
258862051779
258862052063
258862052666
258862057981
258862058883
258862065526
258862069058
258862070186
258862070660
258862071742
258862074922
258862083421
258862083674
258862083843
258862084114
258862085568
258862088256
258862088609
258862090618
258862096455
258862097949
258862102716
258862105362
258862106008
258862107260
258862111269
258862114353
258862120830
258862126730
258862127876
258862128458
258862139909
258862143554
258862144760
258862148469
258862150918
258862152819
258862154117
258862155004
258862158272
258862159610
258862159626
258862160249
258862161935
258862162074
258862166995
258862171071
258862172606
258862173359
258862174583
258862175359
258862175380
258862175580
258862175923
258862176170
258862178334
258862179224
258862179450
258862180068
258862180236
258862180458
258862180600
258862180728
258862180818
258862182304
258862182824
258862184952
258862185078
258862185128
258862185392
258862187254
258862187719
258862188493
258862189005
258862190345
258862191349
258862191896
258862192081
258862193034
258862193875
258862194404
258862195629
258862196195
258862196816
258862197015
258862197675
258862199173
258862200190
258862200878
258862201419
258862202352
258862202716
258862206107
258862208538
258862208962
258862211758
258862216993
258862217644
258862217960
258862220884
258862221545
258862224020
258862224738
258862225201
258862229195
258862230885
258862231485
258862231768
258862234799
258862235490
258862235776
258862236766
258862238850
258862239912
258862240129
258862240450
258862242383
258862243793
258862243867
258862256406
258862258771
258862259549
258862264656
258862264797
258862265316
258862268650
258862270409
258862271394
258862273559
258862277616
258862281940
258862283156
258862283863
258862295354
258862296838
258862297260
258862297275
258862302173
258862305330
258862313524
258862313980
258862321021
258862322723
258862326747
258862333487
258862335771
258862336114
258862339320
258862339706
258862341453
258862341901
258862344604
258862349020
258862354373
258862362465
258862363042
258862363571
258862373432
258862375814
258862378310
258862380707
258862390054
258862390737
258862392667
258862394673
258862395338
258862401707
258862403542
258862409947
258862411368
258862433815
258862434570
258862436106
258862455591
258862463587
258862468505
258862468532
258862471389
258862473927
258862475504
258862486067
258862486556
258862486889
258862488823
258862489942
258862492390
258862496158
258862499070
258862504378
258862507462
258862511701
258862515559
258862518253
258862521908
258862522454
258862534293
258862540309
258862544672
258862545627
258862550647
258862552300
258862555128
258862558703
258862571956
258862576144
258862578422
258862587836
258862587901
258862590431
258862607795
258862611735
258862612253
258862619345
258862620417
258862627700
258862631623
258862635195
258862637745
258862639071
258862652533
258862660726
258862673402
258862677667
258862678348
258862681494
258862682983
258862683229
258862683971
258862684125
258862686259
258862687009
258862687534
258862688819
258862695117
258862695552
258862697327
258862697894
258862714328
258862714414
258862715064
258862715580
258862723553
258862726393
258862727581
258862743005
258862745630
258862765190
258862766661
258862767018
258862767071
258862770048
258862773526
258862774059
258862784619
258862790359
258862794069
258862794335
258862795016
258862795968
258862801492
258862807735
258862808949
258862809100
258862820164
258862821279
258862823707
258862828551
258862841598
258862852553
258862854597
258862855757
258862860912
258862861751
258862863808
258862868536
258862871840
258862875662
258862892183
258862892314
258862900968
258862907831
258862912382
258862912981
258862913331
258862916437
258862917119
258862918662
258862921292
258862923966
258862931394
258862935157
258862938849
258862947456
258862949600
258862951632
258862952760
258862958963
258862959661
258862962360
258862965120
258862967761
258862969408
258862973557
258862977082
258862978220
258862978977
258862979183
258862982196
258862982844
258862983257
258862983600
258862984321
258862985244
258862985361
258862985694
258862985985
258862987851
258862989074
258862989170
258862990363
258862992383
258862992395
258862992698
258862992892
258862993063
258862994693
258862995076
258862995271
258862995888
258862995988
258862996888
258862997130
258862997308
258862997718
258862997833
258862997910
258862998263
258862998430
258863000132
258863009831
258863015213
258863015832
258863016987
258863025105
258863039639
258863047292
258863064555
258863069020
258863083253
258863086450
258863088546
258863090424
258863104480
258863111860
258863164966
258863165132
258863166326
258863167995
258863168005
258863168761
258863171663
258863175027
258863175843
258863176541
258863178757
258863179324
258863180453
258863182460
258863182862
258863183708
258863183986
258863184086
258863184087
258863184611
258863184818
258863184831
258863185631
258863187580
258863190270
258863190633
258863191330
258863192388
258863193490
258863193953
258863194210
258863197403
258863197645
258863198054
258863200517
258863200863
258863201787
258863201995
258863203360
258863204393
258863205142
258863205530
258863208190
258863209692
258863213302
258863213690
258863216539
258863217287
258863217746
258863218582
258863218857
258863223613
258863225111
258863226111
258863226983
258863228004
258863228278
258863228695
258863229369
258863230209
258863231716
258863235646
258863236169
258863236558
258863237640
258863241837
258863242119
258863244035
258863244606
258863245014
258863245123
258863245957
258863247679
258863247797
258863250332
258863250784
258863252355
258863252507
258863252811
258863253337
258863253947
258863255295
258863256702
258863256725
258863257433
258863259142
258863259434
258863259863
258863259975
258863260030
258863261282
258863261461
258863264486
258863266680
258863267892
258863268490
258863268870
258863268883
258863270889
258863271613
258863273795
258863274067
258863274971
258863275188
258863276449
258863276676
258863276909
258863278202
258863278856
258863279558
258863280990
258863283134
258863284581
258863285241
258863285412
258863286007
258863288032
258863288486
258863288828
258863289817
258863290031
258863290315
258863291906
258863292158
258863292585
258863292608
258863292804
258863293013
258863294290
258863294332
258863295315
258863296049
258863297078
258863297588
258863300371
258863301315
258863302742
258863303546
258863305593
258863306578
258863310497
258863311703
258863312674
258863312871
258863313863
258863315201
258863316235
258863316304
258863316782
258863319191
258863320794
258863323839
258863323968
258863324110
258863324266
258863325716
258863326282
258863326334
258863326352
258863328475
258863328552
258863328608
258863330054
258863330197
258863330547
258863331741
258863332026
258863332088
258863332588
258863332705
258863333516
258863333697
258863333840
258863335085
258863335575
258863336046
258863336172
258863336414
258863336462
258863336540
258863338233
258863338360
258863338450
258863339605
258863339868
258863341373
258863341612
258863342063
258863342338
258863342659
258863343894
258863343928
258863344254
258863344789
258863344877
258863345397
258863346294
258863346541
258863347313
258863347497
258863347714
258863348578
258863350731
258863350750
258863351971
258863352400
258863352708
258863352727
258863352929
258863352952
258863353546
258863353831
258863353948
258863354162
258863354630
258863354643
258863355079
258863355855
258863356614
258863356810
258863357959
258863358319
258863358348
258863358534
258863358551
258863359321
258863359382
258863359707
258863360640
258863361425
258863361989
258863362102
258863362270
258863362708
258863362909
258863363545
258863364165
258863364742
258863364942
258863365507
258863365657
258863365786
258863365807
258863365812
258863366082
258863366567
258863367158
258863367186
258863367634
258863368048
258863368418
258863369075
258863370344
258863370370
258863370551
258863371014
258863371225
258863371771
258863372048
258863373429
258863374182
258863374404
258863374865
258863374981
258863375564
258863375654
258863376099
258863376503
258863377071
258863377163
258863379005
258863379323
258863379559
258863380468
258863381773
258863382149
258863382287
258863382519
258863382618
258863383833
258863385088
258863385512
258863387837
258863388038
258863388763
258863388982
258863389475
258863390035
258863391647
258863392430
258863393088
258863394136
258863395457
258863395769
258863396045
258863396219
258863396519
258863397366
258863397446
258863397695
258863398154
258863398530
258863399883
258863400273
258863400523
258863400826
258863401392
258863401681
258863402931
258863403417
258863403674
258863403813
258863405415
258863405824
258863406665
258863406735
258863407426
258863407444
258863408274
258863409241
258863410738
258863413320
258863413437
258863413903
258863414311
258863414423
258863414446
258863414625
258863414898
258863417131
258863417325
258863417437
258863417634
258863419536
258863419600
258863422538
258863423053
258863423234
258863424752
258863425098
258863426478
258863427500
258863427627
258863427876
258863434013
258863434316
258863434704
258863434958
258863436016
258863436149
258863436486
258863437521
258863440685
258863440716
258863442835
258863443220
258863444292
258863445194
258863445944
258863447347
258863448221
258863448222
258863449385
258863449689
258863450176
258863451416
258863452485
258863452881
258863453398
258863453880
258863456332
258863458278
258863459257
258863459901
258863460176
258863460331
258863460772
258863461693
258863463231
258863463435
258863464012
258863464087
258863465166
258863465422
258863465440
258863465678
258863466495
258863466746
258863467956
258863470494
258863470582
258863471491
258863471780
258863471817
258863473307
258863474751
258863478451
258863478752
258863479185
258863480589
258863480611
258863480830
258863482146
258863482686
258863482687
258863483036
258863484717
258863487400
258863488078
258863488402
258863488413
258863488516
258863488683
258863488781
258863490307
258863490424
258863491542
258863491596
258863492374
258863493136
258863493159
258863493286
258863493895
258863494820
258863495866
258863496983
258863497059
258863498869
258863498943
258863499518
258863501628
258863501952
258863502427
258863503202
258863503689
258863505666
258863505708
258863507066
258863509572
258863509996
258863510603
258863510973
258863512431
258863512700
258863512996
258863513325
258863513819
258863514200
258863514760
258863515666
258863516041
258863516294
258863518467
258863518848
258863524745
258863527361
258863529227
258863534567
258863535828
258863538508
258863539326
258863544685
258863545679
258863546384
258863546491
258863547308
258863547613
258863548177
258863548352
258863548428
258863548935
258863549636
258863551807
258863551890
258863552387
258863552677
258863552727
258863553479
258863553940
258863554849
258863555197
258863556223
258863556307
258863556452
258863557385
258863558104
258863558441
258863558825
258863559260
258863560785
258863560957
258863561114
258863561705
258863562078
258863562763
258863563531
258863563764
258863563895
258863564151
258863564289
258863565104
258863565382
258863565949
258863566724
258863568709
258863568975
258863570409
258863570500
258863570948
258863571276
258863571746
258863572579
258863572889
258863574214
258863575671
258863576116
258863576197
258863576567
258863577261
258863577534
258863577783
258863578750
258863578765
258863579183
258863580055
258863580122
258863580216
258863580225
258863581161
258863581341
258863581741
258863581787
258863581788
258863581829
258863582147
258863582869
258863584175
258863584570
258863584721
258863585771
258863586819
258863587944
258863591496
258863594416
258863595251
258863596513
258863597362
258863597490
258863597867
258863598027
258863598532
258863599981
258863600035
258863600298
258863600894
258863601110
258863601201
258863602010
258863602418
258863603377
258863603865
258863604756
258863605921
258863607369
258863608628
258863609935
258863611050
258863611468
258863613002
258863613073
258863613219
258863614317
258863614726
258863615436
258863615635
258863617502
258863618018
258863618190
258863618563
258863619228
258863619295
258863619442
258863621565
258863622168
258863622450
258863624246
258863624287
258863625263
258863626140
258863626165
258863626757
258863629142
258863629611
258863631480
258863632087
258863632318
258863633420
258863633672
258863635957
258863636022
258863636323
258863636849
258863639177
258863639441
258863641454
258863642179
258863642389
258863642509
258863642536
258863643863
258863645703
258863645797
258863646944
258863647008
258863651871
258863655983
258863656062
258863656525
258863660152
258863660973
258863662268
258863666938
258863671768
258863673434
258863675453
258863676242
258863676719
258863676992
258863677027
258863682172
258863686936
258863687851
258863689287
258863694307
258863695057
258863697557
258863702840
258863704008
258863704726
258863705480
258863705491
258863710257
258863720999
258863723926
258863726219
258863730098
258863733708
258863734931
258863735609
258863736060
258863736136
258863739862
258863740429
258863740971
258863742996
258863745076
258863750807
258863752545
258863755804
258863755962
258863757793
258863761425
258863762899
258863763569
258863770749
258863772336
258863773432
258863775079
258863779636
258863780150
258863782592
258863783216
258863787899
258863788312
258863789517
258863793594
258863799161
258863799947
258863809781
258863812161
258863814225
258863814338
258863815036
258863815183
258863816274
258863823236
258863826130
258863828528
258863832951
258863839344
258863839573
258863843288
258863846379
258863847363
258863849632
258863853930
258863855809
258863856539
258863858337
258863858796
258863859199
258863862223
258863865593
258863869797
258863871412
258863877677
258863877950
258863879395
258863880954
258863885989
258863888002
258863893973
258863894287
258863894573
258863895208
258863896099
258863899300
258863905228
258863905304
258863906100
258863909050
258863909205
258863910257
258863912560
258863913096
258863913545
258863913801
258863915681
258863916456
258863918343
258863923729
258863923898
258863926619
258863928934
258863928976
258863932033
258863936304
258863937288
258863940196
258863940985
258863945636
258863946131
258863946217
258863946261
258863946772
258863950164
258863950302
258863950839
258863951919
258863952586
258863956551
258863958686
258863961997
258863965873
258863966038
258863969565
258863970067
258863972736
258863973556
258863974091
258863978561
258863979046
258863979566
258863980461
258863981523
258863982037
258863982767
258863983780
258863984054
258863984222
258863984964
258863985066
258863985200
258863985599
258863988073
258863989354
258863989559
258863993064
258863995116
258863997945
258863998511
258864000321
258864000821
258864002959
258864005332
258864005535
258864005753
258864006467
258864008441
258864010901
258864013330
258864015845
258864015994
258864018199
258864019461
258864022042
258864024973
258864025935
258864026309
258864027997
258864028579
258864028830
258864029206
258864030220
258864032116
258864032231
258864032546
258864032853
258864041384
258864042827
258864045068
258864048372
258864048759
258864049719
258864049980
258864050467
258864054866
258864055354
258864056090
258864057184
258864060344
258864060938
258864061744
258864063714
258864064775
258864066716
258864067780
258864068126
258864068131
258864069139
258864075244
258864077924
258864078707
258864079734
258864079944
258864082039
258864082296
258864082490
258864082886
258864083360
258864083937
258864084181
258864084412
258864086437
258864087556
258864087824
258864088034
258864089307
258864090176
258864091058
258864092052
258864092181
258864093723
258864095218
258864096784
258864098033
258864098495
258864102337
258864104163
258864104206
258864105323
258864108308
258864108640
258864110637
258864111012
258864114434
258864116503
258864122851
258864124769
258864124851
258864126614
258864131397
258864131551
258864135328
258864140660
258864140830
258864142468
258864143005
258864143087
258864143469
258864145341
258864146310
258864148216
258864149216
258864149264
258864150564
258864152233
258864152410
258864156859
258864158125
258864159099
258864159175
258864161790
258864162385
258864163952
258864164563
258864164785
258864165414
258864165441
258864165480
258864171078
258864171405
258864171761
258864172266
258864172735
258864176690
258864177157
258864177386
258864177594
258864179867
258864179875
258864179916
258864180226
258864180883
258864181484
258864181488
258864182081
258864182443
258864183924
258864184239
258864184489
258864186723
258864188561
258864188906
258864191093
258864192535
258864195488
258864195653
258864197447
258864198444
258864201942
258864202074
258864204023
258864204227
258864205456
258864205488
258864208339
258864210506
258864210564
258864210576
258864210905
258864213537
258864216130
258864216316
258864217206
258864218127
258864218214
258864219281
258864220293
258864221259
258864225783
258864228481
258864230113
258864230340
258864231197
258864231218
258864231230
258864233241
258864233855
258864234013
258864235814
258864236642
258864237156
258864238901
258864239094
258864240060
258864240354
258864241373
258864242914
258864248989
258864251712
258864252641
258864254157
258864255525
258864255874
258864261435
258864261469
258864261963
258864262730
258864263140
258864263621
258864265521
258864265821
258864266898
258864266925
258864267242
258864270896
258864273102
258864275195
258864277817
258864279002
258864279149
258864279252
258864279579
258864282122
258864283404
258864284543
258864285342
258864285748
258864286026
258864288336
258864289287
258864291257
258864293132
258864293251
258864294106
258864295765
258864298106
258864300532
258864302274
258864303529
258864307023
258864307774
258864312253
258864313236
258864318175
258864319683
258864319884
258864321733
258864322195
258864323561
258864324113
258864327279
258864328288
258864328421
258864329484
258864331056
258864334103
258864336029
258864339404
258864339966
258864341381
258864343861
258864345410
258864347323
258864347704
258864354127
258864356029
258864356158
258864356855
258864357568
258864363507
258864364220
258864364477
258864364585
258864365441
258864367629
258864368136
258864371306
258864371348
258864374702
258864375230
258864375332
258864375931
258864377155
258864378930
258864384120
258864388500
258864388710
258864390099
258864390344
258864392752
258864394139
258864394591
258864398355
258864401179
258864403877
258864404375
258864405398
258864406337
258864406345
258864411083
258864411180
258864411517
258864412906
258864414728
258864415279
258864415383
258864417762
258864418935
258864420082
258864422996
258864423108
258864423370
258864425279
258864425426
258864427593
258864428031
258864433306
258864435192
258864435311
258864437253
258864437795
258864442750
258864443253
258864443597
258864444774
258864446904
258864448182
258864448509
258864450008
258864453673
258864454531
258864455389
258864455673
258864456329
258864457685
258864459301
258864460456
258864462263
258864465203
258864465468
258864466829
258864467308
258864467729
258864468578
258864468807
258864470030
258864471479
258864473043
258864473413
258864476055
258864477821
258864478359
258864478510
258864482679
258864485872
258864488043
258864489045
258864489741
258864493714
258864493886
258864494214
258864495804
258864496494
258864500348
258864501977
258864502525
258864504727
258864504913
258864509781
258864510413
258864510434
258864510851
258864512308
258864512338
258864512618
258864517465
258864519050
258864522703
258864524916
258864525738
258864527147
258864532893
258864534042
258864534640
258864535100
258864537386
258864538264
258864539609
258864541638
258864544662
258864546976
258864548880
258864554387
258864554966
258864557932
258864559672
258864561076
258864561677
258864562235
258864562938
258864563575
258864564548
258864565695
258864569792
258864569981
258864570312
258864571406
258864571877
258864575789
258864575982
258864576779
258864578406
258864580409
258864581791
258864582274
258864582913
258864583130
258864584042
258864588054
258864588396
258864590154
258864595806
258864596506
258864599497
258864600408
258864600419
258864601571
258864604072
258864607501
258864608717
258864610101
258864610242
258864614118
258864614338
258864614890
258864617138
258864618117
258864618950
258864620728
258864621153
258864623259
258864624733
258864625103
258864626812
258864627429
258864631524
258864631742
258864632732
258864632870
258864634006
258864634559
258864634988
258864636631
258864640836
258864648181
258864651042
258864653429
258864654665
258864659477
258864660002
258864663757
258864668124
258864668366
258864677582
258864678233
258864678766
258864678895
258864681498
258864682363
258864685383
258864686244
258864689386
258864696959
258864704520
258864705557
258864708763
258864715613
258864716228
258864719204
258864719531
258864721695
258864722905
258864736849
258864737994
258864738674
258864739261
258864741442
258864742513
258864743599
258864746403
258864749242
258864749911
258864751793
258864751849
258864753612
258864753799
258864754741
258864754980
258864756151
258864756500
258864762772
258864764770
258864769761
258864771251
258864778231
258864782732
258864783085
258864783638
258864791381
258864792204
258864798183
258864800500
258864803203
258864803748
258864804945
258864805346
258864806938
258864808099
258864813061
258864814680
258864817571
258864819083
258864821606
258864821683
258864824090
258864824115
258864825577
258864826937
258864827578
258864828106
258864828304
258864828769
258864830777
258864831127
258864831339
258864831532
258864831722
258864831755
258864832149
258864832156
258864833662
258864834076
258864834556
258864835718
258864837191
258864837935
258864840375
258864840588
258864840884
258864841728
258864842428
258864842645
258864842951
258864843415
258864843627
258864843873
258864844339
258864844340
258864846244
258864846318
258864846690
258864847330
258864848150
258864848399
258864848681
258864848800
258864849685
258864849693
258864849866
258864849882
258864850921
258864851266
258864853347
258864853765
258864853825
258864854169
258864854301
258864856220
258864857412
258864858225
258864858489
258864858497
258864858861
258864859268
258864859467
258864860175
258864861106
258864861218
258864862238
258864862324
258864863021
258864863295
258864863408
258864863525
258864863632
258864864227
258864864883
258864864993
258864865605
258864866042
258864867219
258864867248
258864867692
258864868099
258864869436
258864869877
258864870177
258864871600
258864872240
258864873353
258864873412
258864873470
258864874358
258864874368
258864875160
258864875299
258864878039
258864879959
258864882741
258864883878
258864883938
258864884014
258864884029
258864884882
258864885145
258864886748
258864886882
258864887891
258864888390
258864889780
258864889965
258864890806
258864891147
258864892549
258864893780
258864893898
258864896613
258864897751
258864902808
258864903145
258864906838
258864906898
258864907574
258864912419
258864916418
258864917114
258864917825
258864919736
258864919802
258864920035
258864920184
258864922148
258864924180
258864925312
258864925364
258864925557
258864926142
258864926264
258864926605
258864926775
258864927263
258864927414
258864928038
258864928065
258864929352
258864929374
258864929447
258864929611
258864929699
258864930355
258864930525
258864931340
258864932239
258864932325
258864933017
258864933385
258864933516
258864934128
258864934393
258864935074
258864935719
258864936041
258864936334
258864936476
258864937468
258864937486
258864937989
258864938168
258864939751
258864940169
258864940279
258864940444
258864940528
258864941094
258864941725
258864941929
258864942637
258864942714
258864943020
258864943930
258864943991
258864944044
258864944342
258864944814
258864945775
258864945888
258864946202
258864946656
258864947095
258864947594
258864947672
258864947841
258864947877
258864948381
258864948582
258864949214
258864950123
258864950841
258864951773
258864951777
258864952361
258864953115
258864953617
258864954462
258864954911
258864955189
258864955514
258864955696
258864955831
258864956387
258864956690
258864957697
258864957752
258864958035
258864959374
258864959465
258864959516
258864959646
258864960359
258864960733
258864961454
258864961798
258864962623
258864962727
258864963111
258864963159
258864963307
258864963592
258864965267
258864965813
258864966519
258864966565
258864966587
258864966813
258864968437
258864968537
258864969257
258864969315
258864969408
258864969452
258864970238
258864970753
258864972477
258864972846
258864972954
258864973229
258864973750
258864974680
258864975199
258864975294
258864975522
258864975744
258864977004
258864978230
258864978383
258864981044
258864981301
258864982188
258864982533
258864983021
258864983468
258864984125
258864984215
258864984825
258864984904
258864985933
258864986048
258864987337
258864987412
258864987986
258864988263
258864989195
258864989712
258864989774
258864990139
258864990306
258864991206
258864991390
258864992277
258864992577
258864992998
258864993142
258864993632
258864995399
258864996474
258864996524
258864996725
258864997168
258864997216
258864997814
258864997897
258864998193
258864998469
258864998506
258864999296
258864999611
258864999711
258864999910
258865000398
258865001542
258865001862
258865002470
258865002663
258865002850
258865003682
258865003974
258865004200
258865005481
258865005731
258865006762
258865007031
258865007208
258865007800
258865007842
258865008347
258865008430
258865009599
258865010061
258865010761
258865012662
258865013039
258865013049
258865014689
258865014873
258865014964
258865015442
258865015626
258865016116
258865016408
258865016973
258865017849
258865019186
258865019666
258865021320
258865021524
258865022110
258865022372
258865023610
258865023715
258865024662
258865025265
258865025327
258865025722
258865025737
258865025752
258865026014
258865026408
258865026589
258865028077
258865028213
258865028501
258865028544
258865028898
258865029115
258865029322
258865030144
258865030166
258865030291
258865030864
258865032230
258865032819
258865032953
258865033666
258865034633
258865036006
258865036251
258865036538
258865036557
258865036749
258865038459
258865038553
258865038920
258865039170
258865041028
258865041238
258865041311
258865041748
258865041862
258865042647
258865043100
258865044075
258865044268
258865045242
258865045419
258865045629
258865046073
258865047413
258865047703
258865048403
258865048743
258865049164
258865049167
258865049293
258865049473
258865049882
258865050313
258865051607
258865052440
258865052818
258865054093
258865054502
258865054891
258865055010
258865055355
258865056499
258865056516
258865056979
258865057065
258865057554
258865058444
258865060474
258865060580
258865062365
258865063110
258865064450
258865064666
258865064778
258865064871
258865065695
258865067997
258865068414
258865068815
258865068864
258865070876
258865070996
258865071006
258865071481
258865072759
258865073817
258865073857
258865075019
258865075691
258865076462
258865077424
258865078107
258865078996
258865079225
258865079258
258865080516
258865081654
258865081776
258865083111
258865083349
258865084239
258865084683
258865085311
258865086223
258865086467
258865086681
258865087025
258865087095
258865087383
258865087711
258865087859
258865088043
258865088580
258865089140
258865090247
258865090549
258865090680
258865090712
258865091045
258865091163
258865092970
258865093827
258865093907
258865094594
258865095014
258865095143
258865095441
258865096007
258865096604
258865097762
258865098767
258865099252
258865099528
258865100218
258865101254
258865101270
258865101319
258865101816
258865102277
258865102575
258865102783
258865104115
258865105567
258865106430
258865106684
258865106784
258865107036
258865107673
258865108694
258865108875
258865109102
258865109148
258865109205
258865109945
258865110102
258865110205
258865110913
258865111459
258865111809
258865113149
258865113529
258865113726
258865114473
258865114526
258865115050
258865116154
258865117171
258865117633
258865117828
258865117854
258865118467
258865118638
258865120710
258865120982
258865121593
258865122433
258865122628
258865122928
258865124308
258865125787
258865125989
258865126726
258865127591
258865128119
258865128765
258865129713
258865131342
258865131478
258865131698
258865132306
258865133074
258865133177
258865133557
258865133728
258865134174
258865134530
258865134869
258865135293
258865135616
258865136020
258865138306
258865138413
258865138654
258865138790
258865140009
258865140593
258865140606
258865140637
258865141056
258865141796
258865142210
258865142723
258865143464
258865144071
258865144128
258865145674
258865145714
258865146937
258865147625
258865148015
258865148283
258865148851
258865149331
258865149727
258865149754
258865151656
258865151734
258865152836
258865152903
258865153105
258865154320
258865156417
258865156447
258865157083
258865158091
258865158341
258865158506
258865159517
258865160034
258865160446
258865160825
258865160846
258865162848
258865163783
258865171293
258865172573
258865175633
258865182366
258865183442
258865184904
258865185062
258865185632
258865187505
258865188420
258865191260
258865192099
258865193971
258865195925
258865200055
258865201313
258865204290
258865206699
258865207881
258865208206
258865211801
258865212674
258865214616
258865215861
258865215919
258865216185
258865217932
258865219365
258865219779
258865219789
258865226278
258865228182
258865228809
258865229590
258865230069
258865230564
258865233749
258865234165
258865234345
258865235566
258865235687
258865237049
258865237389
258865238587
258865238675
258865240699
258865241591
258865243606
258865244544
258865245611
258865245692
258865249191
258865249531
258865250234
258865251136
258865252988
258865253603
258865254231
258865254415
258865255730
258865259233
258865260879
258865262063
258865263288
258865266078
258865266410
258865267180
258865267315
258865267926
258865267947
258865270281
258865271552
258865271737
258865272867
258865272971
258865276625
258865276953
258865277544
258865278180
258865278738
258865283244
258865284149
258865285841
258865285947
258865286379
258865289100
258865289946
258865294214
258865295959
258865296265
258865297406
258865301377
258865301720
258865302728
258865303189
258865303713
258865306170
258865306550
258865308922
258865309130
258865310415
258865310460
258865311919
258865312081
258865316942
258865317251
258865317803
258865319472
258865320386
258865320968
258865323167
258865324733
258865324846
258865324879
258865326172
258865327379
258865328097
258865329496
258865331777
258865332810
258865333501
258865333993
258865335975
258865336133
258865336788
258865336972
258865337131
258865338256
258865338709
258865340404
258865340437
258865340571
258865341164
258865341331
258865341349
258865343245
258865344040
258865345228
258865346272
258865347333
258865350360
258865354738
258865355543
258865356503
258865358409
258865359186
258865359545
258865361314
258865361567
258865362130
258865362417
258865363393
258865366695
258865374495
258865375521
258865376059
258865378158
258865378523
258865379263
258865382583
258865382595
258865382906
258865384051
258865393404
258865393574
258865393997
258865395883
258865396958
258865398408
258865398752
258865399320
258865402849
258865403448
258865405547
258865407469
258865407546
258865407921
258865407984
258865408642
258865411506
258865411773
258865411945
258865412839
258865414140
258865414327
258865417920
258865418047
258865419660
258865421233
258865424186
258865424677
258865424929
258865426601
258865428091
258865430408
258865430976
258865433875
258865435373
258865436536
258865436873
258865439217
258865440714
258865441448
258865444936
258865445727
258865445926
258865453863
258865455519
258865456208
258865463018
258865467197
258865467333
258865468327
258865473692
258865474789
258865475087
258865480972
258865480975
258865483285
258865487399
258865489050
258865491314
258865493037
258865493863
258865495278
258865496040
258865496067
258865503188
258865505586
258865509103
258865511768
258865512029
258865513677
258865514047
258865514052
258865518434
258865518868
258865519382
258865519595
258865521964
258865527105
258865527861
258865529138
258865530958
258865531989
258865532285
258865534215
258865536269
258865538586
258865539978
258865544191
258865544587
258865546739
258865550471
258865557388
258865557928
258865558908
258865559278
258865559652
258865560088
258865563560
258865564217
258865565417
258865567840
258865568593
258865569679
258865571994
258865572239
258865574097
258865574620
258865576384
258865577581
258865577741
258865578379
258865580793
258865581756
258865582389
258865582693
258865582865
258865584726
258865585599
258865585747
258865586124
258865593720
258865594177
258865594645
258865600466
258865601995
258865602349
258865602813
258865605282
258865611133
258865611487
258865611530
258865615285
258865618759
258865624231
258865624387
258865624890
258865624910
258865626036
258865626415
258865628305
258865632295
258865632438
258865634860
258865638060
258865639414
258865639869
258865643762
258865646486
258865647857
258865648489
258865651165
258865652615
258865654140
258865654563
258865655219
258865656966
258865658384
258865660137
258865660254
258865663278
258865668237
258865668344
258865669277
258865669357
258865676107
258865681183
258865681845
258865684699
258865685629
258865686208
258865687774
258865690143
258865691905
258865692586
258865692982
258865693328
258865694577
258865695930
258865696297
258865698513
258865699212
258865700826
258865701996
258865704047
258865704131
258865705379
258865707336
258865707420
258865708449
258865708492
258865711411
258865711648
258865712252
258865723494
258865726420
258865726900
258865727242
258865728863
258865729245
258865729400
258865731264
258865731334
258865733682
258865734994
258865735177
258865735681
258865736669
258865736753
258865739732
258865742270
258865746167
258865749664
258865750283
258865750415
258865752893
258865753421
258865753940
258865754510
258865759431
258865759488
258865765794
258865766407
258865767629
258865767704
258865769487
258865770528
258865772288
258865775901
258865776597
258865779540
258865780599
258865782546
258865783416
258865787108
258865787562
258865787706
258865793090
258865794514
258865798254
258865798674
258865799486
258865799515
258865801756
258865807454
258865808424
258865809511
258865812101
258865812951
258865813651
258865815992
258865816644
258865818177
258865820552
258865827023
258865828747
258865828789
258865833382
258865834626
258865835959
258865836131
258865840997
258865841048
258865841665
258865843624
258865845255
258865845654
258865846441
258865847259
258865847747
258865848204
258865851506
258865852257
258865856273
258865856611
258865864068
258865865256
258865865789
258865866369
258865868598
258865869018
258865870467
258865873194
258865875593
258865876107
258865877960
258865886988
258865892083
258865892771
258865895998
258865898941
258865898998
258865901342
258865903249
258865904750
258865905102
258865905643
258865908943
258865910419
258865915357
258865919145
258865919658
258865920884
258865921186
258865921884
258865923080
258865925035
258865934178
258865935082
258865937394
258865937752
258865939164
258865943915
258865945601
258865946481
258865951357
258865953615
258865958258
258865959814
258865966645
258865967589
258865973893
258865974779
258865977383
258865978115
258865978588
258865978900
258865979007
258865979485
258865979770
258865981356
258865985687
258865986244
258865986443
258865991369
258865992085
258866002377
258866003770
258866004179
258866004562
258866006161
258866007648
258866008485
258866009827
258866010282
258866013663
258866014345
258866015705
258866016013
258866016612
258866019836
258866022132
258866029932
258866030230
258866032258
258866036051
258866045644
258866047731
258866048848
258866052367
258866059362
258866060007
258866064143
258866071767
258866078990
258866080471
258866083862
258866089070
258866089325
258866091578
258866092505
258866094851
258866096116
258866098069
258866103221
258866109031
258866110176
258866110233
258866111674
258866121245
258866122698
258866124963
258866132370
258866132975
258866136034
258866137856
258866139766
258866141601
258866145379
258866146446
258866150111
258866152696
258866153837
258866160538
258866167718
258866171717
258866174547
258866175239
258866178532
258866182964
258866184637
258866184883
258866185570
258866187732
258866192270
258866196214
258866199545
258866202879
258866213008
258866214619
258866217583
258866218843
258866220972
258866228496
258866229142
258866231278
258866233522
258866236083
258866239369
258866241099
258866252453
258866253435
258866258372
258866258525
258866261254
258866265945
258866271522
258866273913
258866277065
258866280961
258866284774
258866285185
258866288233
258866291552
258866292310
258866294288
258866294636
258866297628
258866297655
258866299922
258866302200
258866302475
258866303743
258866306646
258866307798
258866308361
258866312565
258866314020
258866316480
258866316899
258866317193
258866318216
258866319306
258866323031
258866323792
258866325611
258866325949
258866325958
258866326334
258866327442
258866331667
258866332016
258866333831
258866335192
258866336043
258866336388
258866339026
258866339655
258866341176
258866344837
258866346189
258866346221
258866349094
258866349429
258866351290
258866351465
258866352188
258866352263
258866352974
258866353571
258866355859
258866356192
258866356295
258866356379
258866359852
258866363924
258866364832
258866366467
258866366827
258866369083
258866369624
258866369812
258866370513
258866373165
258866374906
258866375884
258866376706
258866376998
258866377048
258866379133
258866384439
258866387700
258866388867
258866388870
258866390199
258866397825
258866399384
258866400481
258866402340
258866402533
258866402697
258866404808
258866406950
258866407523
258866412419
258866414790
258866419956
258866421341
258866429730
258866436826
258866437182
258866438210
258866438652
258866450078
258866452739
258866469520
258866475668
258866477579
258866483120
258866484487
258866485405
258866491682
258866492144
258866494889
258866502127
258866502438
258866502946
258866511528
258866521243
258866530628
258866531224
258866534834
258866535409
258866539010
258866540014
258866545544
258866548254
258866551848
258866553842
258866559040
258866560738
258866572769
258866574507
258866581807
258866738015
258866799142
258866799490
258866840378
258866859260
258866882001
258866895546
258866940206
258866959075
258866962238
258866962425
258866964553
258867016763
258867030488
258867036444
258867037542
258867046274
258867053731
258867071165
258867095454
258867108002
258867145178
258867198304
258867208716
258867219973
258867228475
258867232633
258867237200
258867241179
258867244587
258867249946
258867258432
258867258888
258867265025
258867265372
258867265832
258867277584
258867280857
258867281386
258867288370
258867290142
258867294183
258867294848
258867298135
258867301738
258867311037
258867311769
258867313060
258867319394
258867321401
258867322503
258867323357
258867334180
258867339876
258867340594
258867341521
258867342358
258867344846
258867350068
258867350494
258867350966
258867353197
258867354922
258867355462
258867359442
258867361734
258867370759
258867371144
258867372276
258867372658
258867374949
258867375238
258867377755
258867378194
258867378823
258867379312
258867383318
258867384009
258867385658
258867389658
258867395904
258867396902
258867400054
258867401286
258867402028
258867405856
258867406513
258867409302
258867414872
258867428247
258867429650
258867431234
258867436352
258867438077
258867438195
258867439656
258867443199
258867444074
258867447533
258867448982
258867450080
258867454783
258867460614
258867461719
258867463694
258867463913
258867464480
258867466048
258867474697
258867475225
258867482658
258867482995
258867483110
258867488273
258867490550
258867495480
258867500515
258867501695
258867504139
258867505287
258867511459
258867516999
258867520132
258867523994
258867529700
258867529781
258867534750
258867539642
258867539756
258867540885
258867554826
258867558798
258867561016
258867568479
258867571574
258867573597
258867579968
258867580713
258867581186
258867581393
258867582661
258867594465
258867595379
258867598041
258867602641
258867612923
258867616913
258867618050
258867620604
258867622075
258867624223
258867624353
258867626861
258867628883
258867632338
258867640150
258867646268
258867646527
258867649504
258867655350
258867657974
258867661170
258867663385
258867664386
258867670750
258867682132
258867682797
258867687640
258867696638
258867702278
258867712650
258867743245
258867748183
258867754224
258867761511
258867764962
258867785796
258867787575
258867808694
258867817919
258867832833
258867835694
258867854793
258867879992
258867894600
258867897725
258867907447
258867941673
258867944307
258867964269
258868002750
258868014728
258868031243
258868042443
258868045731
258868055567
258868062583
258868072608
258868134282
258868178821
258868184431
258868189780
258868191709
258868206968
258868215669
258868229694
258868270394
258868294686
258868297328
258868338089
258868352326
258868358870
258868411227
258868433148
258868442942
258868484151
258868489686
258868490428
258868504197
258868518815
258868543145
258868544727
258868545023
258868546436
258868550639
258868552786
258868556306
258868625000
258868646782
258868649507
258868692586
258868699149
258868708083
258868729715
258868742816
258868756287
258868761071
258868767084
258868768013
258868783183
258868787056
258868787292
258868805985
258868825325
258868826180
258868826275
258868828470
258868828909
258868835182
258868844387
258868846395
258868855000
258868858183
258868859934
258868864449
258868864495
258868879283
258868879839
258868881372
258868882257
258868890072
258868898249
258868900616
258868901824
258868902848
258868908470
258868919071
258868920146
258868926495
258868931666
258868934504
258868962817
258868965077
258868985573
258868986842
258868990545
258868996212
258868999549
258869025213
258869031982
258869036387
258869065092
258869085720
258869086400
258869087514
258869099720
258869143460
258869156290
258869176768
258869176862
258869178761
258869185158
258869201761
258869212099
258869223796
258869225710
258869226530
258869227920
258869230230
258869236406
258869236760
258869238087
258869238459
258869239091
258869239949
258869241195
258869245502
258869247098
258869247568
258869251026
258869252622
258869255502
258869256745
258869270098
258869276612
258869276635
258869278137
258869279782
258869280108
258869282533
258869283034
258869284613
258869286687
258869286930
258869286931
258869289415
258869293305
258869298887
258869300502
258869307102
258869308623
258869309180
258869311156
258869316808
258869319295
258869323112
258869323517
258869327384
258869330998
258869332054
258869333416
258869336788
258869345662
258869346962
258869349944
258869350866
258869355452
258869357057
258869357504
258869360336
258869361519
258869363487
258869366169
258869366979
258869367168
258869367782
258869369478
258869370984
258869371223
258869375178
258869377387
258869379092
258869379526
258869379806
258869381901
258869382103
258869383438
258869383852
258869384110
258869384367
258869388117
258869389390
258869391046
258869392542
258869393291
258869394974
258869396355
258869397392
258869397680
258869400356
258869400922
258869402034
258869402611
258869402824
258869404701
258869407081
258869409545
258869409832
258869410809
258869414424
258869417571
258869421107
258869422251
258869424240
258869426485
258869427072
258869427367
258869428284
258869431329
258869433682
258869434036
258869435071
258869435853
258869436128
258869439484
258869439879
258869440008
258869440182
258869443472
258869445148
258869446634
258869448192
258869448784
258869448974
258869449969
258869450034
258869450284
258869451406
258869452760
258869453915
258869457132
258869457473
258869460342
258869461413
258869461700
258869462754
258869464052
258869465138
258869465441
258869468555
258869469661
258869470052
258869474224
258869475209
258869475941
258869476366
258869476991
258869479648
258869481713
258869487454
258869489705
258869491173
258869492207
258869492901
258869495041
258869495698
258869496040
258869497139
258869497918
258869503790
258869505079
258869506137
258869508787
258869510253
258869510759
258869512348
258869513819
258869513942
258869514003
258869515063
258869516393
258869517386
258869517826
258869519968
258869520975
258869521353
258869521690
258869525701
258869526564
258869527235
258869527546
258869527779
258869529131
258869529828
258869530522
258869537395
258869537812
258869539710
258869539826
258869540068
258869546272
258869546280
258869551498
258869552697
258869553845
258869555275
258869556085
258869556496
258869557722
258869558574
258869559840
258869564384
258869565910
258869566306
258869568304
258869569483
258869570889
258869571696
258869571956
258869573870
258869574784
258869575298
258869580086
258869580291
258869580877
258869582165
258869583043
258869583689
258869588265
258869589927
258869590144
258869590221
258869592869
258869592901
258869593008
258869593254
258869594234
258869595046
258869598301
258869598359
258869598508
258869600757
258869602998
258869604007
258869605604
258869606669
258869607676
258869608829
258869608944
258869609826
258869609869
258869610812
258869612301
258869612468
258869612914
258869613124
258869613873
258869615084
258869618146
258869618442
258869619524
258869619760
258869624780
258869630815
258869636025
258869637625
258869640117
258869676916
258869682080
258869690095
258869694815
258869697375
258869702869
258869712020
258869714250
258869715196
258869717162
258869717592
258869718368
258869719406
258869723715
258869725071
258869728540
258869729942
258869736401
258869736911
258869737438
258869738023
258869743423
258869745021
258869752655
258869765962
258869774015
258869774705
258869778380
258869786989
258869789825
258869793913
258869801097
258869809837
258869812791
258869814464
258869817969
258869821852
258869824466
258869825516
258869827333
258869837636
258869839476
258869841912
258869844754
258869845950
258869851307
258869855696
258869855863
258869857044
258869862482
258869870423
258869871634
258869871754
258869879394
258869879993
258869887925
258869894686
258869898218
258869899414
258869911659
258869911748
258869916312
258869916488
258869919605
258869927445
258869929622
258869930305
258869938451
258869938918
258869939896
258869947130
258869947554
258869951166
258869951908
258869953192
258869953376
258869955451
258869960721
258869961038
258869963339
258869963543
258869965548
258869972401
258869975990
258869981287
258870002740
258870005117
258870015586
258870040538
258870043297
258870044355
258870046271
258870049357
258870050370
258870058290
258870063488
258870070066
258870074936
258870083547
258870092257
258870126510
258870157400
258870175400
258870236689
258870241239
258870242163
258870242715
258870248248
258870248880
258870249419
258870254164
258870258690
258870259455
258870262728
258870265254
258870269250
258870279728
258870282963
258870292107
258870292660
258870293044
258870294095
258870294233
258870294943
258870295640
258870296202
258870297513
258870302833
258870309373
258870310734
258870311053
258870318504
258870319250
258870320121
258870320627
258870323175
258870325840
258870342474
258870344464
258870347086
258870347476
258870350230
258870354149
258870357153
258870364948
258870366597
258870367455
258870377586
258870384970
258870388326
258870396681
258870403926
258870405625
258870405898
258870407184
258870413684
258870430707
258870433614
258870438878
258870443238
258870452663
258870484058
258870488419
258870496986
258870497870
258870501681
258870512937
258870530897
258870543785
258870559952
258870560081
258870567038
258870577423
258870590828
258870594790
258870601328
258870601623
258870601933
258870623075
258870629662
258870636065
258870644553
258870646486
258870649935
258870650885
258870651178
258870669787
258870707498
258870710268
258870715465
258870716681
258870717190
258870719605
258870721254
258870732923
258870757159
258870762441
258870766732
258870779515
258870786422
258870787823
258870788372
258870789092
258870792588
258870793259
258870794123
258870799250
258870800332
258870802378
258870804530
258870813056
258870815640
258870816259
258870819309
258870822491
258870827264
258870835749
258870838272
258870839288
258870839416
258870839449
258870839470
258870843018
258870844747
258870845534
258870846345
258870846402
258870848100
258870848665
258870849136
258870852210
258870852216
258870852366
258870853289
258870857393
258870858046
258870858937
258870860601
258870860905
258870865438
258870871011
258870873448
258870874584
258870875590
258870876005
258870876056
258870876790
258870877538
258870878805
258870884633
258870885441
258870889874
258870890607
258870891053
258870892665
258870895948
258870896148
258870905829
258870907317
258870908342
258870912970
258870914977
258870915973
258870917255
258870918433
258870918851
258870920319
258870920744
258870921656
258870922842
258870922915
258870926473
258870926858
258870927905
258870930252
258870933347
258870933669
258870934789
258870938335
258870940105
258870947909
258870950718
258870951013
258870953768
258870959655
258870961754
258870963679
258870963970
258870965036
258870965231
258870970229
258870970733
258870972453
258870976913
258870977840
258870978951
258870979149
258870980950
258870983993
258870985060
258870985121
258870986793
258870987846
258870988755
258870992109
258870992478
258870994027
258870994118
258870994634
258870995578
258870995911
258870997506
258870999733
258871000512
258871001676
258871001813
258871002342
258871005023
258871006094
258871009749
258871011854
258871014021
258871015163
258871015721
258871017908
258871017969
258871019603
258871029280
258871031383
258871032745
258871034777
258871034900
258871036153
258871042782
258871043884
258871044978
258871047643
258871047901
258871049674
258871049900
258871050543
258871054881
258871057129
258871058581
258871058729
258871058875
258871060582
258871060927
258871061109
258871062321
258871062480
258871068704
258871074102
258871075778
258871075790
258871079427
258871080285
258871081735
258871083483
258871085363
258871089404
258871089977
258871095607
258871101198
258871103617
258871105456
258871111776
258871113458
258871115826
258871117929
258871118483
258871118879
258871119482
258871125152
258871125476
258871130849
258871137306
258871137842
258871138238
258871139673
258871143503
258871143538
258871149056
258871153998
258871155337
258871155375
258871158303
258871165718
258871170301
258871173687
258871176718
258871177146
258871177360
258871180295
258871182144
258871183120
258871184708
258871186157
258871188133
258871189238
258871192902
258871201139
258871201485
258871203766
258871205499
258871206426
258871207349
258871207377
258871210160
258871215468
258871220476
258871221927
258871226850
258871229229
258871231113
258871235061
258871235176
258871235280
258871236353
258871236354
258871236698
258871243079
258871247450
258871250093
258871256663
258871257408
258871259260
258871259535
258871263401
258871264931
258871265811
258871267993
258871276293
258871277364
258871284595
258871285668
258871286153
258871292923
258871300722
258871300728
258871304351
258871306857
258871331040
258871336167
258871338661
258871348060
258871349838
258871358159
258871364980
258871366371
258871368139
258871374146
258871386248
258871393444
258871400835
258871401291
258871412982
258871416168
258871419059
258871421812
258871439947
258871445287
258871448669
258871454357
258871457263
258871462925
258871466763
258871468619
258871471908
258871473681
258871480310
258871484298
258871486709
258871487484
258871488359
258871498000
258871498538
258871499289
258871505131
258871508579
258871515725
258871517593
258871520930
258871521243
258871524990
258871527618
258871529042
258871532418
258871532844
258871535034
258871537928
258871549246
258871550117
258871554875
258871561624
258871564630
258871564769
258871568830
258871575204
258871577815
258871578591
258871588811
258871592030
258871604625
258871612562
258871613773
258871615641
258871625670
258871631869
258871632897
258871638685
258871639471
258871642009
258871643550
258871647611
258871655787
258871657407
258871666675
258871674801
258871687212
258871710885
258871713454
258871714072
258871719278
258871723765
258871737026
258871738248
258871745060
258871757520
258871760252
258871762700
258871768183
258871769039
258871774973
258871775747
258871780035
258871781695
258871788473
258871793502
258871797870
258871799079
258871802564
258871806167
258871806945
258871809190
258871809445
258871818085
258871820631
258871826627
258871827994
258871832135
258871832871
258871834498
258871836290
258871842277
258871845372
258871851002
258871854751
258871855735
258871858345
258871865439
258871865933
258871868154
258871880357
258871882617
258871884854
258871885678
258871886323
258871887261
258871892469
258871893102
258871893526
258871893657
258871894009
258871896805
258871906566
258871915022
258871925111
258871926934
258871929524
258871931933
258871933544
258871934564
258871941617
258871945334
258871947344
258871962216
258871969440
258871972312
258871975684
258871981526
258871983427
258871984982
258871990761
258871990766
258871992592
258871993689
258871997862
258872007937
258872011304
258872013409
258872019853
258872034675
258872037617
258872039025
258872042922
258872045358
258872051563
258872052364
258872055625
258872064407
258872070919
258872074830
258872079326
258872081189
258872081875
258872083953
258872084572
258872085087
258872090042
258872090060
258872090783
258872092239
258872094048
258872097779
258872101765
258872102777
258872110421
258872110573
258872114602
258872115123
258872120666
258872122999
258872123046
258872123549
258872124099
258872125073
258872128876
258872129918
258872132430
258872136040
258872137814
258872139108
258872142867
258872143630
258872144442
258872144904
258872145290
258872152635
258872154579
258872158724
258872169768
258872178163
258872180607
258872191327
258872192506
258872194890
258872195009
258872196390
258872201157
258872201465
258872202585
258872210286
258872210420
258872210756
258872212553
258872215873
258872222538
258872224117
258872226042
258872226600
258872227590
258872228895
258872229708
258872229953
258872230656
258872239613
258872239884
258872240070
258872240927
258872242630
258872252238
258872254806
258872257272
258872257491
258872258412
258872259486
258872262121
258872269376
258872270011
258872276666
258872281077
258872281270
258872285176
258872288836
258872294357
258872294670
258872299984
258872303047
258872304387
258872305707
258872309325
258872316445
258872316833
258872317938
258872324305
258872329237
258872329927
258872329957
258872330854
258872331145
258872331276
258872335690
258872342443
258872344496
258872345017
258872346066
258872346975
258872350839
258872353487
258872353508
258872355662
258872357809
258872368884
258872374488
258872376534
258872378875
258872380706
258872381492
258872382914
258872384527
258872385936
258872387601
258872389498
258872393395
258872406262
258872412973
258872423862
258872428889
258872430666
258872432520
258872444524
258872446421
258872450217
258872454157
258872467579
258872479621
258872490709
258872494345
258872496877
258872502371
258872537362
258872548491
258872555361
258872562028
258872570719
258872586839
258872588727
258872606544
258872618739
258872625810
258872662396
258872663157
258872664268
258872672410
258872693579
258872696846
258872703761
258872706243
258872731460
258872732451
258872733262
258872742458
258872743145
258872744209
258872747060
258872749891
258872751431
258872758899
258872763244
258872766808
258872773939
258872780014
258872780906
258872783806
258872786052
258872790271
258872797694
258872800331
258872807286
258872826412
258872831495
258872837283
258872840182
258872840317
258872843984
258872848383
258872858129
258872863933
258872870999
258872872662
258872873887
258872883898
258872885557
258872907230
258872909011
258872914355
258872934055
258872935107
258872936481
258872938644
258872940610
258872944136
258872947353
258872947938
258872951329
258872953734
258872956646
258872957812
258872963450
258872964931
258872971345
258872975406
258872975762
258872981097
258872986085
258872992527
258873000097
258873002723
258873014535
258873024896
258873035468
258873036261
258873057829
258873065618
258873071286
258873072589
258873082508
258873084383
258873085531
258873099365
258873100921
258873112045
258873112561
258873118317
258873118570
258873120085
258873121729
258873124708
258873135643
258873138941
258873146508
258873147766
258873155608
258873159382
258873160512
258873164932
258873167378
258873172729
258873174512
258873190298
258873191296
258873192673
258873194005
258873195627
258873198277
258873201261
258873207109
258873216006
258873219815
258873223720
258873228799
258873236514
258873237940
258873279288
258873279449
258873280706
258873289509
258873291315
258873293740
258873296852
258873305446
258873305742
258873310578
258873311080
258873312108
258873320744
258873338160
258873347733
258873350788
258873352708
258873366197
258873372757
258873375548
258873376281
258873380254
258873381878
258873381999
258873384019
258873390166
258873395036
258873395592
258873412186
258873421643
258873421860
258873426398
258873434152
258873441311
258873456250
258873459298
258873469501
258873478591
258873488139
258873497476
258873497524
258873506099
258873517366
258873526098
258873528088
258873530720
258873543199
258873545639
258873547178
258873547948
258873548605
258873549922
258873550010
258873550510
258873566969
258873581408
258873587222
258873588200
258873595811
258873598256
258873608018
258873609352
258873611277
258873617550
258873627748
258873629425
258873631014
258873637415
258873648147
258873653779
258873673774
258873679596
258873681994
258873685165
258873691528
258873693402
258873714762
258873726467
258873739144
258873740344
258873742074
258873742812
258873748825
258873750531
258873750840
258873751611
258873753945
258873758692
258873774781
258873783427
258873784010
258873788465
258873795570
258873797865
258873803438
258873807949
258873808897
258873809198
258873814042
258873816701
258873822559
258873834424
258873835855
258873836755
258873838800
258873839348
258873845256
258873846210
258873847734
258873850308
258873855315
258873855504
258873856812
258873859103
258873864206
258873865070
258873874270
258873884025
258873887046
258873887155
258873889417
258873891947
258873892113
258873892926
258873894422
258873896242
258873899266
258873905463
258873905775
258873910462
258873911021
258873919298
258873925355
258873926855
258873928414
258873929965
258873929975
258873930570
258873936596
258873940548
258873942181
258873942949
258873946516
258873946704
258873947056
258873952203
258873954764
258873957725
258873961022
258873962713
258873964752
258873967047
258873968026
258873968829
258873969672
258873972202
258873974281
258873974526
258873975140
258873980158
258873980384
258873980819
258873981556
258873983645
258873986288
258873987731
258873988076
258873993532
258873994218
258873998493
258874000839
258874002908
258874002968
258874004963
258874007371
258874008536
258874008687
258874009943
258874012142
258874013289
258874013473
258874017424
258874020312
258874021091
258874026088
258874027351
258874027462
258874032579
258874034502
258874037039
258874039053
258874039071
258874039719
258874040411
258874042266
258874042637
258874044641
258874046259
258874048556
258874051529
258874053394
258874055207
258874056801
258874059254
258874063271
258874063852
258874065517
258874066598
258874071812
258874073822
258874074539
258874074673
258874077715
258874081866
258874082000
258874082307
258874082745
258874084239
258874087297
258874089923
258874096315
258874096587
258874110473
258874114343
258874114400
258874117205
258874117534
258874118204
258874119278
258874122412
258874128525
258874132317
258874133639
258874135040
258874136258
258874137270
258874142592
258874142859
258874145178
258874145293
258874146992
258874152267
258874153141
258874153148
258874158029
258874171868
258874173151
258874178426
258874181224
258874181679
258874189046
258874192252
258874193725
258874195864
258874202014
258874202656
258874203202
258874207262
258874209689
258874211889
258874215406
258874221571
258874229311
258874232290
258874234254
258874240772
258874241023
258874244226
258874244235
258874252129
258874255848
258874264676
258874267068
258874271874
258874274998
258874275091
258874278807
258874280853
258874283370
258874283834
258874284114
258874285544
258874286376
258874289126
258874290317
258874293425
258874294374
258874295536
258874296552
258874300837
258874300986
258874305437
258874307425
258874307736
258874308575
258874312014
258874315405
258874319585
258874320864
258874321433
258874321837
258874324768
258874324867
258874325914
258874327433
258874328633
258874330660
258874334160
258874334657
258874339892
258874341152
258874341431
258874341650
258874342342
258874345467
258874345789
258874353172
258874355214
258874361681
258874363488
258874364546
258874365218
258874368111
258874370492
258874371100
258874371375
258874375144
258874375477
258874377035
258874377652
258874377717
258874378033
258874381915
258874382919
258874383849
258874386865
258874390404
258874390754
258874396885
258874405336
258874406123
258874406190
258874411634
258874414064
258874414238
258874418532
258874420449
258874420835
258874425139
258874425346
258874427082
258874429550
258874435014
258874436023
258874438237
258874443671
258874444004
258874447741
258874449685
258874451110
258874457167
258874458568
258874460682
258874462160
258874471373
258874473490
258874473986
258874480894
258874481898
258874490072
258874492143
258874495902
258874496060
258874502881
258874503666
258874505013
258874506978
258874509132
258874510627
258874516558
258874518445
258874526972
258874528170
258874529319
258874530562
258874530941
258874531945
258874533117
258874538002
258874544904
258874550745
258874556815
258874556909
258874559954
258874561200
258874562700
258874562760
258874564259
258874573445
258874574469
258874574472
258874578126
258874580853
258874585295
258874586226
258874587492
258874595879
258874596205
258874598258
258874602319
258874606021
258874607072
258874608289
258874609707
258874610093
258874610838
258874612282
258874613544
258874614328
258874614687
258874617431
258874622475
258874623247
258874625352
258874626311
258874626781
258874629531
258874629812
258874630795
258874641764
258874646228
258874647470
258874647830
258874649594
258874650534
258874650870
258874650950
258874650996
258874654287
258874655539
258874658238
258874659873
258874668439
258874674986
258874682603
258874682875
258874683333
258874689953
258874693641
258874696880
258874702986
258874703739
258874707231
258874717144
258874719563
258874720532
258874727087
258874727222
258874729796
258874733258
258874739352
258874743310
258874745623
258874753440
258874755493
258874759383
258874764938
258874766820
258874771087
258874772150
258874772564
258874772599
258874775765
258874785786
258874788093
258874793110
258874794881
258874795109
258874796026
258874796469
258874798485
258874798609
258874799076
258874799832
258874806062
258874806215
258874808015
258874808679
258874810481
258874815101
258874817180
258874818558
258874819399
258874821732
258874821914
258874823275
258874825754
258874829925
258874833314
258874833911
258874835660
258874837287
258874837879
258874838952
258874840141
258874840585
258874842067
258874848473
258874850343
258874854636
258874859581
258874865010
258874867772
258874868575
258874885071
258874887924
258874889670
258874895394
258874897588
258874899968
258874901337
258874902074
258874909502
258874918722
258874921698
258874926480
258874929617
258874931646
258874931700
258874931870
258874932231
258874932273
258874932429
258874933210
258874935891
258874936942
258874936954
258874938363
258874941996
258874946096
258874947574
258874951643
258874954043
258874954406
258874955607
258874956186
258874961710
258874961889
258874963401
258874964409
258874964994
258874967481
258874971708
258874972141
258874973418
258874974884
258874977643
258874979648
258874980215
258874980373
258874989902
258874996495
258874999332
258874999893
258875000822
258875002359
258875005283
258875017202
258875020289
258875024435
258875025034
258875026109
258875027556
258875028601
258875031009
258875031432
258875034525
258875035146
258875037927
258875038487
258875039085
258875039692
258875039822
258875042535
258875043697
258875044984
258875048812
258875048885
258875049223
258875049786
258875055142
258875059344
258875065883
258875069105
258875074752
258875078076
258875079617
258875081874
258875089559
258875090129
258875090341
258875099879
258875113114
258875115526
258875120420
258875126518
258875130785
258875136395
258875140325
258875141649
258875146147
258875148605
258875149252
258875149825
258875149990
258875150229
258875153754
258875156618
258875157023
258875165308
258875165920
258875166788
258875171213
258875171906
258875172288
258875174085
258875175853
258875184221
258875185772
258875186975
258875188349
258875189981
258875190122
258875195639
258875196384
258875198222
258875202154
258875206614
258875207123
258875214983
258875215297
258875217228
258875221729
258875223742
258875224788
258875225911
258875228136
258875232836
258875233696
258875238198
258875243179
258875244376
258875245613
258875250457
258875252777
258875253058
258875256315
258875256599
258875257904
258875258462
258875262462
258875264392
258875264578
258875266114
258875267451
258875269492
258875271269
258875271674
258875276011
258875283267
258875284617
258875285201
258875290038
258875292291
258875294066
258875295323
258875309838
258875311742
258875312157
258875318177
258875319788
258875322230
258875323434
258875323651
258875325692
258875329629
258875330183
258875335860
258875337908
258875340964
258875341436
258875351104
258875352661
258875360349
258875360970
258875363402
258875364557
258875372015
258875377975
258875379901
258875380639
258875384240
258875384381
258875385383
258875387016
258875397208
258875398361
258875398731
258875400690
258875403497
258875405843
258875408185
258875409567
258875422078
258875422626
258875422952
258875428109
258875431293
258875432008
258875434716
258875436845
258875440834
258875444316
258875444940
258875447323
258875448191
258875449450
258875450111
258875452181
258875453265
258875457174
258875464257
258875464495
258875466726
258875468189
258875470865
258875473359
258875473640
258875476360
258875481224
258875482633
258875484253
258875487280
258875489074
258875490930
258875492782
258875493543
258875498517
258875498921
258875498941
258875499005
258875499099
258875501429
258875504309
258875506352
258875508100
258875514258
258875515037
258875515955
258875516104
258875516503
258875517072
258875520456
258875524123
258875527108
258875528436
258875531626
258875531773
258875531928
258875539901
258875540617
258875543961
258875545246
258875546130
258875549710
258875550388
258875550450
258875551389
258875552056
258875560296
258875564123
258875566890
258875568923
258875572108
258875574540
258875576803
258875581983
258875589646
258875594648
258875596819
258875599375
258875601127
258875605139
258875606629
258875607130
258875612035
258875613464
258875624055
258875634899
258875638726
258875642567
258875643275
258875646530
258875648066
258875649780
258875657024
258875668345
258875668461
258875668901
258875669428
258875671554
258875672054
258875674888
258875676446
258875681842
258875693095
258875694959
258875696128
258875697778
258875699091
258875701174
258875702778
258875702920
258875709818
258875709952
258875713176
258875713704
258875715341
258875718110
258875718640
258875722638
258875729687
258875729807
258875737370
258875738645
258875739208
258875743131
258875746457
258875748936
258875750471
258875750789
258875751211
258875752681
258875758530
258875759045
258875759735
258875760142
258875762832
258875765176
258875768410
258875769545
258875770765
258875770956
258875772681
258875773186
258875777086
258875778032
258875780676
258875782507
258875791732
258875794696
258875800089
258875802461
258875803475
258875807062
258875807843
258875808650
258875810056
258875811047
258875811169
258875813362
258875814609
258875820793
258875821847
258875825302
258875825898
258875826473
258875832349
258875834720
258875835399
258875840981
258875842718
258875846894
258875852673
258875853661
258875858731
258875860470
258875864017
258875865812
258875866541
258875878621
258875879503
258875885340
258875889828
258875890203
258875894971
258875896774
258875900401
258875905194
258875908459
258875915114
258875915703
258875916268
258875919724
258875921842
258875925056
258875925345
258875925363
258875926604
258875930415
258875932163
258875932653
258875933263
258875933570
258875934501
258875937182
258875937373
258875938385
258875939698
258875941648
258875947959
258875950804
258875951950
258875953397
258875953580
258875955388
258875959146
258875962881
258875965878
258875972412
258875972569
258875972674
258875973240
258875975113
258875979256
258875982299
258875982555
258875982752
258875982818
258875985589
258875989349
258875989600
258875990651
258875991053
258875993002
258875994530
258875995227
258875996505
258875997011
258875997024
258875997400
258875998666
258876000636
258876001584
258876004817
258876005061
258876005760
258876006924
258876007831
258876011087
258876012605
258876016807
258876023890
258876027792
258876030246
258876035508
258876038104
258876040764
258876041315
258876042166
258876043108
258876043314
258876045377
258876045705
258876046507
258876050131
258876050693
258876051974
258876055435
258876056123
258876056843
258876057014
258876057155
258876057978
258876060226
258876060394
258876060986
258876063502
258876066439
258876071345
258876072753
258876076988
258876079847
258876080366
258876083574
258876083680
258876084243
258876085271
258876086659
258876088018
258876089479
258876090382
258876090475
258876090514
258876091606
258876093809
258876094159
258876098601
258876100226
258876100575
258876103360
258876104737
258876105712
258876106271
258876115649
258876117191
258876117502
258876119641
258876119807
258876120514
258876121975
258876122306
258876128554
258876128706
258876130020
258876130735
258876131008
258876132090
258876132277
258876132441
258876135402
258876135769
258876143685
258876144608
258876146361
258876147505
258876148393
258876149106
258876149744
258876150505
258876151312
258876153373
258876154121
258876155537
258876159090
258876160245
258876161311
258876161672
258876161776
258876164301
258876166310
258876168981
258876173366
258876173653
258876174581
258876178592
258876178961
258876180230
258876181137
258876181768
258876187444
258876188393
258876190255
258876193286
258876194133
258876204500
258876206540
258876207990
258876210286
258876215583
258876219471
258876219941
258876222813
258876223310
258876223432
258876225999
258876226815
258876230474
258876233847
258876233911
258876237860
258876239324
258876239920
258876241616
258876246202
258876247708
258876253834
258876256362
258876259268
258876261072
258876263347
258876270518
258876270640
258876275399
258876277249
258876277312
258876278498
258876280336
258876280506
258876282841
258876286709
258876291383
258876293718
258876294569
258876295501
258876297579
258876298490
258876301388
258876303979
258876308339
258876310816
258876310979
258876313386
258876313987
258876314885
258876319675
258876325958
258876329778
258876332306
258876336620
258876345027
258876348117
258876349269
258876350139
258876351882
258876355830
258876356652
258876357008
258876357271
258876360309
258876362675
258876365373
258876368352
258876369127
258876369693
258876373453
258876373454
258876373646
258876376615
258876381327
258876382471
258876382928
258876384027
258876386283
258876386577
258876390341
258876392567
258876392685
258876396032
258876397403
258876400266
258876400995
258876402255
258876405520
258876407504
258876409707
258876410183
258876411851
258876412107
258876415048
258876419568
258876421963
258876423122
258876424590
258876435250
258876436519
258876441179
258876445735
258876446309
258876446407
258876447389
258876448067
258876448216
258876449105
258876449904
258876452728
258876453237
258876459621
258876460987
258876462438
258876463624
258876465789
258876467107
258876469639
258876469851
258876481420
258876481941
258876483882
258876485235
258876486324
258876487438
258876488087
258876489262
258876495197
258876495218
258876501679
258876504015
258876504977
258876505335
258876506217
258876509056
258876510156
258876513005
258876515040
258876518091
258876519521
258876519812
258876519865
258876520859
258876521220
258876521250
258876521634
258876522606
258876524935
258876525503
258876525858
258876527926
258876530825
258876531960
258876541270
258876545740
258876550030
258876552880
258876557121
258876558340
258876558862
258876558901
258876561517
258876561693
258876562077
258876563566
258876565527
258876568234
258876572141
258876572382
258876576906
258876578231
258876582996
258876584110
258876587795
258876588249
258876591692
258876593872
258876595035
258876596622
258876598160
258876598706
258876601955
258876602184
258876602869
258876604356
258876604938
258876607354
258876609055
258876609378
258876610364
258876611625
258876615542
258876618098
258876619525
258876619922
258876620035
258876620992
258876626660
258876626941
258876627214
258876628559
258876630017
258876631747
258876632836
258876634543
258876634781
258876635666
258876636838
258876641397
258876644012
258876645821
258876646694
258876647458
258876647639
258876651665
258876655100
258876658772
258876661240
258876661388
258876663465
258876663531
258876666244
258876667235
258876669932
258876673698
258876673897
258876674912
258876675912
258876676315
258876679457
258876683940
258876684173
258876688864
258876689004
258876690741
258876690804
258876690885
258876693276
258876693592
258876694609
258876698472
258876701418
258876703260
258876708546
258876709038
258876709890
258876714070
258876715552
258876715585
258876722327
258876725656
258876734338
258876734392
258876735600
258876736973
258876737764
258876741318
258876742371
258876744983
258876752586
258876752904
258876760046
258876761559
258876762925
258876765827
258876766613
258876772708
258876774352
258876774474
258876774620
258876776319
258876778866
258876778948
258876790588
258876790700
258876792279
258876793253
258876794718
258876797347
258876798590
258876798698
258876801670
258876802440
258876808525
258876809169
258876809813
258876811824
258876812148
258876812731
258876812984
258876817706
258876818916
258876824190
258876825811
258876827206
258876829589
258876831987
258876834176
258876839217
258876840013
258876847425
258876847942
258876849471
258876850889
258876852181
258876858084
258876860731
258876860815
258876866706
258876867022
258876868862
258876872017
258876875542
258876876075
258876881818
258876882334
258876882998
258876885224
258876887869
258876889712
258876890443
258876890942
258876894518
258876898806
258876899750
258876902582
258876908998
258876910110
258876910608
258876912496
258876927668
258876931534
258876932686
258876934518
258876939274
258876939376
258876945693
258876945703
258876946067
258876949125
258876950496
258876954452
258876965910
258876966927
258876967954
258876969527
258876972854
258876973251
258876973636
258876977236
258876982807
258876988195
258876988247
258876989286
258876990438
258876991583
258876992324
258876996250
258876996943
258877000389
258877003794
258877005419
258877013669
258877015274
258877016730
258877018209
258877018343
258877021804
258877021911
258877024572
258877030622
258877037416
258877038367
258877038994
258877040008
258877040153
258877041257
258877043939
258877044095
258877044205
258877049772
258877051093
258877052563
258877055560
258877056643
258877060509
258877061323
258877064733
258877068378
258877069704
258877070959
258877072435
258877073043
258877074138
258877074432
258877075746
258877075885
258877077387
258877089131
258877090914
258877094555
258877095157
258877097018
258877098208
258877100504
258877102808
258877103350
258877103792
258877103866
258877106495
258877109529
258877110864
258877112368
258877117483
258877122760
258877123434
258877123497
258877124073
258877136054
258877136837
258877143471
258877151338
258877155147
258877155305
258877156546
258877157062
258877163303
258877163494
258877163847
258877163967
258877165845
258877167869
258877169563
258877169979
258877172269
258877174185
258877174273
258877177144
258877179152
258877184918
258877185378
258877185766
258877187105
258877189790
258877189975
258877191396
258877192194
258877197301
258877197783
258877198773
258877203890
258877206435
258877207901
258877209460
258877212018
258877212033
258877214273
258877214645
258877222814
258877222957
258877223594
258877227183
258877232453
258877234627
258877235818
258877236051
258877236878
258877239151
258877244091
258877244990
258877245012
258877248095
258877250895
258877253351
258877253757
258877256851
258877257272
258877258547
258877262418
258877267058
258877267576
258877271540
258877273872
258877274328
258877274982
258877276395
258877277584
258877285840
258877286392
258877286689
258877287430
258877289422
258877289906
258877294333
258877300025
258877303126
258877304202
258877305908
258877305945
258877306922
258877308655
258877315049
258877317097
258877317956
258877318191
258877318598
258877322523
258877324506
258877324810
258877326779
258877327540
258877328869
258877330670
258877333631
258877335495
258877336075
258877337979
258877339027
258877339605
258877339647
258877340512
258877344526
258877344889
258877346384
258877346695
258877350911
258877351357
258877352786
258877355075
258877363549
258877366680
258877366756
258877368346
258877369363
258877372518
258877372787
258877376059
258877378427
258877382078
258877383775
258877384514
258877386215
258877393161
258877397659
258877403280
258877405486
258877405828
258877406301
258877408108
258877411110
258877411732
258877412522
258877416166
258877416953
258877426675
258877429191
258877429811
258877431978
258877436222
258877438588
258877441272
258877442899
258877444329
258877447847
258877460811
258877465260
258877467272
258877469956
258877471345
258877471460
258877480018
258877483812
258877494403
258877502861
258877504012
258877505968
258877513760
258877516316
258877516318
258877516507
258877517117
258877518689
258877521809
258877523953
258877528689
258877528827
258877529423
258877533356
258877537023
258877539234
258877539475
258877541581
258877544470
258877546035
258877546206
258877550972
258877554293
258877554424
258877554929
258877558306
258877562063
258877568422
258877573145
258877578771
258877579700
258877583578
258877584993
258877587521
258877592841
258877593478
258877594247
258877597358
258877597557
258877600721
258877602214
258877602965
258877609179
258877612246
258877615409
258877617490
258877622312
258877623623
258877626084
258877627166
258877627939
258877633666
258877636981
258877637417
258877639789
258877640770
258877641595
258877642200
258877643317
258877643324
258877643528
258877643573
258877647691
258877649889
258877658035
258877660050
258877661055
258877662741
258877664286
258877665348
258877666922
258877667420
258877668445
258877669284
258877677239
258877680725
258877683675
258877687150
258877689102
258877701030
258877702752
258877708974
258877716151
258877719303
258877719348
258877722233
258877722921
258877725031
258877728213
258877731459
258877731766
258877734210
258877735016
258877736226
258877739679
258877740435
258877740567
258877744856
258877747659
258877747700
258877748785
258877749910
258877753079
258877753588
258877753977
258877754590
258877755084
258877755229
258877757035
258877759928
258877762757
258877764520
258877766661
258877768289
258877771013
258877771517
258877771674
258877771742
258877772191
258877772270
258877774858
258877780824
258877782158
258877782813
258877783893
258877784766
258877786247
258877794796
258877795657
258877797688
258877798677
258877803810
258877805524
258877806662
258877808874
258877809124
258877811826
258877812102
258877814089
258877814326
258877815828
258877817252
258877818680
258877820509
258877821714
258877822318
258877826910
258877827521
258877827972
258877829039
258877830161
258877830389
258877837919
258877838752
258877839218
258877839557
258877840301
258877842252
258877842475
258877843207
258877843223
258877845992
258877847074
258877847270
258877847493
258877851860
258877852682
258877857568
258877859566
258877860780
258877864049
258877864081
258877864373
258877864956
258877866514
258877868443
258877869352
258877869767
258877869942
258877871114
258877871691
258877871961
258877873121
258877873514
258877874160
258877876312
258877877764
258877878186
258877880974
258877881473
258877882097
258877883179
258877884143
258877884245
258877884335
258877884462
258877888382
258877891253
258877892407
258877893523
258877894293
258877896740
258877897590
258877899437
258877901778
258877901822
258877902801
258877905148
258877905324
258877906104
258877906119
258877907313
258877907666
258877909649
258877910172
258877911093
258877912598
258877914784
258877914914
258877915536
258877915573
258877916214
258877917130
258877917146
258877917939
258877921262
258877921391
258877921537
258877922140
258877925634
258877925698
258877926340
258877929529
258877931713
258877931974
258877935953
258877938237
258877941910
258877942461
258877943313
258877946137
258877948398
258877949771
258877950142
258877950795
258877951489
258877955543
258877959992
258877961107
258877963791
258877967774
258877969382
258877972825
258877974542
258877974799
258877976175
258877980457
258877981531
258877985789
258877989789
258877990366
258877990793
258877991360
258877992712
258877997416
258877997521
258878002504
258878003685
258878005106
258878006439
258878010715
258878010786
258878010993
258878011187
258878015604
258878017204
258878019951
258878021049
258878022163
258878027288
258878028016
258878034862
258878035702
258878036175
258878037033
258878038203
258878038858
258878042582
258878043658
258878044358
258878047762
258878051229
258878053789
258878053894
258878054132
258878055655
258878058136
258878058433
258878058663
258878058977
258878062102
258878064782
258878065554
258878066497
258878067231
258878067453
258878068065
258878069943
258878071315
258878071800
258878073705
258878075591
258878076708
258878077770
258878079995
258878081019
258878081496
258878083574
258878085452
258878085616
258878087501
258878089577
258878091614
258878091758
258878092319
258878094380
258878095137
258878096442
258878097099
258878098985
258878107842
258878107879
258878109271
258878112383
258878113559
258878119173
258878120278
258878124009
258878125686
258878125896
258878128330
258878130922
258878130924
258878130988
258878131175
258878131297
258878132078
258878133604
258878134498
258878134528
258878134638
258878135326
258878136637
258878137246
258878139300
258878140145
258878141802
258878142779
258878147235
258878154282
258878155995
258878156221
258878161992
258878163084
258878163498
258878163854
258878166661
258878168598
258878169110
258878172962
258878177640
258878181266
258878185662
258878192276
258878192633
258878195599
258878197029
258878197776
258878205506
258878206461
258878212713
258878214363
258878222163
258878222868
258878228075
258878228096
258878228493
258878229737
258878229987
258878230447
258878232126
258878232197
258878234183
258878235229
258878236207
258878236667
258878236962
258878238613
258878239100
258878241136
258878241649
258878241911
258878246453
258878246525
258878247823
258878248410
258878249883
258878250204
258878252143
258878252714
258878253140
258878253835
258878254066
258878261309
258878261429
258878263097
258878263817
258878266262
258878268394
258878269403
258878269445
258878271175
258878271692
258878271965
258878274058
258878274249
258878275387
258878275686
258878275764
258878275942
258878279905
258878280516
258878281655
258878281780
258878282378
258878285359
258878287739
258878289311
258878290769
258878293053
258878298804
258878300453
258878300715
258878301832
258878302947
258878304589
258878305081
258878307784
258878313051
258878313763
258878315133
258878315263
258878316932
258878318157
258878319724
258878324413
258878324493
258878324786
258878325368
258878325470
258878326538
258878327268
258878328575
258878329496
258878330790
258878331155
258878331551
258878332343
258878333031
258878334508
258878343493
258878344600
258878344647
258878344659
258878346713
258878347294
258878347476
258878350125
258878351440
258878354040
258878354067
258878354888
258878357453
258878358511
258878364223
258878368529
258878370220
258878372182
258878372536
258878372818
258878376913
258878378147
258878378437
258878378905
258878380341
258878381772
258878382374
258878383813
258878387745
258878390050
258878392566
258878393708
258878396344
258878396583
258878398776
258878400975
258878401169
258878406963
258878409344
258878412335
258878413548
258878413978
258878415866
258878416061
258878416377
258878416713
258878423165
258878423455
258878425144
258878429346
258878430616
258878433712
258878435096
258878438880
258878440844
258878442331
258878443041
258878445942
258878450085
258878450355
258878451733
258878452409
258878452436
258878452819
258878453522
258878453525
258878456605
258878460870
258878466809
258878468612
258878468935
258878469817
258878471062
258878477688
258878479423
258878480112
258878480843
258878482689
258878487409
258878490105
258878492411
258878492964
258878495184
258878497395
258878500976
258878502083
258878502341
258878503093
258878504344
258878505723
258878507136
258878509624
258878513331
258878513643
258878514734
258878516893
258878518367
258878518701
258878519210
258878520694
258878523590
258878526212
258878526657
258878529265
258878530360
258878534295
258878535136
258878537343
258878538020
258878541339
258878541826
258878542621
258878542799
258878543377
258878546459
258878546608
258878550185
258878551369
258878551447
258878555443
258878556622
258878556991
258878558354
258878569503
258878569732
258878570783
258878571503
258878574129
258878574145
258878575442
258878576946
258878578438
258878584110
258878585650
258878588834
258878588852
258878590604
258878590870
258878595624
258878596027
258878597068
258878598845
258878598993
258878600360
258878600403
258878601103
258878601888
258878606449
258878609006
258878609505
258878613129
258878614772
258878615022
258878617997
258878619317
258878619897
258878623020
258878623730
258878624213
258878625814
258878630513
258878632586
258878634526
258878634836
258878635450
258878637784
258878637949
258878642533
258878643086
258878645070
258878649593
258878649894
258878651427
258878655781
258878656322
258878657008
258878657700
258878657961
258878658804
258878663025
258878665525
258878666440
258878668256
258878670713
258878671388
258878672245
258878674109
258878674782
258878674879
258878675557
258878676779
258878680747
258878682693
258878682734
258878685574
258878687183
258878687600
258878688850
258878689896
258878692755
258878695454
258878696143
258878699381
258878699873
258878700796
258878701147
258878701165
258878702830
258878702892
258878703275
258878712537
258878713564
258878713764
258878713873
258878713901
258878715450
258878717056
258878717173
258878717465
258878717958
258878718969
258878720871
258878723162
258878724507
258878726005
258878727196
258878728223
258878728857
258878729207
258878729388
258878730686
258878735645
258878735774
258878736308
258878737620
258878739317
258878739701
258878741793
258878742647
258878745764
258878747954
258878748294
258878748942
258878750287
258878753289
258878754015
258878754180
258878754877
258878754982
258878760085
258878763782
258878764201
258878766293
258878772502
258878773061
258878775351
258878778409
258878779234
258878780097
258878785874
258878786280
258878786781
258878789838
258878790601
258878791804
258878793895
258878797032
258878797912
258878798763
258878804919
258878806603
258878809121
258878809678
258878814072
258878815500
258878817205
258878818416
258878821502
258878824522
258878826636
258878830079
258878834660
258878835208
258878836092
258878838159
258878838175
258878839571
258878841571
258878843272
258878843632
258878848234
258878850075
258878852035
258878854742
258878856237
258878857782
258878857853
258878858603
258878860658
258878862653
258878863392
258878864204
258878865877
258878865910
258878867567
258878869888
258878873625
258878875160
258878875232
258878877941
258878878432
258878881440
258878882699
258878882835
258878883561
258878885637
258878886395
258878888351
258878888768
258878894303
258878894348
258878895980
258878897343
258878898135
258878898757
258878898840
258878899143
258878900033
258878900559
258878901721
258878906033
258878908105
258878909348
258878910620
258878911386
258878916077
258878918440
258878921795
258878922130
258878925854
258878927853
258878932425
258878937095
258878937453
258878939335
258878940772
258878941547
258878941936
258878942766
258878950281
258878950954
258878951824
258878961484
258878963088
258878963656
258878969432
258878969650
258878971704
258878972155
258878972229
258878974026
258878975908
258878975962
258878975993
258878976492
258878976605
258878978495
258878980938
258878986450
258878986580
258878987632
258878989338
258878989403
258878990159
258878992166
258878993901
258878995096
258878995125
258878996206
258878996423
258878997264
258878997632
258879000520
258879004810
258879005470
258879012191
258879015263
258879016057
258879016584
258879018996
258879019620
258879020085
258879022959
258879023794
258879024224
258879026479
258879030657
258879030836
258879033776
258879035249
258879039569
258879040284
258879041899
258879044142
258879046378
258879046874
258879047536
258879050228
258879050868
258879052290
258879054829
258879059185
258879060106
258879060559
258879060871
258879061012
258879061823
258879067282
258879067474
258879067493
258879068774
258879069163
258879071462
258879071842
258879073599
258879074112
258879076488
258879081652
258879081959
258879084354
258879084789
258879084922
258879086237
258879086962
258879088220
258879091511
258879091809
258879096719
258879098289
258879099628
258879101286
258879103170
258879103306
258879103766
258879104640
258879104745
258879105795
258879109012
258879110621
258879112162
258879114092
258879114217
258879115573
258879117458
258879122272
258879123880
258879124749
258879125711
258879127635
258879127875
258879132397
258879132438
258879132654
258879134785
258879140507
258879143373
258879143736
258879143932
258879147531
258879159078
258879159339
258879161221
258879163253
258879163712
258879165743
258879165795
258879166367
258879168024
258879169556
258879172598
258879174037
258879174248
258879176800
258879177015
258879178235
258879179497
258879184703
258879184855
258879189723
258879190090
258879190326
258879191101
258879191333
258879192992
258879193170
258879193504
258879196981
258879198686
258879198983
258879199974
258879200907
258879202527
258879202701
258879203043
258879204046
258879204774
258879208753
258879211224
258879211882
258879212276
258879213530
258879214048
258879216816
258879217690
258879220112
258879220229
258879220375
258879223771
258879225325
258879225538
258879226699
258879226794
258879227142
258879232362
258879234473
258879236989
258879237701
258879238350
258879241274
258879242014
258879244571
258879248384
258879249438
258879249546
258879250454
258879250746
258879257566
258879257739
258879258331
258879261345
258879263334
258879263716
258879265421
258879270608
258879271109
258879273846
258879274563
258879278743
258879283989
258879284372
258879284902
258879286825
258879287283
258879297619
258879300308
258879300831
258879301125
258879301192
258879308760
258879309670
258879313095
258879315604
258879316983
258879317073
258879317512
258879318253
258879320106
258879324022
258879328445
258879330750
258879331014
258879331548
258879331730
258879340467
258879341207
258879341434
258879343864
258879345333
258879347113
258879347942
258879349876
258879350171
258879352432
258879352766
258879355554
258879358525
258879358725
258879360535
258879362129
258879366681
258879367919
258879372327
258879372800
258879375291
258879376462
258879378602
258879381204
258879383084
258879383101
258879388008
258879389016
258879389086
258879391860
258879396183
258879401227
258879401775
258879402303
258879404036
258879405140
258879405207
258879415678
258879421883
258879426678
258879430106
258879430910
258879433338
258879435286
258879436657
258879439153
258879439696
258879447247
258879450657
258879450857
258879451112
258879454839
258879457825
258879459131
258879461971
258879463965
258879466675
258879467705
258879469579
258879469788
258879471303
258879471328
258879473716
258879478510
258879481152
258879482030
258879484864
258879485386
258879489524
258879489671
258879493883
258879495277
258879496271
258879497839
258879498356
258879499274
258879499885
258879502204
258879504011
258879504282
258879505089
258879505590
258879509143
258879509240
258879511700
258879513155
258879516360
258879517490
258879518673
258879520636
258879524060
258879532190
258879533642
258879540343
258879541411
258879542851
258879545633
258879550780
258879554008
258879555240
258879555866
258879557455
258879559974
258879560321
258879566129
258879567571
258879568083
258879569769
258879570237
258879570808
258879570883
258879572454
258879573240
258879573266
258879573352
258879573720
258879574524
258879577118
258879580025
258879582020
258879582513
258879584980
258879586066
258879587826
258879591441
258879593014
258879599123
258879601623
258879601884
258879606524
258879608380
258879612200
258879620089
258879621338
258879621794
258879622954
258879623645
258879624509
258879626994
258879628982
258879630564
258879631056
258879633540
258879636544
258879638138
258879640982
258879641408
258879642282
258879642647
258879642718
258879645474
258879647088
258879652454
258879660490
258879660846
258879661741
258879661889
258879664049
258879664877
258879667310
258879668821
258879669699
258879669899
258879675034
258879677923
258879680811
258879681232
258879683843
258879685874
258879687716
258879689952
258879692044
258879693046
258879700004
258879700289
258879701453
258879706205
258879707066
258879707198
258879708538
258879719964
258879722498
258879725523
258879728225
258879732404
258879739825
258879741509
258879745049
258879753013
258879753923
258879759864
258879760345
258879762945
258879763495
258879770084
258879772935
258879776663
258879779428
258879779527
258879779711
258879780333
258879781773
258879783107
258879784642
258879785561
258879786542
258879789248
258879790981
258879791281
258879791946
258879796215
258879797339
258879798285
258879799258
258879802951
258879803255
258879803981
258879806346
258879807118
258879809663
258879811179
258879812809
258879814137
258879815198
258879821287
258879822790
258879824311
258879827692
258879828126
258879828353
258879829821
258879830362
258879830413
258879830944
258879832433
258879832510
258879838124
258879841612
258879841781
258879842925
258879844658
258879844975
258879851544
258879853476
258879855555
258879857443
258879859081
258879859751
258879859907
258879865155
258879865601
258879865719
258879868779
258879869295
258879872944
258879874948
258879881522
258879881624
258879885253
258879886746
258879886901
258879887127
258879888465
258879888735
258879895656
258879897296
258879905644
258879905765
258879908645
258879908863
258879909170
258879910664
258879912389
258879913521
258879914697
258879917445
258879920794
258879924541
258879926857
258879928029
258879929915
258879931645
258879932409
258879932999
258879936350
258879939202
258879942522
258879943135
258879944303
258879945252
258879947086
258879950523
258879950630
258879951192
258879956823
258879957810
258879960240
258879964059
258879965026
258879970384
258879975843
258879978345
258879980302
258879982390
258879990065
258879990314
258879990353
258879991371
258879992526
258879995273
258879995984
258879996315
258879998782
258879999090
258879999351