+22896680000
+22896680001
+22896680003
+22896680004
+22896680016
+22896680018
+22896680019
+22896680020
+22896680022
+22896680032
+22896680035
+22896680036
+22896680038
+22896680040
+22896680043
+22896680044
+22896680049
+22896680050
+22896680052
+22896680053
+22896680056
+22896680060
+22896680072
+22896680075
+22896680078
+22896680079
+22896680080
+22896680083
+22896680087
+22896680090
+22896680094
+22896680101
+22896680102
+22896680107
+22896680108
+22896680110
+22896680112
+22896680114
+22896680116
+22896680118
+22896680121
+22896680122
+22896680125
+22896680128
+22896680130
+22896680132
+22896680133
+22896680137
+22896680149
+22896680154
+22896680157
+22896680158
+22896680160
+22896680166
+22896680171
+22896680174
+22896680175
+22896680176
+22896680179
+22896680181
+22896680185
+22896680187
+22896680192
+22896680196
+22896680201
+22896680202
+22896680204
+22896680205
+22896680206
+22896680215
+22896680218
+22896680220
+22896680221
+22896680227
+22896680228
+22896680231
+22896680232
+22896680235
+22896680237
+22896680240
+22896680247
+22896680249
+22896680252
+22896680254
+22896680260
+22896680262
+22896680263
+22896680267
+22896680269
+22896680276
+22896680278
+22896680279
+22896680285
+22896680289
+22896680291
+22896680297
+22896680303
+22896680305
+22896680306
+22896680307
+22896680310
+22896680315
+22896680316
+22896680326
+22896680328
+22896680329
+22896680330
+22896680334
+22896680335
+22896680347
+22896680363
+22896680366
+22896680370
+22896680386
+22896680393
+22896680397
+22896680400
+22896680401
+22896680404
+22896680406
+22896680413
+22896680414
+22896680419
+22896680424
+22896680425
+22896680431
+22896680433
+22896680436
+22896680439
+22896680441
+22896680444
+22896680454
+22896680455
+22896680456
+22896680461
+22896680463
+22896680465
+22896680469
+22896680470
+22896680475
+22896680479
+22896680480
+22896680482
+22896680483
+22896680484
+22896680490
+22896680491
+22896680498
+22896680503
+22896680505
+22896680506
+22896680510
+22896680511
+22896680512
+22896680514
+22896680521
+22896680523
+22896680528
+22896680531
+22896680533
+22896680538
+22896680540
+22896680541
+22896680543
+22896680544
+22896680545
+22896680546
+22896680547
+22896680553
+22896680558
+22896680562
+22896680563
+22896680564
+22896680569
+22896680570
+22896680578
+22896680579
+22896680588
+22896680591
+22896680592
+22896680594
+22896680598
+22896680603
+22896680613
+22896680614
+22896680615
+22896680616
+22896680621
+22896680622
+22896680629
+22896680630
+22896680631
+22896680633
+22896680636
+22896680641
+22896680643
+22896680646
+22896680651
+22896680654
+22896680655
+22896680660
+22896680661
+22896680673
+22896680675
+22896680679
+22896680681
+22896680688
+22896680703
+22896680715
+22896680718
+22896680722
+22896680728
+22896680729
+22896680735
+22896680736
+22896680737
+22896680740
+22896680741
+22896680743
+22896680744
+22896680745
+22896680748
+22896680750
+22896680770
+22896680772
+22896680780
+22896680781
+22896680787
+22896680788
+22896680790
+22896680794
+22896680801
+22896680802
+22896680806
+22896680807
+22896680814
+22896680816
+22896680820
+22896680821
+22896680826
+22896680827
+22896680829
+22896680830
+22896680834
+22896680836
+22896680838
+22896680841
+22896680842
+22896680844
+22896680845
+22896680849
+22896680854
+22896680858
+22896680863
+22896680866
+22896680870
+22896680872
+22896680873
+22896680874
+22896680875
+22896680883
+22896680887
+22896680888
+22896680889
+22896680890
+22896680893
+22896680897
+22896680899
+22896680900
+22896680902
+22896680905
+22896680907
+22896680909
+22896680912
+22896680913
+22896680914
+22896680917
+22896680918
+22896680921
+22896680922
+22896680924
+22896680926
+22896680938
+22896680946
+22896680947
+22896680961
+22896680963
+22896680966
+22896680967
+22896680970
+22896680977
+22896680984
+22896680985
+22896680987
+22896680988
+22896680992
+22896680994
+22896680995
+22896680999
+22896681000
+22896681005
+22896681010
+22896681013
+22896681017
+22896681023
+22896681025
+22896681028
+22896681029
+22896681031
+22896681040
+22896681041
+22896681044
+22896681045
+22896681050
+22896681051
+22896681052
+22896681055
+22896681057
+22896681058
+22896681059
+22896681066
+22896681075
+22896681081
+22896681082
+22896681088
+22896681096
+22896681097
+22896681105
+22896681118
+22896681119
+22896681122
+22896681125
+22896681129
+22896681130
+22896681134
+22896681140
+22896681146
+22896681148
+22896681150
+22896681156
+22896681166
+22896681174
+22896681179
+22896681182
+22896681185
+22896681186
+22896681200
+22896681202
+22896681213
+22896681215
+22896681222
+22896681223
+22896681225
+22896681230
+22896681236
+22896681237
+22896681239
+22896681240
+22896681242
+22896681248
+22896681249
+22896681254
+22896681256
+22896681258
+22896681259
+22896681261
+22896681266
+22896681269
+22896681271
+22896681272
+22896681277
+22896681281
+22896681282
+22896681283
+22896681287
+22896681289
+22896681290
+22896681296
+22896681297
+22896681300
+22896681312
+22896681313
+22896681314
+22896681316
+22896681318
+22896681321
+22896681323
+22896681326
+22896681334
+22896681336
+22896681337
+22896681341
+22896681348
+22896681349
+22896681357
+22896681364
+22896681367
+22896681368
+22896681374
+22896681377
+22896681379
+22896681381
+22896681387
+22896681390
+22896681399
+22896681400
+22896681404
+22896681405
+22896681406
+22896681410
+22896681414
+22896681416
+22896681421
+22896681427
+22896681431
+22896681432
+22896681437
+22896681438
+22896681439
+22896681457
+22896681461
+22896681466
+22896681467
+22896681469
+22896681471
+22896681475
+22896681477
+22896681480
+22896681481
+22896681482
+22896681483
+22896681485
+22896681494
+22896681501
+22896681502
+22896681506
+22896681507
+22896681508
+22896681509
+22896681512
+22896681517
+22896681518
+22896681519
+22896681521
+22896681526
+22896681528
+22896681532
+22896681533
+22896681534
+22896681535
+22896681536
+22896681540
+22896681544
+22896681546
+22896681547
+22896681553
+22896681554
+22896681564
+22896681572
+22896681574
+22896681583
+22896681587
+22896681588
+22896681590
+22896681604
+22896681609
+22896681610
+22896681611
+22896681614
+22896681616
+22896681617
+22896681626
+22896681630
+22896681633
+22896681634
+22896681639
+22896681641
+22896681643
+22896681647
+22896681649
+22896681650
+22896681651
+22896681658
+22896681659
+22896681660
+22896681663
+22896681665
+22896681666
+22896681667
+22896681668
+22896681672
+22896681674
+22896681678
+22896681680
+22896681682
+22896681692
+22896681695
+22896681698
+22896681699
+22896681702
+22896681703
+22896681706
+22896681707
+22896681708
+22896681713
+22896681714
+22896681715
+22896681718
+22896681719
+22896681721
+22896681722
+22896681723
+22896681727
+22896681728
+22896681733
+22896681734
+22896681735
+22896681736
+22896681738
+22896681739
+22896681746
+22896681754
+22896681755
+22896681757
+22896681758
+22896681759
+22896681763
+22896681765
+22896681767
+22896681769
+22896681770
+22896681772
+22896681774
+22896681775
+22896681777
+22896681779
+22896681781
+22896681786
+22896681794
+22896681795
+22896681799
+22896681802
+22896681804
+22896681805
+22896681806
+22896681810
+22896681812
+22896681814
+22896681815
+22896681817
+22896681822
+22896681823
+22896681826
+22896681827
+22896681830
+22896681835
+22896681836
+22896681837
+22896681838
+22896681839
+22896681841
+22896681843
+22896681846
+22896681847
+22896681855
+22896681856
+22896681857
+22896681858
+22896681859
+22896681861
+22896681862
+22896681863
+22896681865
+22896681866
+22896681867
+22896681868
+22896681869
+22896681870
+22896681873
+22896681876
+22896681879
+22896681880
+22896681883
+22896681886
+22896681891
+22896681894
+22896681897
+22896681902
+22896681908
+22896681909
+22896681911
+22896681912
+22896681915
+22896681916
+22896681917
+22896681919
+22896681920
+22896681927
+22896681929
+22896681930
+22896681931
+22896681933
+22896681938
+22896681939
+22896681942
+22896681943
+22896681945
+22896681947
+22896681949
+22896681950
+22896681952
+22896681954
+22896681955
+22896681956
+22896681959
+22896681962
+22896681963
+22896681967
+22896681968
+22896681970
+22896681971
+22896681972
+22896681973
+22896681974
+22896681976
+22896681978
+22896681981
+22896681982
+22896681983
+22896681984
+22896681988
+22896681991
+22896681993
+22896681994
+22896681996
+22896682000
+22896682001
+22896682003
+22896682004
+22896682007
+22896682008
+22896682010
+22896682014
+22896682016
+22896682019
+22896682022
+22896682026
+22896682032
+22896682033
+22896682038
+22896682039
+22896682040
+22896682041
+22896682043
+22896682047
+22896682048
+22896682050
+22896682052
+22896682055
+22896682056
+22896682057
+22896682059
+22896682060
+22896682061
+22896682062
+22896682065
+22896682066
+22896682067
+22896682069
+22896682071
+22896682073
+22896682076
+22896682078
+22896682080
+22896682083
+22896682084
+22896682086
+22896682092
+22896682093
+22896682094
+22896682100
+22896682101
+22896682105
+22896682106
+22896682108
+22896682111
+22896682116
+22896682121
+22896682123
+22896682125
+22896682128
+22896682130
+22896682132
+22896682134
+22896682135
+22896682137
+22896682140
+22896682148
+22896682149
+22896682150
+22896682152
+22896682154
+22896682155
+22896682157
+22896682159
+22896682161
+22896682162
+22896682172
+22896682174
+22896682179
+22896682182
+22896682183
+22896682186
+22896682188
+22896682189
+22896682193
+22896682194
+22896682197
+22896682199
+22896682200
+22896682201
+22896682203
+22896682204
+22896682208
+22896682209
+22896682210
+22896682211
+22896682213
+22896682216
+22896682218
+22896682219
+22896682220
+22896682221
+22896682222
+22896682225
+22896682226
+22896682227
+22896682230
+22896682232
+22896682233
+22896682236
+22896682238
+22896682245
+22896682247
+22896682248
+22896682255
+22896682256
+22896682259
+22896682260
+22896682261
+22896682264
+22896682265
+22896682271
+22896682272
+22896682273
+22896682275
+22896682280
+22896682282
+22896682284
+22896682285
+22896682286
+22896682287
+22896682288
+22896682290
+22896682292
+22896682293
+22896682294
+22896682301
+22896682304
+22896682306
+22896682307
+22896682316
+22896682317
+22896682319
+22896682321
+22896682326
+22896682327
+22896682329
+22896682331
+22896682333
+22896682335
+22896682336
+22896682338
+22896682339
+22896682341
+22896682343
+22896682347
+22896682351
+22896682352
+22896682354
+22896682355
+22896682357
+22896682358
+22896682359
+22896682365
+22896682367
+22896682372
+22896682374
+22896682375
+22896682385
+22896682389
+22896682390
+22896682391
+22896682393
+22896682394
+22896682395
+22896682397
+22896682400
+22896682402
+22896682403
+22896682405
+22896682406
+22896682408
+22896682412
+22896682413
+22896682414
+22896682418
+22896682420
+22896682425
+22896682426
+22896682429
+22896682433
+22896682435
+22896682436
+22896682437
+22896682438
+22896682439
+22896682445
+22896682447
+22896682449
+22896682450
+22896682452
+22896682454
+22896682456
+22896682457
+22896682462
+22896682463
+22896682464
+22896682467
+22896682468
+22896682469
+22896682472
+22896682482
+22896682483
+22896682491
+22896682494
+22896682499
+22896682509
+22896682513
+22896682516
+22896682520
+22896682521
+22896682522
+22896682525
+22896682526
+22896682527
+22896682528
+22896682529
+22896682531
+22896682535
+22896682539
+22896682543
+22896682544
+22896682546
+22896682547
+22896682549
+22896682551
+22896682552
+22896682553
+22896682555
+22896682558
+22896682559
+22896682563
+22896682566
+22896682567
+22896682568
+22896682569
+22896682570
+22896682571
+22896682572
+22896682576
+22896682577
+22896682578
+22896682579
+22896682584
+22896682589
+22896682591
+22896682592
+22896682597
+22896682601
+22896682602
+22896682604
+22896682605
+22896682606
+22896682607
+22896682613
+22896682614
+22896682615
+22896682618
+22896682619
+22896682620
+22896682621
+22896682623
+22896682625
+22896682626
+22896682627
+22896682629
+22896682634
+22896682635
+22896682636
+22896682642
+22896682645
+22896682652
+22896682653
+22896682660
+22896682662
+22896682663
+22896682666
+22896682668
+22896682669
+22896682671
+22896682673
+22896682674
+22896682675
+22896682677
+22896682678
+22896682679
+22896682681
+22896682682
+22896682688
+22896682689
+22896682691
+22896682700
+22896682701
+22896682702
+22896682705
+22896682706
+22896682708
+22896682709
+22896682712
+22896682714
+22896682716
+22896682719
+22896682720
+22896682721
+22896682722
+22896682723
+22896682730
+22896682732
+22896682733
+22896682735
+22896682736
+22896682737
+22896682738
+22896682741
+22896682742
+22896682743
+22896682745
+22896682746
+22896682748
+22896682749
+22896682750
+22896682751
+22896682752
+22896682753
+22896682759
+22896682760
+22896682762
+22896682764
+22896682765
+22896682768
+22896682769
+22896682770
+22896682771
+22896682774
+22896682779
+22896682780
+22896682781
+22896682782
+22896682783
+22896682784
+22896682785
+22896682786
+22896682787
+22896682789
+22896682791
+22896682792
+22896682793
+22896682795
+22896682796
+22896682797
+22896682803
+22896682805
+22896682808
+22896682810
+22896682811
+22896682812
+22896682814
+22896682817
+22896682820
+22896682821
+22896682823
+22896682825
+22896682826
+22896682828
+22896682829
+22896682831
+22896682832
+22896682833
+22896682837
+22896682838
+22896682841
+22896682842
+22896682845
+22896682847
+22896682848
+22896682849
+22896682850
+22896682855
+22896682859
+22896682861
+22896682863
+22896682864
+22896682866
+22896682867
+22896682868
+22896682869
+22896682871
+22896682872
+22896682875
+22896682876
+22896682880
+22896682883
+22896682884
+22896682885
+22896682887
+22896682889
+22896682890
+22896682895
+22896682896
+22896682897
+22896682898
+22896682899
+22896682900
+22896682901
+22896682903
+22896682904
+22896682907
+22896682908
+22896682910
+22896682916
+22896682917
+22896682919
+22896682922
+22896682923
+22896682926
+22896682927
+22896682936
+22896682937
+22896682941
+22896682942
+22896682943
+22896682945
+22896682948
+22896682951
+22896682952
+22896682954
+22896682956
+22896682957
+22896682959
+22896682960
+22896682961
+22896682969
+22896682976
+22896682977
+22896682981
+22896682984
+22896682985
+22896682986
+22896682990
+22896682991
+22896682993
+22896682995
+22896682996
+22896682997
+22896683000
+22896683001
+22896683003
+22896683006
+22896683007
+22896683008
+22896683011
+22896683014
+22896683015
+22896683018
+22896683020
+22896683021
+22896683023
+22896683027
+22896683028
+22896683032
+22896683035
+22896683040
+22896683041
+22896683043
+22896683048
+22896683050
+22896683051
+22896683052
+22896683053
+22896683057
+22896683061
+22896683062
+22896683067
+22896683068
+22896683071
+22896683072
+22896683073
+22896683079
+22896683081
+22896683082
+22896683089
+22896683094
+22896683097
+22896683101
+22896683104
+22896683105
+22896683108
+22896683114
+22896683116
+22896683118
+22896683125
+22896683128
+22896683131
+22896683132
+22896683133
+22896683134
+22896683135
+22896683136
+22896683138
+22896683139
+22896683142
+22896683144
+22896683145
+22896683147
+22896683148
+22896683150
+22896683154
+22896683157
+22896683158
+22896683163
+22896683167
+22896683169
+22896683171
+22896683174
+22896683175
+22896683177
+22896683178
+22896683180
+22896683181
+22896683182
+22896683183
+22896683185
+22896683189
+22896683191
+22896683192
+22896683193
+22896683197
+22896683199
+22896683201
+22896683202
+22896683204
+22896683209
+22896683212
+22896683213
+22896683215
+22896683216
+22896683217
+22896683222
+22896683227
+22896683229
+22896683230
+22896683231
+22896683232
+22896683234
+22896683237
+22896683242
+22896683247
+22896683248
+22896683249
+22896683251
+22896683253
+22896683255
+22896683261
+22896683262
+22896683264
+22896683266
+22896683268
+22896683275
+22896683278
+22896683280
+22896683283
+22896683285
+22896683286
+22896683288
+22896683290
+22896683295
+22896683296
+22896683299
+22896683300
+22896683304
+22896683305
+22896683310
+22896683311
+22896683314
+22896683317
+22896683319
+22896683321
+22896683323
+22896683325
+22896683326
+22896683327
+22896683328
+22896683329
+22896683330
+22896683331
+22896683334
+22896683335
+22896683337
+22896683338
+22896683339
+22896683340
+22896683345
+22896683352
+22896683355
+22896683359
+22896683361
+22896683364
+22896683366
+22896683367
+22896683368
+22896683369
+22896683370
+22896683372
+22896683374
+22896683379
+22896683380
+22896683382
+22896683388
+22896683389
+22896683390
+22896683391
+22896683393
+22896683395
+22896683400
+22896683405
+22896683406
+22896683410
+22896683412
+22896683413
+22896683414
+22896683417
+22896683418
+22896683419
+22896683421
+22896683422
+22896683423
+22896683424
+22896683427
+22896683429
+22896683435
+22896683436
+22896683437
+22896683440
+22896683441
+22896683446
+22896683447
+22896683450
+22896683453
+22896683454
+22896683457
+22896683459
+22896683461
+22896683466
+22896683469
+22896683470
+22896683471
+22896683475
+22896683477
+22896683478
+22896683479
+22896683480
+22896683481
+22896683484
+22896683486
+22896683487
+22896683490
+22896683491
+22896683493
+22896683494
+22896683495
+22896683496
+22896683497
+22896683507
+22896683509
+22896683511
+22896683513
+22896683515
+22896683516
+22896683518
+22896683519
+22896683522
+22896683523
+22896683524
+22896683526
+22896683528
+22896683531
+22896683532
+22896683535
+22896683538
+22896683540
+22896683541
+22896683542
+22896683546
+22896683548
+22896683554
+22896683559
+22896683560
+22896683561
+22896683563
+22896683566
+22896683567
+22896683568
+22896683569
+22896683572
+22896683573
+22896683574
+22896683575
+22896683576
+22896683581
+22896683582
+22896683583
+22896683584
+22896683586
+22896683587
+22896683588
+22896683594
+22896683595
+22896683600
+22896683601
+22896683603
+22896683604
+22896683606
+22896683607
+22896683611
+22896683618
+22896683619
+22896683621
+22896683624
+22896683625
+22896683626
+22896683627
+22896683628
+22896683629
+22896683630
+22896683632
+22896683634
+22896683637
+22896683641
+22896683643
+22896683644
+22896683648
+22896683652
+22896683656
+22896683659
+22896683663
+22896683664
+22896683669
+22896683670
+22896683676
+22896683678
+22896683680
+22896683684
+22896683686
+22896683689
+22896683690
+22896683691
+22896683693
+22896683694
+22896683700
+22896683701
+22896683702
+22896683704
+22896683707
+22896683710
+22896683711
+22896683715
+22896683717
+22896683718
+22896683723
+22896683724
+22896683727
+22896683728
+22896683729
+22896683731
+22896683733
+22896683735
+22896683739
+22896683740
+22896683741
+22896683742
+22896683745
+22896683746
+22896683747
+22896683748
+22896683749
+22896683750
+22896683752
+22896683753
+22896683754
+22896683756
+22896683758
+22896683761
+22896683764
+22896683766
+22896683767
+22896683769
+22896683772
+22896683774
+22896683775
+22896683778
+22896683782
+22896683787
+22896683789
+22896683790
+22896683791
+22896683801
+22896683802
+22896683806
+22896683807
+22896683808
+22896683810
+22896683812
+22896683815
+22896683817
+22896683818
+22896683819
+22896683820
+22896683826
+22896683828
+22896683831
+22896683832
+22896683836
+22896683837
+22896683838
+22896683839
+22896683841
+22896683847
+22896683848
+22896683849
+22896683850
+22896683852
+22896683855
+22896683858
+22896683862
+22896683863
+22896683864
+22896683866
+22896683868
+22896683873
+22896683874
+22896683876
+22896683877
+22896683884
+22896683889
+22896683898
+22896683899
+22896683900
+22896683902
+22896683903
+22896683907
+22896683909
+22896683910
+22896683911
+22896683912
+22896683913
+22896683914
+22896683915
+22896683916
+22896683918
+22896683919
+22896683920
+22896683924
+22896683927
+22896683931
+22896683932
+22896683934
+22896683935
+22896683938
+22896683939
+22896683940
+22896683942
+22896683945
+22896683947
+22896683950
+22896683952
+22896683955
+22896683956
+22896683957
+22896683958
+22896683961
+22896683962
+22896683967
+22896683969
+22896683978
+22896683979
+22896683981
+22896683982
+22896683984
+22896683991
+22896683994
+22896683996
+22896683998
+22896684002
+22896684003
+22896684004
+22896684006
+22896684007
+22896684009
+22896684010
+22896684011
+22896684013
+22896684015
+22896684017
+22896684018
+22896684019
+22896684020
+22896684021
+22896684023
+22896684024
+22896684026
+22896684027
+22896684029
+22896684034
+22896684038
+22896684039
+22896684040
+22896684041
+22896684046
+22896684052
+22896684054
+22896684057
+22896684059
+22896684060
+22896684061
+22896684062
+22896684063
+22896684064
+22896684066
+22896684067
+22896684068
+22896684069
+22896684070
+22896684071
+22896684073
+22896684074
+22896684075
+22896684076
+22896684077
+22896684078
+22896684080
+22896684081
+22896684082
+22896684083
+22896684084
+22896684085
+22896684086
+22896684087
+22896684089
+22896684090
+22896684091
+22896684092
+22896684093
+22896684094
+22896684095
+22896684096
+22896684098
+22896684099
+22896684100
+22896684101
+22896684102
+22896684103
+22896684104
+22896684106
+22896684107
+22896684110
+22896684111
+22896684112
+22896684113
+22896684115
+22896684116
+22896684118
+22896684119
+22896684120
+22896684121
+22896684123
+22896684125
+22896684127
+22896684129
+22896684131
+22896684133
+22896684134
+22896684136
+22896684137
+22896684138
+22896684139
+22896684140
+22896684141
+22896684143
+22896684144
+22896684145
+22896684146
+22896684148
+22896684149
+22896684150
+22896684151
+22896684152
+22896684154
+22896684155
+22896684156
+22896684157
+22896684158
+22896684159
+22896684160
+22896684162
+22896684163
+22896684164
+22896684165
+22896684166
+22896684167
+22896684168
+22896684169
+22896684170
+22896684171
+22896684173
+22896684175
+22896684176
+22896684177
+22896684181
+22896684183
+22896684184
+22896684185
+22896684186
+22896684187
+22896684189
+22896684190
+22896684191
+22896684192
+22896684193
+22896684194
+22896684195
+22896684196
+22896684197
+22896684198
+22896684199
+22896684200
+22896684201
+22896684202
+22896684203
+22896684204
+22896684205
+22896684206
+22896684207
+22896684209
+22896684210
+22896684211
+22896684212
+22896684213
+22896684214
+22896684215
+22896684216
+22896684217
+22896684218
+22896684219
+22896684220
+22896684221
+22896684222
+22896684223
+22896684224
+22896684225
+22896684226
+22896684227
+22896684228
+22896684229
+22896684230
+22896684232
+22896684233
+22896684234
+22896684238
+22896684239
+22896684240
+22896684241
+22896684243
+22896684244
+22896684245
+22896684246
+22896684247
+22896684248
+22896684249
+22896684250
+22896684251
+22896684253
+22896684254
+22896684255
+22896684257
+22896684258
+22896684259
+22896684260
+22896684261
+22896684262
+22896684263
+22896684264
+22896684266
+22896684268
+22896684269
+22896684270
+22896684271
+22896684272
+22896684273
+22896684274
+22896684275
+22896684276
+22896684277
+22896684279
+22896684281
+22896684282
+22896684283
+22896684284
+22896684286
+22896684287
+22896684288
+22896684290
+22896684291
+22896684292
+22896684293
+22896684294
+22896684295
+22896684296
+22896684298
+22896684299
+22896684300
+22896684301
+22896684303
+22896684304
+22896684305
+22896684306
+22896684307
+22896684310
+22896684311
+22896684312
+22896684316
+22896684317
+22896684319
+22896684320
+22896684322
+22896684323
+22896684324
+22896684325
+22896684326
+22896684328
+22896684329
+22896684332
+22896684333
+22896684334
+22896684335
+22896684336
+22896684338
+22896684339
+22896684340
+22896684342
+22896684343
+22896684345
+22896684346
+22896684347
+22896684348
+22896684349
+22896684350
+22896684352
+22896684354
+22896684355
+22896684356
+22896684359
+22896684360
+22896684361
+22896684362
+22896684363
+22896684364
+22896684365
+22896684366
+22896684367
+22896684368
+22896684369
+22896684370
+22896684371
+22896684373
+22896684376
+22896684377
+22896684378
+22896684379
+22896684380
+22896684382
+22896684383
+22896684385
+22896684386
+22896684387
+22896684388
+22896684389
+22896684390
+22896684391
+22896684392
+22896684393
+22896684395
+22896684396
+22896684397
+22896684398
+22896684399
+22896684402
+22896684404
+22896684405
+22896684406
+22896684407
+22896684408
+22896684409
+22896684410
+22896684412
+22896684413
+22896684414
+22896684415
+22896684417
+22896684418
+22896684420
+22896684422
+22896684424
+22896684425
+22896684426
+22896684428
+22896684429
+22896684431
+22896684432
+22896684433
+22896684436
+22896684437
+22896684438
+22896684439
+22896684440
+22896684441
+22896684442
+22896684443
+22896684444
+22896684445
+22896684446
+22896684447
+22896684448
+22896684449
+22896684450
+22896684451
+22896684452
+22896684453
+22896684454
+22896684456
+22896684457
+22896684458
+22896684459
+22896684460
+22896684462
+22896684463
+22896684464
+22896684466
+22896684467
+22896684468
+22896684469
+22896684470
+22896684471
+22896684472
+22896684473
+22896684475
+22896684476
+22896684477
+22896684478
+22896684479
+22896684480
+22896684481
+22896684482
+22896684484
+22896684485
+22896684486
+22896684487
+22896684488
+22896684489
+22896684491
+22896684492
+22896684493
+22896684494
+22896684495
+22896684497
+22896684498
+22896684499
+22896684501
+22896684502
+22896684503
+22896684504
+22896684505
+22896684507
+22896684508
+22896684511
+22896684512
+22896684513
+22896684514
+22896684516
+22896684517
+22896684518
+22896684519
+22896684520
+22896684521
+22896684522
+22896684523
+22896684524
+22896684525
+22896684527
+22896684528
+22896684529
+22896684531
+22896684532
+22896684533
+22896684534
+22896684535
+22896684536
+22896684537
+22896684540
+22896684541
+22896684542
+22896684543
+22896684544
+22896684545
+22896684546
+22896684547
+22896684549
+22896684550
+22896684552
+22896684554
+22896684555
+22896684556
+22896684557
+22896684559
+22896684560
+22896684561
+22896684562
+22896684563
+22896684564
+22896684565
+22896684566
+22896684567
+22896684568
+22896684569
+22896684570
+22896684571
+22896684572
+22896684573
+22896684576
+22896684577
+22896684578
+22896684579
+22896684580
+22896684581
+22896684582
+22896684583
+22896684584
+22896684585
+22896684586
+22896684587
+22896684588
+22896684589
+22896684590
+22896684591
+22896684592
+22896684593
+22896684594
+22896684595
+22896684596
+22896684597
+22896684598
+22896684599
+22896684600
+22896684601
+22896684602
+22896684603
+22896684604
+22896684605
+22896684607
+22896684608
+22896684609
+22896684610
+22896684611
+22896684612
+22896684613
+22896684615
+22896684616
+22896684617
+22896684618
+22896684619
+22896684620
+22896684621
+22896684622
+22896684624
+22896684626
+22896684627
+22896684628
+22896684629
+22896684630
+22896684631
+22896684632
+22896684633
+22896684634
+22896684635
+22896684636
+22896684637
+22896684638
+22896684639
+22896684640
+22896684641
+22896684642
+22896684643
+22896684644
+22896684645
+22896684646
+22896684647
+22896684648
+22896684649
+22896684650
+22896684651
+22896684652
+22896684653
+22896684656
+22896684657
+22896684658
+22896684659
+22896684660
+22896684661
+22896684662
+22896684663
+22896684665
+22896684666
+22896684668
+22896684669
+22896684670
+22896684671
+22896684672
+22896684674
+22896684675
+22896684676
+22896684677
+22896684678
+22896684679
+22896684680
+22896684682
+22896684683
+22896684684
+22896684685
+22896684686
+22896684687
+22896684688
+22896684689
+22896684690
+22896684691
+22896684692
+22896684693
+22896684694
+22896684695
+22896684696
+22896684697
+22896684698
+22896684699
+22896684700
+22896684701
+22896684702
+22896684704
+22896684706
+22896684707
+22896684708
+22896684709
+22896684710
+22896684711
+22896684712
+22896684713
+22896684714
+22896684715
+22896684716
+22896684717
+22896684718
+22896684719
+22896684720
+22896684721
+22896684722
+22896684723
+22896684724
+22896684725
+22896684726
+22896684727
+22896684728
+22896684729
+22896684731
+22896684732
+22896684733
+22896684735
+22896684736
+22896684737
+22896684738
+22896684739
+22896684740
+22896684741
+22896684742
+22896684743
+22896684746
+22896684747
+22896684749
+22896684750
+22896684751
+22896684752
+22896684753
+22896684754
+22896684755
+22896684756
+22896684757
+22896684758
+22896684759
+22896684761
+22896684762
+22896684763
+22896684764
+22896684765
+22896684768
+22896684770
+22896684771
+22896684772
+22896684775
+22896684776
+22896684777
+22896684778
+22896684780
+22896684781
+22896684782
+22896684783
+22896684784
+22896684785
+22896684786
+22896684787
+22896684788
+22896684789
+22896684790
+22896684791
+22896684792
+22896684794
+22896684795
+22896684796
+22896684797
+22896684798
+22896684800
+22896684801
+22896684802
+22896684803
+22896684804
+22896684805
+22896684806
+22896684807
+22896684808
+22896684809
+22896684810
+22896684811
+22896684812
+22896684814
+22896684815
+22896684817
+22896684818
+22896684820
+22896684821
+22896684822
+22896684823
+22896684824
+22896684825
+22896684826
+22896684827
+22896684829
+22896684830
+22896684831
+22896684832
+22896684833
+22896684834
+22896684835
+22896684836
+22896684837
+22896684838
+22896684840
+22896684841
+22896684842
+22896684843
+22896684844
+22896684845
+22896684846
+22896684847
+22896684848
+22896684851
+22896684852
+22896684853
+22896684855
+22896684856
+22896684857
+22896684858
+22896684859
+22896684860
+22896684862
+22896684863
+22896684864
+22896684866
+22896684867
+22896684868
+22896684869
+22896684871
+22896684872
+22896684873
+22896684874
+22896684875
+22896684876
+22896684877
+22896684878
+22896684879
+22896684880
+22896684881
+22896684882
+22896684884
+22896684885
+22896684886
+22896684888
+22896684890
+22896684892
+22896684893
+22896684894
+22896684895
+22896684896
+22896684897
+22896684898
+22896684899
+22896684900
+22896684901
+22896684902
+22896684903
+22896684904
+22896684905
+22896684906
+22896684907
+22896684908
+22896684909
+22896684910
+22896684911
+22896684913
+22896684914
+22896684915
+22896684916
+22896684917
+22896684919
+22896684920
+22896684922
+22896684923
+22896684924
+22896684925
+22896684926
+22896684927
+22896684928
+22896684929
+22896684930
+22896684931
+22896684932
+22896684933
+22896684934
+22896684935
+22896684937
+22896684938
+22896684939
+22896684940
+22896684941
+22896684942
+22896684943
+22896684945
+22896684946
+22896684948
+22896684949
+22896684950
+22896684951
+22896684952
+22896684953
+22896684955
+22896684956
+22896684957
+22896684958
+22896684959
+22896684960
+22896684961
+22896684962
+22896684963
+22896684964
+22896684967
+22896684968
+22896684969
+22896684970
+22896684971
+22896684972
+22896684973
+22896684974
+22896684975
+22896684977
+22896684978
+22896684979
+22896684980
+22896684981
+22896684982
+22896684983
+22896684986
+22896684987
+22896684990
+22896684992
+22896684993
+22896684994
+22896684995
+22896684996
+22896684997
+22896684998
+22896684999
+22896685000
+22896685001
+22896685002
+22896685004
+22896685005
+22896685007
+22896685008
+22896685009
+22896685010
+22896685011
+22896685012
+22896685014
+22896685016
+22896685017
+22896685020
+22896685021
+22896685022
+22896685023
+22896685024
+22896685025
+22896685026
+22896685027
+22896685028
+22896685029
+22896685031
+22896685032
+22896685033
+22896685035
+22896685037
+22896685038
+22896685040
+22896685041
+22896685043
+22896685044
+22896685046
+22896685048
+22896685049
+22896685050
+22896685051
+22896685052
+22896685053
+22896685054
+22896685056
+22896685057
+22896685059
+22896685060
+22896685062
+22896685063
+22896685065
+22896685066
+22896685068
+22896685069
+22896685070
+22896685071
+22896685072
+22896685073
+22896685074
+22896685075
+22896685076
+22896685077
+22896685078
+22896685079
+22896685082
+22896685083
+22896685086
+22896685089
+22896685090
+22896685091
+22896685092
+22896685093
+22896685095
+22896685096
+22896685097
+22896685098
+22896685099
+22896685100
+22896685101
+22896685103
+22896685104
+22896685108
+22896685109
+22896685111
+22896685112
+22896685113
+22896685114
+22896685116
+22896685118
+22896685119
+22896685120
+22896685121
+22896685123
+22896685124
+22896685127
+22896685128
+22896685129
+22896685131
+22896685132
+22896685134
+22896685135
+22896685136
+22896685140
+22896685142
+22896685143
+22896685145
+22896685149
+22896685150
+22896685151
+22896685152
+22896685153
+22896685154
+22896685156
+22896685157
+22896685158
+22896685159
+22896685161
+22896685162
+22896685164
+22896685165
+22896685166
+22896685167
+22896685168
+22896685170
+22896685171
+22896685173
+22896685174
+22896685175
+22896685176
+22896685177
+22896685179
+22896685180
+22896685181
+22896685182
+22896685183
+22896685184
+22896685185
+22896685186
+22896685188
+22896685189
+22896685190
+22896685192
+22896685193
+22896685195
+22896685196
+22896685198
+22896685200
+22896685201
+22896685202
+22896685203
+22896685204
+22896685205
+22896685206
+22896685208
+22896685209
+22896685210
+22896685211
+22896685214
+22896685215
+22896685216
+22896685217
+22896685218
+22896685219
+22896685220
+22896685221
+22896685222
+22896685223
+22896685224
+22896685225
+22896685226
+22896685227
+22896685228
+22896685229
+22896685230
+22896685231
+22896685232
+22896685233
+22896685234
+22896685235
+22896685236
+22896685237
+22896685238
+22896685239
+22896685240
+22896685241
+22896685242
+22896685243
+22896685246
+22896685247
+22896685248
+22896685250
+22896685251
+22896685254
+22896685255
+22896685256
+22896685257
+22896685259
+22896685260
+22896685261
+22896685262
+22896685264
+22896685267
+22896685268
+22896685269
+22896685272
+22896685274
+22896685275
+22896685276
+22896685277
+22896685278
+22896685279
+22896685280
+22896685282
+22896685283
+22896685284
+22896685285
+22896685287
+22896685288
+22896685289
+22896685290
+22896685291
+22896685292
+22896685293
+22896685294
+22896685295
+22896685296
+22896685297
+22896685298
+22896685299
+22896685300
+22896685301
+22896685302
+22896685303
+22896685304
+22896685305
+22896685306
+22896685307
+22896685308
+22896685309
+22896685310
+22896685311
+22896685313
+22896685314
+22896685315
+22896685316
+22896685317
+22896685318
+22896685319
+22896685320
+22896685321
+22896685322
+22896685323
+22896685324
+22896685325
+22896685326
+22896685328
+22896685329
+22896685330
+22896685333
+22896685335
+22896685336
+22896685337
+22896685339
+22896685340
+22896685341
+22896685342
+22896685344
+22896685345
+22896685347
+22896685348
+22896685349
+22896685351
+22896685352
+22896685353
+22896685354
+22896685355
+22896685357
+22896685358
+22896685359
+22896685360
+22896685361
+22896685362
+22896685363
+22896685365
+22896685366
+22896685367
+22896685368
+22896685369
+22896685370
+22896685374
+22896685375
+22896685377
+22896685378
+22896685379
+22896685380
+22896685382
+22896685383
+22896685384
+22896685386
+22896685387
+22896685388
+22896685389
+22896685390
+22896685391
+22896685392
+22896685394
+22896685397
+22896685400
+22896685401
+22896685403
+22896685404
+22896685407
+22896685409
+22896685410
+22896685411
+22896685412
+22896685413
+22896685414
+22896685415
+22896685416
+22896685417
+22896685418
+22896685419
+22896685420
+22896685421
+22896685422
+22896685423
+22896685424
+22896685427
+22896685428
+22896685429
+22896685430
+22896685431
+22896685433
+22896685434
+22896685437
+22896685438
+22896685439
+22896685440
+22896685442
+22896685443
+22896685444
+22896685445
+22896685446
+22896685449
+22896685450
+22896685451
+22896685453
+22896685454
+22896685455
+22896685456
+22896685458
+22896685459
+22896685460
+22896685461
+22896685462
+22896685465
+22896685467
+22896685468
+22896685470
+22896685471
+22896685472
+22896685473
+22896685474
+22896685475
+22896685477
+22896685479
+22896685480
+22896685481
+22896685483
+22896685484
+22896685485
+22896685486
+22896685487
+22896685488
+22896685489
+22896685490
+22896685491
+22896685493
+22896685494
+22896685495
+22896685496
+22896685497
+22896685498
+22896685500
+22896685501
+22896685502
+22896685503
+22896685504
+22896685505
+22896685506
+22896685507
+22896685509
+22896685510
+22896685511
+22896685512
+22896685513
+22896685514
+22896685515
+22896685516
+22896685517
+22896685518
+22896685519
+22896685520
+22896685521
+22896685522
+22896685523
+22896685524
+22896685525
+22896685526
+22896685527
+22896685528
+22896685529
+22896685530
+22896685531
+22896685532
+22896685533
+22896685534
+22896685535
+22896685537
+22896685538
+22896685539
+22896685540
+22896685541
+22896685542
+22896685543
+22896685544
+22896685545
+22896685547
+22896685548
+22896685550
+22896685551
+22896685552
+22896685554
+22896685555
+22896685558
+22896685559
+22896685561
+22896685562
+22896685563
+22896685564
+22896685566
+22896685567
+22896685568
+22896685570
+22896685571
+22896685572
+22896685574
+22896685575
+22896685577
+22896685578
+22896685579
+22896685580
+22896685581
+22896685582
+22896685583
+22896685584
+22896685585
+22896685588
+22896685589
+22896685590
+22896685592
+22896685593
+22896685594
+22896685595
+22896685596
+22896685597
+22896685598
+22896685599
+22896685600
+22896685601
+22896685602
+22896685603
+22896685605
+22896685606
+22896685607
+22896685608
+22896685609
+22896685610
+22896685612
+22896685614
+22896685617
+22896685618
+22896685619
+22896685621
+22896685622
+22896685623
+22896685624
+22896685626
+22896685627
+22896685628
+22896685629
+22896685630
+22896685632
+22896685633
+22896685634
+22896685635
+22896685636
+22896685637
+22896685638
+22896685640
+22896685641
+22896685642
+22896685643
+22896685644
+22896685645
+22896685646
+22896685647
+22896685648
+22896685649
+22896685650
+22896685651
+22896685652
+22896685653
+22896685654
+22896685655
+22896685656
+22896685657
+22896685658
+22896685659
+22896685660
+22896685661
+22896685662
+22896685663
+22896685664
+22896685666
+22896685667
+22896685668
+22896685669
+22896685670
+22896685671
+22896685672
+22896685674
+22896685675
+22896685676
+22896685677
+22896685679
+22896685680
+22896685681
+22896685682
+22896685683
+22896685684
+22896685685
+22896685687
+22896685688
+22896685689
+22896685690
+22896685691
+22896685692
+22896685693
+22896685694
+22896685695
+22896685697
+22896685698
+22896685699
+22896685700
+22896685701
+22896685702
+22896685703
+22896685706
+22896685708
+22896685709
+22896685710
+22896685711
+22896685712
+22896685713
+22896685714
+22896685715
+22896685717
+22896685719
+22896685720
+22896685721
+22896685722
+22896685723
+22896685724
+22896685725
+22896685727
+22896685728
+22896685729
+22896685730
+22896685731
+22896685732
+22896685733
+22896685734
+22896685735
+22896685736
+22896685737
+22896685738
+22896685741
+22896685742
+22896685743
+22896685744
+22896685745
+22896685747
+22896685748
+22896685749
+22896685750
+22896685751
+22896685752
+22896685753
+22896685754
+22896685756
+22896685757
+22896685759
+22896685760
+22896685761
+22896685762
+22896685763
+22896685764
+22896685765
+22896685766
+22896685767
+22896685768
+22896685769
+22896685770
+22896685771
+22896685772
+22896685773
+22896685775
+22896685776
+22896685777
+22896685778
+22896685779
+22896685780
+22896685781
+22896685783
+22896685785
+22896685787
+22896685788
+22896685789
+22896685790
+22896685791
+22896685792
+22896685793
+22896685794
+22896685795
+22896685797
+22896685798
+22896685799
+22896685800
+22896685801
+22896685802
+22896685805
+22896685806
+22896685807
+22896685808
+22896685810
+22896685811
+22896685812
+22896685813
+22896685814
+22896685815
+22896685817
+22896685818
+22896685819
+22896685820
+22896685821
+22896685822
+22896685823
+22896685824
+22896685825
+22896685826
+22896685828
+22896685829
+22896685831
+22896685832
+22896685833
+22896685834
+22896685835
+22896685836
+22896685837
+22896685838
+22896685839
+22896685840
+22896685841
+22896685842
+22896685843
+22896685844
+22896685845
+22896685846
+22896685847
+22896685848
+22896685849
+22896685851
+22896685853
+22896685854
+22896685855
+22896685856
+22896685857
+22896685858
+22896685859
+22896685860
+22896685861
+22896685862
+22896685863
+22896685864
+22896685865
+22896685866
+22896685867
+22896685868
+22896685869
+22896685870
+22896685871
+22896685872
+22896685873
+22896685874
+22896685875
+22896685876
+22896685877
+22896685878
+22896685879
+22896685880
+22896685881
+22896685882
+22896685883
+22896685884
+22896685886
+22896685887
+22896685888
+22896685889
+22896685890
+22896685891
+22896685892
+22896685893
+22896685894
+22896685895
+22896685896
+22896685899
+22896685900
+22896685901
+22896685902
+22896685903
+22896685904
+22896685905
+22896685906
+22896685907
+22896685908
+22896685909
+22896685910
+22896685911
+22896685912
+22896685913
+22896685914
+22896685915
+22896685916
+22896685917
+22896685918
+22896685919
+22896685920
+22896685921
+22896685922
+22896685923
+22896685924
+22896685925
+22896685926
+22896685927
+22896685929
+22896685930
+22896685931
+22896685932
+22896685934
+22896685935
+22896685936
+22896685937
+22896685938
+22896685939
+22896685940
+22896685941
+22896685942
+22896685943
+22896685944
+22896685945
+22896685946
+22896685949
+22896685950
+22896685951
+22896685952
+22896685953
+22896685954
+22896685955
+22896685956
+22896685957
+22896685959
+22896685960
+22896685961
+22896685962
+22896685963
+22896685964
+22896685965
+22896685966
+22896685967
+22896685968
+22896685969
+22896685970
+22896685972
+22896685973
+22896685974
+22896685975
+22896685976
+22896685977
+22896685978
+22896685979
+22896685981
+22896685982
+22896685983
+22896685984
+22896685985
+22896685986
+22896685987
+22896685988
+22896685989
+22896685990
+22896685991
+22896685992
+22896685993
+22896685994
+22896685995
+22896685996
+22896685997
+22896685998
+22896686000
+22896686001
+22896686004
+22896686005
+22896686006
+22896686007
+22896686009
+22896686010
+22896686011
+22896686012
+22896686013
+22896686016
+22896686018
+22896686019
+22896686020
+22896686021
+22896686023
+22896686024
+22896686026
+22896686027
+22896686028
+22896686029
+22896686030
+22896686031
+22896686032
+22896686033
+22896686034
+22896686035
+22896686036
+22896686037
+22896686039
+22896686040
+22896686041
+22896686042
+22896686043
+22896686044
+22896686045
+22896686046
+22896686047
+22896686048
+22896686050
+22896686051
+22896686052
+22896686053
+22896686054
+22896686055
+22896686056
+22896686057
+22896686058
+22896686060
+22896686061
+22896686062
+22896686063
+22896686064
+22896686065
+22896686066
+22896686067
+22896686068
+22896686069
+22896686070
+22896686071
+22896686072
+22896686075
+22896686076
+22896686077
+22896686078
+22896686081
+22896686082
+22896686083
+22896686084
+22896686085
+22896686086
+22896686087
+22896686088
+22896686091
+22896686092
+22896686093
+22896686094
+22896686095
+22896686096
+22896686097
+22896686098
+22896686100
+22896686101
+22896686102
+22896686103
+22896686105
+22896686106
+22896686108
+22896686109
+22896686110
+22896686111
+22896686112
+22896686113
+22896686114
+22896686115
+22896686117
+22896686118
+22896686119
+22896686121
+22896686123
+22896686124
+22896686125
+22896686126
+22896686127
+22896686128
+22896686129
+22896686131
+22896686132
+22896686133
+22896686134
+22896686135
+22896686136
+22896686137
+22896686138
+22896686139
+22896686140
+22896686141
+22896686142
+22896686143
+22896686144
+22896686145
+22896686146
+22896686147
+22896686148
+22896686150
+22896686152
+22896686154
+22896686155
+22896686156
+22896686157
+22896686160
+22896686161
+22896686162
+22896686163
+22896686164
+22896686165
+22896686166
+22896686167
+22896686168
+22896686170
+22896686171
+22896686172
+22896686173
+22896686174
+22896686175
+22896686177
+22896686178
+22896686180
+22896686181
+22896686182
+22896686183
+22896686184
+22896686185
+22896686186
+22896686187
+22896686188
+22896686189
+22896686191
+22896686192
+22896686193
+22896686194
+22896686195
+22896686196
+22896686197
+22896686198
+22896686199
+22896686200
+22896686201
+22896686203
+22896686204
+22896686205
+22896686206
+22896686207
+22896686208
+22896686210
+22896686211
+22896686212
+22896686213
+22896686214
+22896686215
+22896686217
+22896686218
+22896686219
+22896686221
+22896686222
+22896686223
+22896686224
+22896686225
+22896686226
+22896686227
+22896686228
+22896686230
+22896686231
+22896686232
+22896686233
+22896686234
+22896686235
+22896686237
+22896686238
+22896686239
+22896686241
+22896686242
+22896686243
+22896686245
+22896686246
+22896686247
+22896686248
+22896686250
+22896686251
+22896686252
+22896686255
+22896686256
+22896686257
+22896686258
+22896686259
+22896686260
+22896686261
+22896686262
+22896686263
+22896686265
+22896686266
+22896686267
+22896686268
+22896686269
+22896686270
+22896686275
+22896686276
+22896686278
+22896686279
+22896686280
+22896686281
+22896686282
+22896686283
+22896686284
+22896686285
+22896686286
+22896686287
+22896686288
+22896686289
+22896686290
+22896686291
+22896686293
+22896686294
+22896686296
+22896686297
+22896686298
+22896686299
+22896686300
+22896686301
+22896686302
+22896686303
+22896686304
+22896686305
+22896686307
+22896686308
+22896686309
+22896686310
+22896686311
+22896686312
+22896686313
+22896686314
+22896686315
+22896686317
+22896686318
+22896686319
+22896686320
+22896686321
+22896686322
+22896686323
+22896686324
+22896686327
+22896686328
+22896686329
+22896686330
+22896686331
+22896686332
+22896686334
+22896686335
+22896686337
+22896686338
+22896686339
+22896686340
+22896686341
+22896686342
+22896686343
+22896686344
+22896686345
+22896686346
+22896686347
+22896686348
+22896686349
+22896686350
+22896686352
+22896686353
+22896686354
+22896686355
+22896686357
+22896686358
+22896686359
+22896686360
+22896686361
+22896686362
+22896686363
+22896686364
+22896686365
+22896686366
+22896686367
+22896686368
+22896686370
+22896686371
+22896686372
+22896686373
+22896686374
+22896686378
+22896686379
+22896686380
+22896686381
+22896686382
+22896686383
+22896686384
+22896686386
+22896686387
+22896686388
+22896686389
+22896686390
+22896686391
+22896686392
+22896686393
+22896686394
+22896686395
+22896686396
+22896686397
+22896686398
+22896686400
+22896686401
+22896686402
+22896686403
+22896686404
+22896686405
+22896686406
+22896686408
+22896686409
+22896686410
+22896686411
+22896686412
+22896686413
+22896686414
+22896686415
+22896686416
+22896686417
+22896686418
+22896686419
+22896686420
+22896686421
+22896686423
+22896686424
+22896686425
+22896686426
+22896686427
+22896686428
+22896686429
+22896686430
+22896686431
+22896686432
+22896686433
+22896686435
+22896686436
+22896686437
+22896686438
+22896686439
+22896686440
+22896686441
+22896686442
+22896686443
+22896686445
+22896686446
+22896686448
+22896686450
+22896686451
+22896686452
+22896686453
+22896686454
+22896686455
+22896686456
+22896686457
+22896686458
+22896686459
+22896686462
+22896686463
+22896686464
+22896686465
+22896686467
+22896686468
+22896686469
+22896686471
+22896686472
+22896686473
+22896686475
+22896686476
+22896686477
+22896686478
+22896686480
+22896686481
+22896686482
+22896686483
+22896686484
+22896686486
+22896686487
+22896686488
+22896686489
+22896686490
+22896686491
+22896686492
+22896686495
+22896686496
+22896686498
+22896686500
+22896686502
+22896686503
+22896686504
+22896686505
+22896686506
+22896686507
+22896686508
+22896686509
+22896686511
+22896686512
+22896686514
+22896686516
+22896686519
+22896686520
+22896686521
+22896686522
+22896686525
+22896686526
+22896686528
+22896686529
+22896686531
+22896686532
+22896686533
+22896686534
+22896686536
+22896686537
+22896686538
+22896686539
+22896686541
+22896686542
+22896686543
+22896686545
+22896686546
+22896686547
+22896686548
+22896686549
+22896686550
+22896686552
+22896686553
+22896686554
+22896686555
+22896686556
+22896686557
+22896686558
+22896686559
+22896686560
+22896686562
+22896686563
+22896686564
+22896686565
+22896686567
+22896686568
+22896686569
+22896686570
+22896686573
+22896686574
+22896686575
+22896686577
+22896686578
+22896686579
+22896686580
+22896686581
+22896686582
+22896686584
+22896686587
+22896686588
+22896686589
+22896686590
+22896686591
+22896686592
+22896686593
+22896686594
+22896686595
+22896686598
+22896686600
+22896686601
+22896686602
+22896686603
+22896686604
+22896686605
+22896686606
+22896686607
+22896686608
+22896686609
+22896686610
+22896686611
+22896686612
+22896686613
+22896686614
+22896686615
+22896686616
+22896686617
+22896686618
+22896686619
+22896686620
+22896686621
+22896686622
+22896686623
+22896686625
+22896686626
+22896686627
+22896686628
+22896686629
+22896686630
+22896686631
+22896686632
+22896686633
+22896686634
+22896686635
+22896686636
+22896686637
+22896686638
+22896686640
+22896686641
+22896686643
+22896686644
+22896686645
+22896686646
+22896686647
+22896686648
+22896686649
+22896686652
+22896686654
+22896686655
+22896686657
+22896686658
+22896686660
+22896686661
+22896686662
+22896686663
+22896686665
+22896686667
+22896686668
+22896686669
+22896686670
+22896686671
+22896686672
+22896686673
+22896686674
+22896686675
+22896686676
+22896686677
+22896686678
+22896686679
+22896686680
+22896686682
+22896686683
+22896686684
+22896686685
+22896686686
+22896686687
+22896686689
+22896686691
+22896686694
+22896686695
+22896686696
+22896686697
+22896686698
+22896686699
+22896686700
+22896686701
+22896686703
+22896686704
+22896686705
+22896686706
+22896686707
+22896686708
+22896686712
+22896686713
+22896686714
+22896686715
+22896686716
+22896686717
+22896686718
+22896686719
+22896686720
+22896686722
+22896686723
+22896686724
+22896686725
+22896686726
+22896686727
+22896686729
+22896686730
+22896686731
+22896686732
+22896686733
+22896686734
+22896686735
+22896686736
+22896686737
+22896686738
+22896686739
+22896686740
+22896686741
+22896686742
+22896686743
+22896686744
+22896686745
+22896686746
+22896686747
+22896686748
+22896686749
+22896686750
+22896686751
+22896686753
+22896686754
+22896686755
+22896686756
+22896686758
+22896686759
+22896686760
+22896686761
+22896686762
+22896686763
+22896686764
+22896686765
+22896686766
+22896686767
+22896686769
+22896686770
+22896686771
+22896686772
+22896686773
+22896686774
+22896686775
+22896686776
+22896686777
+22896686778
+22896686780
+22896686782
+22896686784
+22896686785
+22896686787
+22896686788
+22896686789
+22896686791
+22896686792
+22896686793
+22896686794
+22896686796
+22896686798
+22896686799
+22896686800
+22896686801
+22896686802
+22896686803
+22896686804
+22896686805
+22896686806
+22896686808
+22896686809
+22896686810
+22896686811
+22896686812
+22896686813
+22896686814
+22896686815
+22896686816
+22896686817
+22896686818
+22896686819
+22896686820
+22896686821
+22896686822
+22896686825
+22896686826
+22896686828
+22896686829
+22896686830
+22896686831
+22896686832
+22896686833
+22896686834
+22896686835
+22896686836
+22896686837
+22896686838
+22896686839
+22896686840
+22896686841
+22896686842
+22896686843
+22896686844
+22896686845
+22896686846
+22896686847
+22896686849
+22896686850
+22896686852
+22896686854
+22896686855
+22896686857
+22896686858
+22896686859
+22896686860
+22896686861
+22896686862
+22896686863
+22896686864
+22896686865
+22896686867
+22896686868
+22896686869
+22896686870
+22896686871
+22896686872
+22896686873
+22896686875
+22896686876
+22896686878
+22896686879
+22896686880
+22896686881
+22896686882
+22896686884
+22896686885
+22896686886
+22896686887
+22896686888
+22896686889
+22896686890
+22896686891
+22896686892
+22896686893
+22896686894
+22896686895
+22896686897
+22896686898
+22896686900
+22896686901
+22896686902
+22896686903
+22896686905
+22896686909
+22896686910
+22896686913
+22896686914
+22896686915
+22896686916
+22896686917
+22896686918
+22896686919
+22896686920
+22896686921
+22896686922
+22896686923
+22896686924
+22896686925
+22896686928
+22896686929
+22896686930
+22896686931
+22896686932
+22896686933
+22896686934
+22896686935
+22896686936
+22896686937
+22896686938
+22896686939
+22896686940
+22896686941
+22896686942
+22896686944
+22896686945
+22896686946
+22896686947
+22896686948
+22896686950
+22896686952
+22896686953
+22896686954
+22896686955
+22896686957
+22896686958
+22896686959
+22896686960
+22896686961
+22896686963
+22896686964
+22896686965
+22896686966
+22896686968
+22896686969
+22896686971
+22896686972
+22896686973
+22896686974
+22896686975
+22896686976
+22896686977
+22896686978
+22896686979
+22896686980
+22896686981
+22896686982
+22896686983
+22896686984
+22896686985
+22896686986
+22896686987
+22896686988
+22896686989
+22896686990
+22896686991
+22896686992
+22896686993
+22896686994
+22896686995
+22896686996
+22896687000
+22896687001
+22896687002
+22896687006
+22896687007
+22896687008
+22896687009
+22896687010
+22896687011
+22896687012
+22896687013
+22896687014
+22896687015
+22896687016
+22896687017
+22896687018
+22896687019
+22896687020
+22896687021
+22896687022
+22896687023
+22896687024
+22896687026
+22896687027
+22896687028
+22896687029
+22896687030
+22896687031
+22896687033
+22896687034
+22896687035
+22896687037
+22896687038
+22896687039
+22896687040
+22896687041
+22896687042
+22896687043
+22896687044
+22896687045
+22896687046
+22896687047
+22896687048
+22896687049
+22896687050
+22896687051
+22896687052
+22896687053
+22896687055
+22896687056
+22896687057
+22896687058
+22896687059
+22896687060
+22896687061
+22896687063
+22896687064
+22896687065
+22896687066
+22896687067
+22896687068
+22896687069
+22896687070
+22896687072
+22896687073
+22896687075
+22896687076
+22896687077
+22896687078
+22896687079
+22896687080
+22896687081
+22896687082
+22896687083
+22896687084
+22896687085
+22896687086
+22896687087
+22896687088
+22896687089
+22896687090
+22896687091
+22896687092
+22896687093
+22896687096
+22896687098
+22896687099
+22896687102
+22896687103
+22896687105
+22896687106
+22896687107
+22896687108
+22896687109
+22896687110
+22896687111
+22896687112
+22896687113
+22896687115
+22896687116
+22896687117
+22896687119
+22896687120
+22896687121
+22896687122
+22896687123
+22896687124
+22896687127
+22896687128
+22896687130
+22896687131
+22896687132
+22896687133
+22896687134
+22896687135
+22896687136
+22896687137
+22896687138
+22896687139
+22896687141
+22896687142
+22896687143
+22896687146
+22896687147
+22896687148
+22896687150
+22896687152
+22896687153
+22896687154
+22896687155
+22896687157
+22896687158
+22896687159
+22896687160
+22896687161
+22896687162
+22896687164
+22896687165
+22896687166
+22896687167
+22896687168
+22896687169
+22896687170
+22896687172
+22896687173
+22896687174
+22896687175
+22896687176
+22896687177
+22896687178
+22896687179
+22896687180
+22896687181
+22896687182
+22896687183
+22896687184
+22896687185
+22896687186
+22896687187
+22896687188
+22896687189
+22896687190
+22896687191
+22896687192
+22896687193
+22896687194
+22896687195
+22896687196
+22896687197
+22896687198
+22896687199
+22896687200
+22896687201
+22896687202
+22896687203
+22896687204
+22896687206
+22896687207
+22896687209
+22896687210
+22896687211
+22896687212
+22896687213
+22896687215
+22896687216
+22896687217
+22896687218
+22896687219
+22896687220
+22896687221
+22896687222
+22896687224
+22896687225
+22896687228
+22896687229
+22896687230
+22896687231
+22896687233
+22896687234
+22896687235
+22896687236
+22896687237
+22896687238
+22896687239
+22896687240
+22896687242
+22896687243
+22896687244
+22896687246
+22896687248
+22896687249
+22896687250
+22896687253
+22896687254
+22896687256
+22896687257
+22896687258
+22896687259
+22896687260
+22896687261
+22896687262
+22896687263
+22896687264
+22896687265
+22896687266
+22896687267
+22896687268
+22896687269
+22896687270
+22896687271
+22896687272
+22896687274
+22896687275
+22896687276
+22896687277
+22896687278
+22896687280
+22896687281
+22896687283
+22896687284
+22896687285
+22896687287
+22896687288
+22896687289
+22896687290
+22896687291
+22896687292
+22896687293
+22896687294
+22896687295
+22896687296
+22896687298
+22896687299
+22896687300
+22896687301
+22896687302
+22896687303
+22896687304
+22896687305
+22896687307
+22896687308
+22896687309
+22896687310
+22896687311
+22896687312
+22896687313
+22896687314
+22896687315
+22896687316
+22896687317
+22896687318
+22896687319
+22896687320
+22896687321
+22896687322
+22896687323
+22896687324
+22896687325
+22896687327
+22896687328
+22896687329
+22896687330
+22896687331
+22896687332
+22896687333
+22896687337
+22896687338
+22896687339
+22896687340
+22896687341
+22896687342
+22896687343
+22896687344
+22896687346
+22896687348
+22896687351
+22896687352
+22896687353
+22896687354
+22896687356
+22896687357
+22896687358
+22896687359
+22896687360
+22896687361
+22896687362
+22896687363
+22896687364
+22896687365
+22896687366
+22896687368
+22896687369
+22896687370
+22896687371
+22896687372
+22896687373
+22896687374
+22896687375
+22896687377
+22896687378
+22896687379
+22896687380
+22896687381
+22896687382
+22896687383
+22896687384
+22896687385
+22896687386
+22896687387
+22896687388
+22896687389
+22896687390
+22896687391
+22896687392
+22896687393
+22896687394
+22896687395
+22896687396
+22896687397
+22896687399
+22896687400
+22896687401
+22896687402
+22896687404
+22896687405
+22896687406
+22896687407
+22896687408
+22896687409
+22896687410
+22896687412
+22896687413
+22896687414
+22896687416
+22896687417
+22896687418
+22896687420
+22896687421
+22896687422
+22896687423
+22896687424
+22896687425
+22896687426
+22896687427
+22896687428
+22896687429
+22896687430
+22896687431
+22896687432
+22896687433
+22896687434
+22896687436
+22896687437
+22896687438
+22896687440
+22896687441
+22896687442
+22896687443
+22896687444
+22896687445
+22896687446
+22896687447
+22896687448
+22896687450
+22896687451
+22896687452
+22896687454
+22896687455
+22896687456
+22896687457
+22896687458
+22896687459
+22896687461
+22896687462
+22896687463
+22896687464
+22896687465
+22896687468
+22896687469
+22896687470
+22896687471
+22896687472
+22896687473
+22896687474
+22896687475
+22896687476
+22896687477
+22896687478
+22896687479
+22896687480
+22896687481
+22896687482
+22896687483
+22896687484
+22896687485
+22896687487
+22896687488
+22896687489
+22896687490
+22896687491
+22896687492
+22896687494
+22896687495
+22896687496
+22896687497
+22896687498
+22896687499
+22896687500
+22896687501
+22896687502
+22896687503
+22896687504
+22896687505
+22896687506
+22896687507
+22896687508
+22896687509
+22896687510
+22896687511
+22896687512
+22896687513
+22896687514
+22896687515
+22896687517
+22896687518
+22896687519
+22896687520
+22896687521
+22896687522
+22896687523
+22896687524
+22896687525
+22896687526
+22896687527
+22896687529
+22896687530
+22896687531
+22896687534
+22896687535
+22896687536
+22896687537
+22896687538
+22896687539
+22896687540
+22896687541
+22896687542
+22896687543
+22896687544
+22896687545
+22896687547
+22896687549
+22896687550
+22896687551
+22896687553
+22896687555
+22896687556
+22896687557
+22896687559
+22896687560
+22896687561
+22896687562
+22896687563
+22896687564
+22896687565
+22896687566
+22896687567
+22896687568
+22896687569
+22896687570
+22896687572
+22896687573
+22896687574
+22896687575
+22896687576
+22896687577
+22896687578
+22896687579
+22896687580
+22896687582
+22896687583
+22896687584
+22896687585
+22896687586
+22896687587
+22896687588
+22896687589
+22896687590
+22896687591
+22896687593
+22896687594
+22896687595
+22896687596
+22896687597
+22896687598
+22896687599
+22896687601
+22896687603
+22896687604
+22896687607
+22896687608
+22896687609
+22896687610
+22896687612
+22896687613
+22896687615
+22896687616
+22896687617
+22896687618
+22896687619
+22896687620
+22896687621
+22896687622
+22896687624
+22896687625
+22896687626
+22896687629
+22896687633
+22896687634
+22896687635
+22896687636
+22896687637
+22896687639
+22896687640
+22896687641
+22896687642
+22896687643
+22896687645
+22896687646
+22896687647
+22896687648
+22896687649
+22896687650
+22896687651
+22896687652
+22896687653
+22896687654
+22896687655
+22896687656
+22896687657
+22896687658
+22896687659
+22896687660
+22896687661
+22896687662
+22896687663
+22896687665
+22896687666
+22896687667
+22896687668
+22896687669
+22896687670
+22896687673
+22896687674
+22896687675
+22896687676
+22896687677
+22896687678
+22896687679
+22896687680
+22896687681
+22896687682
+22896687683
+22896687684
+22896687685
+22896687686
+22896687688
+22896687689
+22896687690
+22896687691
+22896687692
+22896687693
+22896687695
+22896687696
+22896687697
+22896687698
+22896687700
+22896687701
+22896687703
+22896687704
+22896687705
+22896687706
+22896687707
+22896687708
+22896687709
+22896687711
+22896687712
+22896687713
+22896687715
+22896687716
+22896687717
+22896687718
+22896687719
+22896687720
+22896687721
+22896687722
+22896687723
+22896687724
+22896687725
+22896687726
+22896687727
+22896687728
+22896687729
+22896687731
+22896687733
+22896687734
+22896687735
+22896687737
+22896687738
+22896687740
+22896687741
+22896687742
+22896687743
+22896687744
+22896687748
+22896687749
+22896687750
+22896687752
+22896687753
+22896687754
+22896687755
+22896687756
+22896687757
+22896687758
+22896687759
+22896687760
+22896687762
+22896687763
+22896687765
+22896687766
+22896687767
+22896687768
+22896687769
+22896687771
+22896687772
+22896687773
+22896687774
+22896687776
+22896687777
+22896687778
+22896687779
+22896687780
+22896687781
+22896687783
+22896687784
+22896687785
+22896687787
+22896687789
+22896687790
+22896687792
+22896687794
+22896687797
+22896687798
+22896687800
+22896687801
+22896687802
+22896687805
+22896687806
+22896687807
+22896687808
+22896687809
+22896687810
+22896687811
+22896687812
+22896687813
+22896687815
+22896687816
+22896687817
+22896687819
+22896687820
+22896687821
+22896687822
+22896687824
+22896687825
+22896687826
+22896687827
+22896687828
+22896687829
+22896687830
+22896687831
+22896687832
+22896687834
+22896687836
+22896687838
+22896687839
+22896687840
+22896687841
+22896687842
+22896687844
+22896687845
+22896687846
+22896687847
+22896687849
+22896687850
+22896687851
+22896687852
+22896687853
+22896687854
+22896687856
+22896687857
+22896687858
+22896687860
+22896687861
+22896687862
+22896687863
+22896687864
+22896687865
+22896687866
+22896687867
+22896687868
+22896687871
+22896687872
+22896687873
+22896687874
+22896687875
+22896687876
+22896687877
+22896687878
+22896687879
+22896687880
+22896687881
+22896687882
+22896687883
+22896687884
+22896687885
+22896687886
+22896687887
+22896687888
+22896687889
+22896687890
+22896687893
+22896687894
+22896687895
+22896687896
+22896687897
+22896687898
+22896687899
+22896687900
+22896687901
+22896687903
+22896687904
+22896687905
+22896687906
+22896687907
+22896687908
+22896687909
+22896687910
+22896687912
+22896687913
+22896687914
+22896687915
+22896687916
+22896687917
+22896687918
+22896687920
+22896687921
+22896687923
+22896687925
+22896687927
+22896687928
+22896687929
+22896687930
+22896687931
+22896687932
+22896687933
+22896687934
+22896687935
+22896687936
+22896687937
+22896687939
+22896687940
+22896687941
+22896687942
+22896687943
+22896687944
+22896687945
+22896687946
+22896687947
+22896687948
+22896687949
+22896687950
+22896687952
+22896687953
+22896687957
+22896687958
+22896687959
+22896687960
+22896687961
+22896687962
+22896687963
+22896687964
+22896687965
+22896687966
+22896687968
+22896687969
+22896687970
+22896687971
+22896687973
+22896687974
+22896687975
+22896687978
+22896687979
+22896687980
+22896687981
+22896687982
+22896687983
+22896687984
+22896687986
+22896687987
+22896687988
+22896687989
+22896687990
+22896687991
+22896687992
+22896687993
+22896687994
+22896687995
+22896687996
+22896687997
+22896687998
+22896687999
+22896688000
+22896688001
+22896688002
+22896688003
+22896688004
+22896688005
+22896688007
+22896688008
+22896688009
+22896688010
+22896688011
+22896688013
+22896688014
+22896688016
+22896688017
+22896688018
+22896688019
+22896688021
+22896688023
+22896688024
+22896688025
+22896688026
+22896688029
+22896688030
+22896688031
+22896688032
+22896688033
+22896688034
+22896688035
+22896688036
+22896688037
+22896688038
+22896688040
+22896688041
+22896688042
+22896688044
+22896688047
+22896688050
+22896688051
+22896688052
+22896688053
+22896688054
+22896688055
+22896688056
+22896688057
+22896688058
+22896688059
+22896688062
+22896688063
+22896688064
+22896688065
+22896688066
+22896688067
+22896688068
+22896688069
+22896688070
+22896688072
+22896688073
+22896688074
+22896688076
+22896688077
+22896688078
+22896688079
+22896688080
+22896688081
+22896688082
+22896688083
+22896688084
+22896688085
+22896688086
+22896688087
+22896688088
+22896688089
+22896688090
+22896688091
+22896688092
+22896688094
+22896688095
+22896688096
+22896688097
+22896688101
+22896688102
+22896688103
+22896688104
+22896688106
+22896688107
+22896688108
+22896688109
+22896688111
+22896688112
+22896688113
+22896688114
+22896688117
+22896688118
+22896688119
+22896688120
+22896688121
+22896688123
+22896688124
+22896688126
+22896688128
+22896688130
+22896688133
+22896688134
+22896688135
+22896688137
+22896688138
+22896688139
+22896688141
+22896688142
+22896688143
+22896688144
+22896688145
+22896688146
+22896688148
+22896688149
+22896688150
+22896688152
+22896688155
+22896688156
+22896688157
+22896688158
+22896688159
+22896688160
+22896688161
+22896688162
+22896688163
+22896688164
+22896688165
+22896688166
+22896688167
+22896688168
+22896688170
+22896688172
+22896688174
+22896688175
+22896688177
+22896688178
+22896688180
+22896688182
+22896688183
+22896688184
+22896688185
+22896688186
+22896688187
+22896688188
+22896688189
+22896688190
+22896688191
+22896688192
+22896688193
+22896688194
+22896688196
+22896688197
+22896688198
+22896688199
+22896688200
+22896688201
+22896688203
+22896688204
+22896688206
+22896688207
+22896688208
+22896688209
+22896688210
+22896688211
+22896688212
+22896688213
+22896688215
+22896688216
+22896688217
+22896688218
+22896688219
+22896688220
+22896688221
+22896688222
+22896688223
+22896688224
+22896688225
+22896688226
+22896688227
+22896688229
+22896688230
+22896688231
+22896688232
+22896688233
+22896688234
+22896688237
+22896688239
+22896688240
+22896688241
+22896688242
+22896688244
+22896688245
+22896688246
+22896688247
+22896688248
+22896688249
+22896688251
+22896688254
+22896688255
+22896688256
+22896688257
+22896688258
+22896688259
+22896688261
+22896688262
+22896688264
+22896688265
+22896688266
+22896688267
+22896688268
+22896688269
+22896688270
+22896688271
+22896688272
+22896688273
+22896688274
+22896688275
+22896688276
+22896688277
+22896688278
+22896688279
+22896688280
+22896688281
+22896688283
+22896688284
+22896688285
+22896688287
+22896688288
+22896688289
+22896688290
+22896688291
+22896688292
+22896688293
+22896688294
+22896688296
+22896688297
+22896688298
+22896688300
+22896688301
+22896688302
+22896688303
+22896688304
+22896688305
+22896688307
+22896688308
+22896688309
+22896688310
+22896688311
+22896688312
+22896688314
+22896688315
+22896688316
+22896688317
+22896688318
+22896688319
+22896688320
+22896688321
+22896688322
+22896688323
+22896688324
+22896688325
+22896688326
+22896688327
+22896688328
+22896688329
+22896688330
+22896688331
+22896688332
+22896688333
+22896688334
+22896688335
+22896688336
+22896688339
+22896688342
+22896688343
+22896688345
+22896688346
+22896688348
+22896688349
+22896688350
+22896688351
+22896688352
+22896688353
+22896688354
+22896688355
+22896688357
+22896688358
+22896688360
+22896688361
+22896688362
+22896688363
+22896688364
+22896688365
+22896688366
+22896688367
+22896688368
+22896688369
+22896688370
+22896688371
+22896688372
+22896688373
+22896688374
+22896688375
+22896688376
+22896688377
+22896688380
+22896688381
+22896688382
+22896688384
+22896688385
+22896688387
+22896688394
+22896688395
+22896688396
+22896688397
+22896688398
+22896688399
+22896688400
+22896688402
+22896688403
+22896688404
+22896688405
+22896688406
+22896688408
+22896688410
+22896688411
+22896688412
+22896688413
+22896688415
+22896688416
+22896688417
+22896688418
+22896688420
+22896688421
+22896688422
+22896688423
+22896688424
+22896688425
+22896688426
+22896688427
+22896688428
+22896688429
+22896688430
+22896688431
+22896688432
+22896688433
+22896688435
+22896688436
+22896688438
+22896688439
+22896688441
+22896688442
+22896688444
+22896688445
+22896688446
+22896688447
+22896688448
+22896688449
+22896688450
+22896688451
+22896688452
+22896688453
+22896688454
+22896688455
+22896688457
+22896688459
+22896688461
+22896688462
+22896688463
+22896688464
+22896688465
+22896688466
+22896688467
+22896688468
+22896688469
+22896688470
+22896688471
+22896688472
+22896688473
+22896688474
+22896688475
+22896688476
+22896688477
+22896688478
+22896688479
+22896688480
+22896688481
+22896688482
+22896688483
+22896688484
+22896688485
+22896688486
+22896688487
+22896688489
+22896688490
+22896688492
+22896688493
+22896688494
+22896688495
+22896688496
+22896688497
+22896688498
+22896688499
+22896688500
+22896688501
+22896688502
+22896688503
+22896688505
+22896688508
+22896688509
+22896688510
+22896688511
+22896688513
+22896688514
+22896688515
+22896688516
+22896688517
+22896688518
+22896688520
+22896688521
+22896688522
+22896688524
+22896688525
+22896688526
+22896688527
+22896688530
+22896688534
+22896688535
+22896688543
+22896688544
+22896688545
+22896688549
+22896688554
+22896688558
+22896688559
+22896688561
+22896688563
+22896688571
+22896688573
+22896688574
+22896688575
+22896688578
+22896688579
+22896688580
+22896688582
+22896688583
+22896688589
+22896688590
+22896688592
+22896688594
+22896688597
+22896688601
+22896688604
+22896688608
+22896688609
+22896688610
+22896688612
+22896688619
+22896688624
+22896688627
+22896688630
+22896688634
+22896688640
+22896688642
+22896688649
+22896688651
+22896688653
+22896688656
+22896688658
+22896688659
+22896688661
+22896688663
+22896688666
+22896688667
+22896688673
+22896688676
+22896688679
+22896688684
+22896688685
+22896688686
+22896688687
+22896688689
+22896688696
+22896688700
+22896688704
+22896688709
+22896688710
+22896688711
+22896688714
+22896688715
+22896688716
+22896688718
+22896688719
+22896688720
+22896688723
+22896688725
+22896688726
+22896688729
+22896688734
+22896688735
+22896688736
+22896688737
+22896688740
+22896688744
+22896688747
+22896688748
+22896688749
+22896688751
+22896688752
+22896688753
+22896688760
+22896688761
+22896688762
+22896688765
+22896688768
+22896688774
+22896688777
+22896688778
+22896688782
+22896688783
+22896688784
+22896688786
+22896688789
+22896688790
+22896688791
+22896688794
+22896688795
+22896688798
+22896688799
+22896688803
+22896688808
+22896688809
+22896688812
+22896688816
+22896688820
+22896688824
+22896688828
+22896688829
+22896688834
+22896688837
+22896688839
+22896688844
+22896688845
+22896688846
+22896688849
+22896688850
+22896688851
+22896688853
+22896688854
+22896688855
+22896688856
+22896688860
+22896688864
+22896688873
+22896688874
+22896688876
+22896688877
+22896688878
+22896688879
+22896688884
+22896688889
+22896688890
+22896688892
+22896688894
+22896688912
+22896688914
+22896688921
+22896688922
+22896688923
+22896688926
+22896688927
+22896688929
+22896688932
+22896688939
+22896688948
+22896688950
+22896688954
+22896688958
+22896688960
+22896688963
+22896688965
+22896688967
+22896688970
+22896688975
+22896688977
+22896688978
+22896688993
+22896688994
+22896688996
+22896688997
+22896688999
+22896689002
+22896689003
+22896689004
+22896689006
+22896689007
+22896689009
+22896689010
+22896689011
+22896689012
+22896689013
+22896689014
+22896689015
+22896689018
+22896689020
+22896689021
+22896689022
+22896689023
+22896689024
+22896689027
+22896689028
+22896689029
+22896689030
+22896689031
+22896689033
+22896689034
+22896689035
+22896689036
+22896689037
+22896689038
+22896689039
+22896689040
+22896689041
+22896689042
+22896689046
+22896689047
+22896689049
+22896689050
+22896689051
+22896689052
+22896689054
+22896689056
+22896689057
+22896689058
+22896689059
+22896689060
+22896689061
+22896689062
+22896689063
+22896689064
+22896689066
+22896689067
+22896689068
+22896689069
+22896689071
+22896689072
+22896689073
+22896689076
+22896689078
+22896689079
+22896689081
+22896689083
+22896689084
+22896689086
+22896689087
+22896689088
+22896689089
+22896689092
+22896689093
+22896689094
+22896689096
+22896689097
+22896689098
+22896689101
+22896689102
+22896689103
+22896689104
+22896689107
+22896689109
+22896689113
+22896689114
+22896689115
+22896689117
+22896689118
+22896689119
+22896689120
+22896689121
+22896689122
+22896689123
+22896689124
+22896689125
+22896689126
+22896689127
+22896689128
+22896689129
+22896689130
+22896689131
+22896689132
+22896689134
+22896689135
+22896689138
+22896689139
+22896689140
+22896689141
+22896689142
+22896689143
+22896689144
+22896689145
+22896689146
+22896689147
+22896689149
+22896689151
+22896689152
+22896689154
+22896689155
+22896689156
+22896689159
+22896689160
+22896689162
+22896689164
+22896689165
+22896689166
+22896689167
+22896689168
+22896689169
+22896689170
+22896689171
+22896689172
+22896689173
+22896689174
+22896689175
+22896689176
+22896689177
+22896689178
+22896689180
+22896689181
+22896689182
+22896689183
+22896689185
+22896689186
+22896689187
+22896689188
+22896689189
+22896689190
+22896689191
+22896689192
+22896689193
+22896689194
+22896689195
+22896689196
+22896689197
+22896689198
+22896689199
+22896689200
+22896689202
+22896689204
+22896689206
+22896689208
+22896689209
+22896689210
+22896689211
+22896689212
+22896689213
+22896689214
+22896689215
+22896689216
+22896689217
+22896689218
+22896689219
+22896689222
+22896689223
+22896689225
+22896689226
+22896689227
+22896689228
+22896689230
+22896689231
+22896689232
+22896689235
+22896689236
+22896689237
+22896689238
+22896689239
+22896689240
+22896689241
+22896689242
+22896689243
+22896689244
+22896689245
+22896689246
+22896689249
+22896689250
+22896689251
+22896689254
+22896689256
+22896689257
+22896689258
+22896689259
+22896689260
+22896689261
+22896689263
+22896689264
+22896689266
+22896689267
+22896689268
+22896689269
+22896689270
+22896689271
+22896689272
+22896689273
+22896689274
+22896689275
+22896689276
+22896689277
+22896689278
+22896689279
+22896689280
+22896689282
+22896689284
+22896689285
+22896689286
+22896689287
+22896689290
+22896689291
+22896689293
+22896689296
+22896689298
+22896689299
+22896689300
+22896689301
+22896689302
+22896689303
+22896689304
+22896689305
+22896689306
+22896689307
+22896689308
+22896689309
+22896689310
+22896689311
+22896689312
+22896689313
+22896689314
+22896689315
+22896689316
+22896689317
+22896689318
+22896689319
+22896689320
+22896689321
+22896689322
+22896689323
+22896689326
+22896689327
+22896689328
+22896689330
+22896689331
+22896689332
+22896689333
+22896689335
+22896689336
+22896689337
+22896689338
+22896689339
+22896689340
+22896689341
+22896689342
+22896689343
+22896689345
+22896689346
+22896689348
+22896689349
+22896689350
+22896689352
+22896689353
+22896689354
+22896689355
+22896689356
+22896689357
+22896689358
+22896689359
+22896689360
+22896689361
+22896689362
+22896689367
+22896689368
+22896689369
+22896689370
+22896689371
+22896689372
+22896689373
+22896689374
+22896689375
+22896689377
+22896689378
+22896689379
+22896689380
+22896689381
+22896689382
+22896689383
+22896689384
+22896689385
+22896689386
+22896689387
+22896689388
+22896689389
+22896689390
+22896689391
+22896689392
+22896689393
+22896689394
+22896689395
+22896689396
+22896689397
+22896689398
+22896689399
+22896689400
+22896689401
+22896689402
+22896689403
+22896689404
+22896689405
+22896689407
+22896689408
+22896689409
+22896689410
+22896689411
+22896689413
+22896689415
+22896689418
+22896689419
+22896689420
+22896689421
+22896689422
+22896689423
+22896689426
+22896689427
+22896689428
+22896689429
+22896689430
+22896689431
+22896689432
+22896689433
+22896689434
+22896689435
+22896689438
+22896689440
+22896689441
+22896689442
+22896689443
+22896689445
+22896689447
+22896689448
+22896689450
+22896689451
+22896689452
+22896689453
+22896689455
+22896689456
+22896689459
+22896689462
+22896689463
+22896689464
+22896689465
+22896689466
+22896689467
+22896689468
+22896689469
+22896689470
+22896689471
+22896689473
+22896689474
+22896689475
+22896689476
+22896689477
+22896689479
+22896689481
+22896689482
+22896689483
+22896689484
+22896689485
+22896689486
+22896689487
+22896689488
+22896689489
+22896689490
+22896689491
+22896689492
+22896689493
+22896689495
+22896689496
+22896689497
+22896689498
+22896689499
+22896689502
+22896689503
+22896689504
+22896689506
+22896689508
+22896689509
+22896689511
+22896689512
+22896689513
+22896689515
+22896689516
+22896689517
+22896689518
+22896689519
+22896689520
+22896689521
+22896689522
+22896689525
+22896689527
+22896689528
+22896689529
+22896689530
+22896689531
+22896689533
+22896689535
+22896689536
+22896689537
+22896689538
+22896689539
+22896689540
+22896689541
+22896689542
+22896689544
+22896689546
+22896689547
+22896689548
+22896689549
+22896689550
+22896689552
+22896689553
+22896689554
+22896689556
+22896689557
+22896689558
+22896689559
+22896689560
+22896689563
+22896689564
+22896689566
+22896689567
+22896689568
+22896689569
+22896689570
+22896689572
+22896689573
+22896689574
+22896689575
+22896689576
+22896689577
+22896689582
+22896689583
+22896689586
+22896689595
+22896689598
+22896689600
+22896689608
+22896689620
+22896689627
+22896689628
+22896689632
+22896689634
+22896689635
+22896689636
+22896689637
+22896689639
+22896689640
+22896689644
+22896689646
+22896689651
+22896689653
+22896689657
+22896689658
+22896689659
+22896689661
+22896689666
+22896689670
+22896689673
+22896689676
+22896689679
+22896689680
+22896689682
+22896689683
+22896689685
+22896689688
+22896689689
+22896689693
+22896689702
+22896689703
+22896689710
+22896689727
+22896689730
+22896689731
+22896689734
+22896689735
+22896689737
+22896689740
+22896689745
+22896689746
+22896689754
+22896689755
+22896689761
+22896689763
+22896689767
+22896689768
+22896689772
+22896689773
+22896689776
+22896689777
+22896689778
+22896689779
+22896689783
+22896689784
+22896689791
+22896689794
+22896689795
+22896689798
+22896689804
+22896689807
+22896689812
+22896689814
+22896689820
+22896689824
+22896689825
+22896689827
+22896689833
+22896689838
+22896689840
+22896689844
+22896689846
+22896689851
+22896689853
+22896689854
+22896689855
+22896689858
+22896689859
+22896689863
+22896689866
+22896689868
+22896689874
+22896689875
+22896689876
+22896689877
+22896689879
+22896689880
+22896689882
+22896689888
+22896689890
+22896689894
+22896689901
+22896689906
+22896689908
+22896689912
+22896689918
+22896689921
+22896689923
+22896689929
+22896689931
+22896689933
+22896689939
+22896689946
+22896689947
+22896689948
+22896689951
+22896689957
+22896689963
+22896689964
+22896689965
+22896689966
+22896689967
+22896689969
+22896689980
+22896689981
+22896689982
+22896689983
+22896689984
+22896689987
+22896689990
+22896689993
+22896689996
+22896689997
+22896689998
+22899320000
+22899320002
+22899320003
+22899320005
+22899320015
+22899320017
+22899320020
+22899320022
+22899320024
+22899320025
+22899320030
+22899320031
+22899320036
+22899320038
+22899320043
+22899320044
+22899320047
+22899320048
+22899320049
+22899320055
+22899320057
+22899320067
+22899320073
+22899320074
+22899320075
+22899320076
+22899320078
+22899320081
+22899320083
+22899320086
+22899320087
+22899320089
+22899320096
+22899320098
+22899320099
+22899320102
+22899320103
+22899320105
+22899320108
+22899320111
+22899320113
+22899320118
+22899320119
+22899320122
+22899320126
+22899320130
+22899320131
+22899320132
+22899320133
+22899320139
+22899320140
+22899320141
+22899320152
+22899320154
+22899320158
+22899320166
+22899320171
+22899320173
+22899320179
+22899320191
+22899320192
+22899320194
+22899320196
+22899320199
+22899320201
+22899320205
+22899320206
+22899320212
+22899320213
+22899320221
+22899320222
+22899320224
+22899320231
+22899320233
+22899320234
+22899320236
+22899320238
+22899320241
+22899320242
+22899320245
+22899320246
+22899320251
+22899320252
+22899320260
+22899320261
+22899320263
+22899320268
+22899320272
+22899320277
+22899320283
+22899320287
+22899320289
+22899320291
+22899320293
+22899320299
+22899320304
+22899320305
+22899320309
+22899320311
+22899320317
+22899320318
+22899320319
+22899320320
+22899320324
+22899320325
+22899320328
+22899320333
+22899320334
+22899320338
+22899320339
+22899320343
+22899320348
+22899320359
+22899320364
+22899320365
+22899320367
+22899320368
+22899320383
+22899320387
+22899320396
+22899320397
+22899320400
+22899320406
+22899320408
+22899320415
+22899320419
+22899320420
+22899320421
+22899320423
+22899320432
+22899320433
+22899320435
+22899320446
+22899320447
+22899320450
+22899320453
+22899320456
+22899320467
+22899320474
+22899320487
+22899320488
+22899320496
+22899320497
+22899320500
+22899320504
+22899320505
+22899320510
+22899320515
+22899320516
+22899320519
+22899320522
+22899320525
+22899320527
+22899320528
+22899320532
+22899320536
+22899320539
+22899320544
+22899320545
+22899320548
+22899320550
+22899320552
+22899320553
+22899320555
+22899320556
+22899320558
+22899320566
+22899320572
+22899320582
+22899320583
+22899320584
+22899320589
+22899320590
+22899320600
+22899320601
+22899320608
+22899320609
+22899320612
+22899320619
+22899320621
+22899320626
+22899320632
+22899320634
+22899320635
+22899320636
+22899320638
+22899320639
+22899320640
+22899320641
+22899320647
+22899320650
+22899320655
+22899320657
+22899320666
+22899320667
+22899320670
+22899320677
+22899320679
+22899320684
+22899320692
+22899320693
+22899320694
+22899320697
+22899320698
+22899320699
+22899320700
+22899320706
+22899320712
+22899320715
+22899320730
+22899320734
+22899320738
+22899320739
+22899320742
+22899320746
+22899320749
+22899320752
+22899320758
+22899320760
+22899320762
+22899320763
+22899320765
+22899320767
+22899320769
+22899320771
+22899320776
+22899320784
+22899320788
+22899320794
+22899320796
+22899320798
+22899320800
+22899320812
+22899320813
+22899320814
+22899320815
+22899320816
+22899320819
+22899320820
+22899320822
+22899320823
+22899320827
+22899320828
+22899320829
+22899320831
+22899320846
+22899320847
+22899320849
+22899320852
+22899320859
+22899320861
+22899320862
+22899320872
+22899320874
+22899320876
+22899320878
+22899320879
+22899320884
+22899320885
+22899320886
+22899320892
+22899320894
+22899320896
+22899320899
+22899320900
+22899320901
+22899320905
+22899320912
+22899320913
+22899320924
+22899320928
+22899320930
+22899320932
+22899320934
+22899320935
+22899320944
+22899320945
+22899320947
+22899320948
+22899320949
+22899320951
+22899320953
+22899320954
+22899320959
+22899320964
+22899320967
+22899320973
+22899320975
+22899320977
+22899320982
+22899320985
+22899320987
+22899320991
+22899320992
+22899320994
+22899320999
+22899321000
+22899321002
+22899321003
+22899321005
+22899321010
+22899321011
+22899321013
+22899321015
+22899321017
+22899321028
+22899321034
+22899321036
+22899321038
+22899321043
+22899321044
+22899321046
+22899321051
+22899321061
+22899321068
+22899321069
+22899321077
+22899321080
+22899321084
+22899321085
+22899321087
+22899321090
+22899321092
+22899321094
+22899321097
+22899321099
+22899321102
+22899321105
+22899321106
+22899321110
+22899321113
+22899321116
+22899321117
+22899321118
+22899321123
+22899321124
+22899321135
+22899321137
+22899321151
+22899321154
+22899321155
+22899321156
+22899321163
+22899321165
+22899321166
+22899321168
+22899321169
+22899321172
+22899321175
+22899321180
+22899321182
+22899321205
+22899321209
+22899321211
+22899321216
+22899321217
+22899321223
+22899321224
+22899321228
+22899321233
+22899321234
+22899321239
+22899321243
+22899321247
+22899321249
+22899321251
+22899321253
+22899321256
+22899321263
+22899321265
+22899321266
+22899321268
+22899321270
+22899321282
+22899321283
+22899321284
+22899321287
+22899321289
+22899321293
+22899321296
+22899321297
+22899321300
+22899321304
+22899321311
+22899321312
+22899321318
+22899321319
+22899321322
+22899321325
+22899321326
+22899321327
+22899321328
+22899321329
+22899321334
+22899321347
+22899321348
+22899321355
+22899321356
+22899321361
+22899321363
+22899321365
+22899321367
+22899321368
+22899321369
+22899321372
+22899321383
+22899321385
+22899321390
+22899321391
+22899321393
+22899321400
+22899321404
+22899321412
+22899321413
+22899321415
+22899321420
+22899321422
+22899321425
+22899321428
+22899321429
+22899321432
+22899321435
+22899321441
+22899321442
+22899321444
+22899321448
+22899321452
+22899321454
+22899321455
+22899321457
+22899321462
+22899321465
+22899321467
+22899321468
+22899321477
+22899321480
+22899321481
+22899321494
+22899321496
+22899321497
+22899321503
+22899321509
+22899321510
+22899321512
+22899321520
+22899321524
+22899321527
+22899321530
+22899321531
+22899321534
+22899321539
+22899321541
+22899321546
+22899321549
+22899321553
+22899321560
+22899321561
+22899321563
+22899321567
+22899321580
+22899321584
+22899321586
+22899321587
+22899321588
+22899321591
+22899321596
+22899321597
+22899321601
+22899321602
+22899321603
+22899321609
+22899321610
+22899321611
+22899321615
+22899321617
+22899321618
+22899321623
+22899321624
+22899321625
+22899321632
+22899321633
+22899321634
+22899321636
+22899321637
+22899321642
+22899321643
+22899321645
+22899321646
+22899321651
+22899321657
+22899321661
+22899321665
+22899321666
+22899321670
+22899321671
+22899321676
+22899321677
+22899321680
+22899321681
+22899321688
+22899321696
+22899321697
+22899321705
+22899321707
+22899321716
+22899321718
+22899321730
+22899321734
+22899321736
+22899321737
+22899321738
+22899321746
+22899321750
+22899321754
+22899321755
+22899321758
+22899321764
+22899321765
+22899321767
+22899321772
+22899321775
+22899321776
+22899321777
+22899321786
+22899321789
+22899321792
+22899321793
+22899321795
+22899321797
+22899321805
+22899321807
+22899321811
+22899321813
+22899321817
+22899321819
+22899321822
+22899321829
+22899321842
+22899321844
+22899321852
+22899321856
+22899321860
+22899321865
+22899321871
+22899321872
+22899321877
+22899321883
+22899321893
+22899321895
+22899321900
+22899321901
+22899321902
+22899321906
+22899321910
+22899321911
+22899321917
+22899321918
+22899321919
+22899321922
+22899321927
+22899321929
+22899321937
+22899321939
+22899321940
+22899321943
+22899321945
+22899321946
+22899321949
+22899321959
+22899321961
+22899321965
+22899321969
+22899321972
+22899321973
+22899321974
+22899321975
+22899321982
+22899321991
+22899321997
+22899322000
+22899322003
+22899322004
+22899322021
+22899322023
+22899322028
+22899322029
+22899322030
+22899322032
+22899322033
+22899322035
+22899322037
+22899322038
+22899322048
+22899322049
+22899322051
+22899322052
+22899322056
+22899322062
+22899322064
+22899322065
+22899322069
+22899322071
+22899322076
+22899322085
+22899322087
+22899322090
+22899322108
+22899322111
+22899322112
+22899322119
+22899322122
+22899322123
+22899322124
+22899322132
+22899322133
+22899322134
+22899322136
+22899322137
+22899322138
+22899322143
+22899322145
+22899322149
+22899322150
+22899322152
+22899322154
+22899322164
+22899322167
+22899322176
+22899322178
+22899322179
+22899322186
+22899322188
+22899322190
+22899322202
+22899322204
+22899322205
+22899322208
+22899322209
+22899322213
+22899322218
+22899322220
+22899322232
+22899322233
+22899322234
+22899322236
+22899322239
+22899322241
+22899322249
+22899322250
+22899322254
+22899322256
+22899322257
+22899322260
+22899322261
+22899322264
+22899322267
+22899322279
+22899322282
+22899322289
+22899322292
+22899322293
+22899322296
+22899322304
+22899322307
+22899322311
+22899322313
+22899322316
+22899322319
+22899322323
+22899322325
+22899322326
+22899322327
+22899322328
+22899322336
+22899322337
+22899322339
+22899322342
+22899322357
+22899322360
+22899322363
+22899322367
+22899322374
+22899322388
+22899322396
+22899322398
+22899322404
+22899322406
+22899322411
+22899322420
+22899322421
+22899322423
+22899322424
+22899322428
+22899322432
+22899322435
+22899322437
+22899322444
+22899322445
+22899322447
+22899322454
+22899322455
+22899322459
+22899322464
+22899322468
+22899322475
+22899322478
+22899322479
+22899322480
+22899322483
+22899322484
+22899322490
+22899322500
+22899322502
+22899322503
+22899322509
+22899322510
+22899322511
+22899322512
+22899322515
+22899322523
+22899322524
+22899322527
+22899322531
+22899322532
+22899322533
+22899322534
+22899322535
+22899322537
+22899322543
+22899322545
+22899322550
+22899322551
+22899322554
+22899322558
+22899322560
+22899322568
+22899322569
+22899322571
+22899322574
+22899322583
+22899322584
+22899322587
+22899322588
+22899322590
+22899322591
+22899322593
+22899322594
+22899322598
+22899322599
+22899322602
+22899322609
+22899322614
+22899322617
+22899322618
+22899322619
+22899322620
+22899322621
+22899322628
+22899322629
+22899322634
+22899322637
+22899322638
+22899322639
+22899322644
+22899322646
+22899322648
+22899322649
+22899322652
+22899322655
+22899322658
+22899322662
+22899322664
+22899322666
+22899322667
+22899322668
+22899322672
+22899322676
+22899322679
+22899322680
+22899322682
+22899322685
+22899322696
+22899322697
+22899322702
+22899322703
+22899322711
+22899322712
+22899322713
+22899322718
+22899322719
+22899322720
+22899322724
+22899322730
+22899322732
+22899322733
+22899322734
+22899322739
+22899322740
+22899322744
+22899322747
+22899322749
+22899322750
+22899322757
+22899322762
+22899322766
+22899322768
+22899322770
+22899322772
+22899322777
+22899322788
+22899322791
+22899322804
+22899322817
+22899322818
+22899322821
+22899322824
+22899322828
+22899322829
+22899322833
+22899322842
+22899322856
+22899322859
+22899322863
+22899322864
+22899322867
+22899322871
+22899322876
+22899322884
+22899322889
+22899322900
+22899322905
+22899322908
+22899322918
+22899322922
+22899322925
+22899322940
+22899322946
+22899322957
+22899322965
+22899322969
+22899322977
+22899322985
+22899322994
+22899323006
+22899323008
+22899323011
+22899323023
+22899323025
+22899323029
+22899323032
+22899323037
+22899323039
+22899323043
+22899323046
+22899323047
+22899323055
+22899323069
+22899323077
+22899323081
+22899323082
+22899323089
+22899323094
+22899323095
+22899323106
+22899323108
+22899323109
+22899323115
+22899323116
+22899323122
+22899323123
+22899323129
+22899323146
+22899323157
+22899323158
+22899323176
+22899323181
+22899323182
+22899323189
+22899323192
+22899323193
+22899323202
+22899323203
+22899323205
+22899323207
+22899323211
+22899323215
+22899323218
+22899323229
+22899323231
+22899323236
+22899323238
+22899323254
+22899323256
+22899323263
+22899323273
+22899323276
+22899323280
+22899323286
+22899323289
+22899323292
+22899323296
+22899323300
+22899323308
+22899323315
+22899323318
+22899323321
+22899323323
+22899323328
+22899323335
+22899323343
+22899323346
+22899323349
+22899323356
+22899323363
+22899323369
+22899323372
+22899323376
+22899323381
+22899323383
+22899323388
+22899323390
+22899323391
+22899323398
+22899323405
+22899323412
+22899323417
+22899323418
+22899323421
+22899323424
+22899323433
+22899323439
+22899323455
+22899323457
+22899323461
+22899323472
+22899323498
+22899323513
+22899323517
+22899323529
+22899323535
+22899323538
+22899323540
+22899323548
+22899323550
+22899323553
+22899323560
+22899323561
+22899323565
+22899323570
+22899323573
+22899323576
+22899323579
+22899323593
+22899323598
+22899323609
+22899323613
+22899323618
+22899323619
+22899323623
+22899323629
+22899323633
+22899323638
+22899323644
+22899323645
+22899323648
+22899323649
+22899323654
+22899323658
+22899323662
+22899323667
+22899323682
+22899323687
+22899323692
+22899323693
+22899323698
+22899323700
+22899323702
+22899323709
+22899323721
+22899323727
+22899323736
+22899323755
+22899323757
+22899323776
+22899323779
+22899323791
+22899323799
+22899323803
+22899323806
+22899323816
+22899323820
+22899323822
+22899323842
+22899323843
+22899323845
+22899323854
+22899323856
+22899323865
+22899323873
+22899323882
+22899323884
+22899323898
+22899323899
+22899323907
+22899323927
+22899323935
+22899323948
+22899323972
+22899323981
+22899323993
+22899323997
+22899323999
+22899324001
+22899324009
+22899324011
+22899324017
+22899324024
+22899324037
+22899324040
+22899324041
+22899324042
+22899324049
+22899324051
+22899324054
+22899324057
+22899324063
+22899324067
+22899324070
+22899324071
+22899324076
+22899324077
+22899324106
+22899324109
+22899324112
+22899324122
+22899324123
+22899324133
+22899324141
+22899324161
+22899324166
+22899324183
+22899324185
+22899324193
+22899324199
+22899324200
+22899324201
+22899324202
+22899324208
+22899324209
+22899324213
+22899324222
+22899324224
+22899324231
+22899324242
+22899324244
+22899324262
+22899324265
+22899324267
+22899324271
+22899324280
+22899324286
+22899324287
+22899324288
+22899324290
+22899324295
+22899324301
+22899324303
+22899324305
+22899324308
+22899324320
+22899324326
+22899324330
+22899324332
+22899324333
+22899324338
+22899324343
+22899324361
+22899324363
+22899324371
+22899324376
+22899324380
+22899324384
+22899324385
+22899324386
+22899324388
+22899324397
+22899324399
+22899324407
+22899324421
+22899324422
+22899324428
+22899324438
+22899324439
+22899324459
+22899324464
+22899324470
+22899324478
+22899324484
+22899324485
+22899324486
+22899324489
+22899324490
+22899324500
+22899324507
+22899324511
+22899324519
+22899324521
+22899324522
+22899324523
+22899324524
+22899324525
+22899324526
+22899324527
+22899324528
+22899324529
+22899324530
+22899324533
+22899324534
+22899324536
+22899324538
+22899324541
+22899324542
+22899324543
+22899324544
+22899324548
+22899324550
+22899324551
+22899324556
+22899324561
+22899324562
+22899324563
+22899324564
+22899324567
+22899324571
+22899324573
+22899324576
+22899324577
+22899324578
+22899324581
+22899324583
+22899324585
+22899324594
+22899324602
+22899324603
+22899324604
+22899324608
+22899324613
+22899324616
+22899324618
+22899324619
+22899324620
+22899324624
+22899324626
+22899324629
+22899324631
+22899324632
+22899324634
+22899324640
+22899324641
+22899324642
+22899324643
+22899324645
+22899324646
+22899324647
+22899324650
+22899324652
+22899324653
+22899324656
+22899324657
+22899324662
+22899324664
+22899324665
+22899324667
+22899324668
+22899324674
+22899324676
+22899324678
+22899324680
+22899324681
+22899324684
+22899324689
+22899324692
+22899324693
+22899324695
+22899324696
+22899324698
+22899324699
+22899324705
+22899324708
+22899324709
+22899324710
+22899324711
+22899324712
+22899324715
+22899324716
+22899324719
+22899324723
+22899324724
+22899324725
+22899324727
+22899324731
+22899324732
+22899324733
+22899324739
+22899324740
+22899324745
+22899324746
+22899324749
+22899324760
+22899324761
+22899324762
+22899324764
+22899324766
+22899324767
+22899324770
+22899324772
+22899324775
+22899324776
+22899324777
+22899324778
+22899324779
+22899324783
+22899324784
+22899324787
+22899324790
+22899324795
+22899324797
+22899324799
+22899324802
+22899324804
+22899324805
+22899324806
+22899324808
+22899324809
+22899324811
+22899324814
+22899324816
+22899324818
+22899324821
+22899324826
+22899324828
+22899324832
+22899324833
+22899324835
+22899324837
+22899324838
+22899324843
+22899324847
+22899324856
+22899324857
+22899324859
+22899324860
+22899324863
+22899324866
+22899324868
+22899324874
+22899324875
+22899324877
+22899324882
+22899324886
+22899324890
+22899324891
+22899324893
+22899324897
+22899324898
+22899324899
+22899324900
+22899324901
+22899324903
+22899324904
+22899324905
+22899324906
+22899324907
+22899324908
+22899324909
+22899324910
+22899324918
+22899324920
+22899324921
+22899324923
+22899324925
+22899324927
+22899324930
+22899324931
+22899324936
+22899324937
+22899324938
+22899324939
+22899324940
+22899324945
+22899324946
+22899324951
+22899324952
+22899324953
+22899324955
+22899324960
+22899324961
+22899324964
+22899324965
+22899324969
+22899324971
+22899324974
+22899324977
+22899324979
+22899324980
+22899324981
+22899324984
+22899324985
+22899324986
+22899324988
+22899324989
+22899324991
+22899324993
+22899324996
+22899324997
+22899324998
+22899325000
+22899325003
+22899325005
+22899325006
+22899325007
+22899325008
+22899325009
+22899325010
+22899325012
+22899325015
+22899325016
+22899325017
+22899325018
+22899325021
+22899325022
+22899325023
+22899325024
+22899325025
+22899325026
+22899325028
+22899325029
+22899325032
+22899325033
+22899325034
+22899325037
+22899325038
+22899325048
+22899325053
+22899325055
+22899325056
+22899325058
+22899325059
+22899325060
+22899325064
+22899325065
+22899325067
+22899325068
+22899325069
+22899325071
+22899325073
+22899325075
+22899325078
+22899325083
+22899325084
+22899325085
+22899325087
+22899325089
+22899325092
+22899325095
+22899325097
+22899325098
+22899325099
+22899325100
+22899325101
+22899325102
+22899325106
+22899325109
+22899325110
+22899325113
+22899325114
+22899325115
+22899325116
+22899325119
+22899325120
+22899325121
+22899325128
+22899325129
+22899325134
+22899325135
+22899325138
+22899325139
+22899325141
+22899325142
+22899325143
+22899325144
+22899325145
+22899325151
+22899325152
+22899325153
+22899325154
+22899325155
+22899325157
+22899325158
+22899325159
+22899325161
+22899325162
+22899325166
+22899325168
+22899325170
+22899325173
+22899325176
+22899325177
+22899325180
+22899325181
+22899325182
+22899325183
+22899325185
+22899325186
+22899325188
+22899325191
+22899325192
+22899325193
+22899325195
+22899325197
+22899325204
+22899325205
+22899325206
+22899325209
+22899325211
+22899325212
+22899325214
+22899325221
+22899325223
+22899325224
+22899325228
+22899325230
+22899325232
+22899325239
+22899325246
+22899325247
+22899325248
+22899325251
+22899325254
+22899325256
+22899325259
+22899325261
+22899325262
+22899325267
+22899325270
+22899325272
+22899325275
+22899325277
+22899325279
+22899325281
+22899325282
+22899325284
+22899325287
+22899325290
+22899325292
+22899325293
+22899325294
+22899325295
+22899325296
+22899325297
+22899325299
+22899325300
+22899325301
+22899325303
+22899325304
+22899325306
+22899325308
+22899325309
+22899325310
+22899325311
+22899325318
+22899325320
+22899325321
+22899325325
+22899325326
+22899325331
+22899325332
+22899325334
+22899325337
+22899325338
+22899325340
+22899325342
+22899325343
+22899325348
+22899325350
+22899325352
+22899325354
+22899325355
+22899325356
+22899325357
+22899325363
+22899325364
+22899325368
+22899325371
+22899325373
+22899325374
+22899325376
+22899325383
+22899325388
+22899325390
+22899325394
+22899325401
+22899325405
+22899325408
+22899325409
+22899325410
+22899325411
+22899325412
+22899325413
+22899325416
+22899325418
+22899325422
+22899325429
+22899325430
+22899325431
+22899325432
+22899325433
+22899325434
+22899325437
+22899325438
+22899325443
+22899325446
+22899325451
+22899325452
+22899325453
+22899325454
+22899325457
+22899325458
+22899325462
+22899325464
+22899325466
+22899325472
+22899325473
+22899325477
+22899325479
+22899325481
+22899325482
+22899325484
+22899325485
+22899325489
+22899325490
+22899325491
+22899325492
+22899325494
+22899325495
+22899325497
+22899325502
+22899325503
+22899325505
+22899325506
+22899325508
+22899325512
+22899325514
+22899325518
+22899325520
+22899325524
+22899325525
+22899325527
+22899325529
+22899325532
+22899325535
+22899325536
+22899325538
+22899325539
+22899325540
+22899325541
+22899325546
+22899325547
+22899325548
+22899325550
+22899325551
+22899325553
+22899325558
+22899325559
+22899325561
+22899325562
+22899325563
+22899325564
+22899325568
+22899325571
+22899325572
+22899325574
+22899325575
+22899325583
+22899325587
+22899325589
+22899325590
+22899325592
+22899325594
+22899325595
+22899325596
+22899325597
+22899325598
+22899325600
+22899325603
+22899325607
+22899325611
+22899325614
+22899325615
+22899325617
+22899325620
+22899325621
+22899325622
+22899325624
+22899325628
+22899325630
+22899325631
+22899325633
+22899325634
+22899325635
+22899325638
+22899325639
+22899325640
+22899325641
+22899325643
+22899325646
+22899325647
+22899325651
+22899325653
+22899325656
+22899325658
+22899325661
+22899325662
+22899325664
+22899325667
+22899325668
+22899325670
+22899325671
+22899325672
+22899325676
+22899325678
+22899325679
+22899325682
+22899325683
+22899325689
+22899325690
+22899325691
+22899325692
+22899325694
+22899325698
+22899325699
+22899325701
+22899325702
+22899325703
+22899325705
+22899325707
+22899325708
+22899325709
+22899325710
+22899325714
+22899325715
+22899325716
+22899325718
+22899325720
+22899325721
+22899325723
+22899325724
+22899325727
+22899325728
+22899325729
+22899325731
+22899325732
+22899325733
+22899325735
+22899325736
+22899325739
+22899325741
+22899325744
+22899325745
+22899325748
+22899325749
+22899325753
+22899325755
+22899325757
+22899325760
+22899325762
+22899325764
+22899325767
+22899325768
+22899325771
+22899325772
+22899325773
+22899325775
+22899325778
+22899325782
+22899325783
+22899325786
+22899325789
+22899325790
+22899325791
+22899325793
+22899325794
+22899325796
+22899325800
+22899325801
+22899325802
+22899325803
+22899325805
+22899325807
+22899325808
+22899325810
+22899325811
+22899325812
+22899325816
+22899325818
+22899325820
+22899325826
+22899325830
+22899325838
+22899325839
+22899325840
+22899325841
+22899325842
+22899325849
+22899325850
+22899325851
+22899325852
+22899325854
+22899325855
+22899325857
+22899325858
+22899325860
+22899325862
+22899325866
+22899325868
+22899325869
+22899325870
+22899325872
+22899325873
+22899325874
+22899325876
+22899325877
+22899325880
+22899325881
+22899325882
+22899325885
+22899325887
+22899325888
+22899325890
+22899325891
+22899325892
+22899325893
+22899325894
+22899325896
+22899325897
+22899325898
+22899325900
+22899325904
+22899325906
+22899325907
+22899325909
+22899325911
+22899325913
+22899325914
+22899325917
+22899325918
+22899325920
+22899325930
+22899325931
+22899325932
+22899325938
+22899325939
+22899325943
+22899325945
+22899325947
+22899325949
+22899325950
+22899325956
+22899325958
+22899325964
+22899325966
+22899325969
+22899325970
+22899325971
+22899325972
+22899325974
+22899325979
+22899325980
+22899325983
+22899325985
+22899325988
+22899325990
+22899325991
+22899325992
+22899325993
+22899325994
+22899325997
+22899325998
+22899326002
+22899326003
+22899326004
+22899326006
+22899326012
+22899326013
+22899326015
+22899326021
+22899326022
+22899326023
+22899326024
+22899326032
+22899326033
+22899326034
+22899326035
+22899326036
+22899326037
+22899326040
+22899326041
+22899326042
+22899326045
+22899326047
+22899326048
+22899326049
+22899326050
+22899326054
+22899326056
+22899326057
+22899326058
+22899326059
+22899326061
+22899326065
+22899326068
+22899326071
+22899326074
+22899326075
+22899326078
+22899326082
+22899326086
+22899326087
+22899326088
+22899326089
+22899326093
+22899326098
+22899326099
+22899326104
+22899326106
+22899326110
+22899326111
+22899326113
+22899326115
+22899326119
+22899326122
+22899326123
+22899326124
+22899326125
+22899326127
+22899326128
+22899326131
+22899326133
+22899326136
+22899326138
+22899326139
+22899326143
+22899326147
+22899326149
+22899326152
+22899326153
+22899326155
+22899326156
+22899326157
+22899326158
+22899326162
+22899326163
+22899326171
+22899326173
+22899326176
+22899326179
+22899326180
+22899326181
+22899326191
+22899326192
+22899326199
+22899326200
+22899326203
+22899326204
+22899326206
+22899326209
+22899326212
+22899326214
+22899326215
+22899326216
+22899326217
+22899326218
+22899326220
+22899326222
+22899326224
+22899326225
+22899326227
+22899326233
+22899326239
+22899326241
+22899326242
+22899326243
+22899326246
+22899326247
+22899326248
+22899326249
+22899326253
+22899326254
+22899326255
+22899326260
+22899326261
+22899326262
+22899326264
+22899326266
+22899326267
+22899326270
+22899326272
+22899326273
+22899326274
+22899326275
+22899326276
+22899326277
+22899326278
+22899326280
+22899326281
+22899326285
+22899326286
+22899326288
+22899326289
+22899326294
+22899326295
+22899326297
+22899326299
+22899326303
+22899326304
+22899326305
+22899326307
+22899326308
+22899326311
+22899326312
+22899326313
+22899326315
+22899326316
+22899326317
+22899326318
+22899326319
+22899326320
+22899326321
+22899326322
+22899326326
+22899326327
+22899326328
+22899326332
+22899326334
+22899326335
+22899326336
+22899326338
+22899326340
+22899326341
+22899326342
+22899326344
+22899326345
+22899326348
+22899326349
+22899326350
+22899326353
+22899326354
+22899326355
+22899326358
+22899326359
+22899326360
+22899326363
+22899326365
+22899326367
+22899326368
+22899326369
+22899326370
+22899326371
+22899326374
+22899326375
+22899326376
+22899326377
+22899326380
+22899326381
+22899326382
+22899326384
+22899326386
+22899326391
+22899326393
+22899326398
+22899326399
+22899326400
+22899326403
+22899326405
+22899326407
+22899326408
+22899326414
+22899326417
+22899326418
+22899326421
+22899326422
+22899326423
+22899326425
+22899326426
+22899326427
+22899326435
+22899326438
+22899326440
+22899326441
+22899326442
+22899326444
+22899326446
+22899326448
+22899326450
+22899326451
+22899326452
+22899326454
+22899326455
+22899326456
+22899326460
+22899326465
+22899326474
+22899326475
+22899326476
+22899326477
+22899326478
+22899326482
+22899326483
+22899326485
+22899326486
+22899326490
+22899326491
+22899326492
+22899326494
+22899326495
+22899326496
+22899326499
+22899326501
+22899326502
+22899326506
+22899326513
+22899326514
+22899326515
+22899326516
+22899326520
+22899326521
+22899326522
+22899326526
+22899326527
+22899326528
+22899326529
+22899326536
+22899326538
+22899326540
+22899326541
+22899326544
+22899326548
+22899326549
+22899326550
+22899326554
+22899326557
+22899326560
+22899326561
+22899326568
+22899326570
+22899326573
+22899326577
+22899326579
+22899326580
+22899326581
+22899326582
+22899326583
+22899326585
+22899326586
+22899326588
+22899326589
+22899326592
+22899326593
+22899326594
+22899326595
+22899326597
+22899326598
+22899326600
+22899326602
+22899326603
+22899326604
+22899326606
+22899326609
+22899326613
+22899326615
+22899326617
+22899326618
+22899326619
+22899326620
+22899326623
+22899326624
+22899326626
+22899326627
+22899326628
+22899326630
+22899326631
+22899326635
+22899326637
+22899326639
+22899326640
+22899326642
+22899326643
+22899326647
+22899326651
+22899326655
+22899326657
+22899326659
+22899326661
+22899326662
+22899326663
+22899326669
+22899326670
+22899326672
+22899326673
+22899326676
+22899326678
+22899326679
+22899326687
+22899326689
+22899326694
+22899326696
+22899326697
+22899326700
+22899326702
+22899326704
+22899326705
+22899326706
+22899326709
+22899326711
+22899326712
+22899326715
+22899326716
+22899326717
+22899326720
+22899326721
+22899326723
+22899326724
+22899326725
+22899326727
+22899326732
+22899326742
+22899326743
+22899326747
+22899326750
+22899326751
+22899326754
+22899326755
+22899326756
+22899326757
+22899326758
+22899326761
+22899326762
+22899326765
+22899326769
+22899326771
+22899326776
+22899326777
+22899326778
+22899326781
+22899326784
+22899326785
+22899326791
+22899326793
+22899326795
+22899326796
+22899326798
+22899326800
+22899326803
+22899326807
+22899326810
+22899326811
+22899326812
+22899326813
+22899326814
+22899326819
+22899326820
+22899326823
+22899326825
+22899326826
+22899326827
+22899326828
+22899326829
+22899326830
+22899326838
+22899326840
+22899326842
+22899326845
+22899326846
+22899326848
+22899326850
+22899326852
+22899326854
+22899326855
+22899326856
+22899326858
+22899326859
+22899326862
+22899326866
+22899326867
+22899326869
+22899326873
+22899326876
+22899326877
+22899326879
+22899326885
+22899326888
+22899326890
+22899326893
+22899326895
+22899326897
+22899326900
+22899326901
+22899326904
+22899326907
+22899326908
+22899326909
+22899326911
+22899326912
+22899326913
+22899326915
+22899326917
+22899326918
+22899326921
+22899326924
+22899326925
+22899326931
+22899326933
+22899326937
+22899326940
+22899326941
+22899326945
+22899326946
+22899326947
+22899326948
+22899326949
+22899326950
+22899326952
+22899326954
+22899326956
+22899326957
+22899326959
+22899326960
+22899326962
+22899326963
+22899326965
+22899326966
+22899326968
+22899326969
+22899326970
+22899326971
+22899326972
+22899326973
+22899326974
+22899326979
+22899326980
+22899326983
+22899326985
+22899326986
+22899326988
+22899326990
+22899326991
+22899326994
+22899326996
+22899326998
+22899326999
+22899327002
+22899327005
+22899327008
+22899327009
+22899327010
+22899327012
+22899327013
+22899327014
+22899327017
+22899327021
+22899327022
+22899327023
+22899327025
+22899327027
+22899327029
+22899327030
+22899327031
+22899327032
+22899327034
+22899327036
+22899327038
+22899327039
+22899327040
+22899327042
+22899327045
+22899327046
+22899327047
+22899327049
+22899327050
+22899327051
+22899327052
+22899327056
+22899327061
+22899327062
+22899327064
+22899327068
+22899327069
+22899327070
+22899327072
+22899327073
+22899327076
+22899327078
+22899327079
+22899327080
+22899327081
+22899327083
+22899327087
+22899327088
+22899327093
+22899327097
+22899327099
+22899327104
+22899327107
+22899327108
+22899327109
+22899327110
+22899327111
+22899327112
+22899327113
+22899327115
+22899327117
+22899327118
+22899327119
+22899327122
+22899327128
+22899327130
+22899327131
+22899327135
+22899327136
+22899327138
+22899327142
+22899327147
+22899327149
+22899327150
+22899327151
+22899327153
+22899327156
+22899327160
+22899327162
+22899327163
+22899327164
+22899327165
+22899327167
+22899327170
+22899327171
+22899327172
+22899327177
+22899327178
+22899327185
+22899327188
+22899327189
+22899327193
+22899327194
+22899327200
+22899327201
+22899327202
+22899327206
+22899327212
+22899327215
+22899327217
+22899327218
+22899327221
+22899327222
+22899327224
+22899327227
+22899327229
+22899327230
+22899327231
+22899327232
+22899327236
+22899327237
+22899327240
+22899327242
+22899327243
+22899327245
+22899327246
+22899327248
+22899327252
+22899327257
+22899327258
+22899327261
+22899327262
+22899327263
+22899327264
+22899327265
+22899327266
+22899327269
+22899327270
+22899327273
+22899327275
+22899327279
+22899327281
+22899327283
+22899327288
+22899327290
+22899327291
+22899327293
+22899327300
+22899327301
+22899327302
+22899327303
+22899327304
+22899327305
+22899327307
+22899327308
+22899327309
+22899327312
+22899327313
+22899327315
+22899327316
+22899327317
+22899327319
+22899327320
+22899327321
+22899327323
+22899327326
+22899327327
+22899327328
+22899327329
+22899327330
+22899327332
+22899327333
+22899327334
+22899327335
+22899327336
+22899327337
+22899327339
+22899327344
+22899327345
+22899327346
+22899327349
+22899327354
+22899327356
+22899327359
+22899327360
+22899327366
+22899327368
+22899327369
+22899327374
+22899327376
+22899327381
+22899327386
+22899327387
+22899327389
+22899327390
+22899327397
+22899327399
+22899327404
+22899327406
+22899327409
+22899327410
+22899327415
+22899327416
+22899327417
+22899327421
+22899327424
+22899327426
+22899327428
+22899327429
+22899327430
+22899327432
+22899327433
+22899327434
+22899327435
+22899327439
+22899327441
+22899327443
+22899327445
+22899327447
+22899327452
+22899327455
+22899327456
+22899327457
+22899327458
+22899327460
+22899327461
+22899327462
+22899327466
+22899327469
+22899327471
+22899327474
+22899327477
+22899327478
+22899327481
+22899327482
+22899327483
+22899327485
+22899327486
+22899327487
+22899327489
+22899327490
+22899327491
+22899327492
+22899327493
+22899327496
+22899327497
+22899327508
+22899327512
+22899327513
+22899327514
+22899327519
+22899327522
+22899327524
+22899327526
+22899327528
+22899327529
+22899327532
+22899327533
+22899327534
+22899327535
+22899327536
+22899327541
+22899327551
+22899327555
+22899327557
+22899327559
+22899327560
+22899327561
+22899327564
+22899327565
+22899327573
+22899327575
+22899327577
+22899327578
+22899327580
+22899327581
+22899327583
+22899327585
+22899327586
+22899327587
+22899327588
+22899327589
+22899327591
+22899327592
+22899327595
+22899327598
+22899327602
+22899327605
+22899327609
+22899327612
+22899327615
+22899327617
+22899327619
+22899327621
+22899327626
+22899327627
+22899327628
+22899327630
+22899327632
+22899327634
+22899327637
+22899327639
+22899327644
+22899327646
+22899327649
+22899327654
+22899327655
+22899327658
+22899327660
+22899327661
+22899327664
+22899327666
+22899327669
+22899327673
+22899327681
+22899327682
+22899327683
+22899327686
+22899327687
+22899327689
+22899327693
+22899327694
+22899327696
+22899327697
+22899327700
+22899327701
+22899327702
+22899327703
+22899327710
+22899327711
+22899327714
+22899327716
+22899327719
+22899327720
+22899327722
+22899327723
+22899327727
+22899327729
+22899327730
+22899327734
+22899327740
+22899327748
+22899327751
+22899327753
+22899327754
+22899327756
+22899327758
+22899327759
+22899327760
+22899327762
+22899327763
+22899327764
+22899327770
+22899327771
+22899327773
+22899327774
+22899327780
+22899327782
+22899327785
+22899327794
+22899327795
+22899327796
+22899327798
+22899327799
+22899327800
+22899327802
+22899327803
+22899327804
+22899327811
+22899327815
+22899327816
+22899327819
+22899327823
+22899327826
+22899327828
+22899327830
+22899327832
+22899327836
+22899327843
+22899327844
+22899327846
+22899327850
+22899327852
+22899327853
+22899327854
+22899327856
+22899327858
+22899327860
+22899327861
+22899327862
+22899327863
+22899327864
+22899327869
+22899327871
+22899327872
+22899327875
+22899327878
+22899327880
+22899327883
+22899327887
+22899327889
+22899327893
+22899327896
+22899327902
+22899327903
+22899327905
+22899327911
+22899327912
+22899327916
+22899327917
+22899327920
+22899327930
+22899327931
+22899327933
+22899327937
+22899327941
+22899327942
+22899327947
+22899327949
+22899327950
+22899327951
+22899327953
+22899327954
+22899327957
+22899327960
+22899327961
+22899327962
+22899327965
+22899327967
+22899327968
+22899327975
+22899327987
+22899327988
+22899327992
+22899327993
+22899327994
+22899327996
+22899327998
+22899328001
+22899328004
+22899328005
+22899328006
+22899328007
+22899328008
+22899328009
+22899328010
+22899328011
+22899328013
+22899328014
+22899328017
+22899328019
+22899328022
+22899328023
+22899328026
+22899328027
+22899328028
+22899328030
+22899328032
+22899328035
+22899328037
+22899328040
+22899328043
+22899328045
+22899328050
+22899328057
+22899328058
+22899328059
+22899328060
+22899328069
+22899328074
+22899328076
+22899328077
+22899328080
+22899328083
+22899328084
+22899328085
+22899328086
+22899328092
+22899328093
+22899328094
+22899328097
+22899328099
+22899328100
+22899328105
+22899328106
+22899328107
+22899328108
+22899328111
+22899328112
+22899328114
+22899328118
+22899328119
+22899328122
+22899328123
+22899328126
+22899328127
+22899328129
+22899328135
+22899328136
+22899328137
+22899328138
+22899328139
+22899328140
+22899328141
+22899328142
+22899328144
+22899328149
+22899328153
+22899328154
+22899328155
+22899328156
+22899328158
+22899328160
+22899328162
+22899328164
+22899328166
+22899328167
+22899328169
+22899328170
+22899328171
+22899328172
+22899328175
+22899328177
+22899328178
+22899328179
+22899328185
+22899328186
+22899328187
+22899328190
+22899328191
+22899328202
+22899328203
+22899328206
+22899328207
+22899328208
+22899328212
+22899328214
+22899328215
+22899328220
+22899328223
+22899328225
+22899328227
+22899328232
+22899328233
+22899328235
+22899328237
+22899328239
+22899328241
+22899328243
+22899328244
+22899328249
+22899328251
+22899328254
+22899328256
+22899328257
+22899328258
+22899328260
+22899328262
+22899328267
+22899328269
+22899328271
+22899328273
+22899328274
+22899328275
+22899328276
+22899328279
+22899328280
+22899328282
+22899328283
+22899328290
+22899328291
+22899328293
+22899328296
+22899328300
+22899328301
+22899328303
+22899328304
+22899328309
+22899328310
+22899328311
+22899328314
+22899328315
+22899328316
+22899328317
+22899328318
+22899328320
+22899328321
+22899328323
+22899328325
+22899328326
+22899328328
+22899328331
+22899328336
+22899328339
+22899328345
+22899328346
+22899328348
+22899328351
+22899328355
+22899328357
+22899328359
+22899328363
+22899328365
+22899328366
+22899328367
+22899328372
+22899328373
+22899328374
+22899328375
+22899328376
+22899328378
+22899328384
+22899328385
+22899328386
+22899328388
+22899328390
+22899328396
+22899328397
+22899328398
+22899328399
+22899328401
+22899328403
+22899328404
+22899328407
+22899328409
+22899328411
+22899328413
+22899328415
+22899328416
+22899328417
+22899328419
+22899328421
+22899328423
+22899328426
+22899328427
+22899328428
+22899328429
+22899328430
+22899328431
+22899328432
+22899328434
+22899328439
+22899328442
+22899328447
+22899328448
+22899328451
+22899328453
+22899328454
+22899328457
+22899328459
+22899328461
+22899328463
+22899328464
+22899328466
+22899328467
+22899328469
+22899328470
+22899328471
+22899328472
+22899328473
+22899328476
+22899328477
+22899328478
+22899328479
+22899328483
+22899328485
+22899328489
+22899328491
+22899328492
+22899328494
+22899328495
+22899328497
+22899328499
+22899328500
+22899328501
+22899328502
+22899328505
+22899328506
+22899328508
+22899328513
+22899328514
+22899328515
+22899328519
+22899328521
+22899328524
+22899328526
+22899328530
+22899328531
+22899328532
+22899328534
+22899328535
+22899328536
+22899328537
+22899328539
+22899328541
+22899328542
+22899328545
+22899328547
+22899328550
+22899328552
+22899328558
+22899328559
+22899328560
+22899328562
+22899328563
+22899328566
+22899328569
+22899328571
+22899328572
+22899328573
+22899328580
+22899328586
+22899328597
+22899328599
+22899328601
+22899328605
+22899328607
+22899328614
+22899328615
+22899328616
+22899328617
+22899328618
+22899328620
+22899328626
+22899328629
+22899328631
+22899328632
+22899328635
+22899328637
+22899328638
+22899328639
+22899328640
+22899328643
+22899328644
+22899328645
+22899328646
+22899328649
+22899328650
+22899328652
+22899328653
+22899328654
+22899328655
+22899328656
+22899328658
+22899328660
+22899328661
+22899328664
+22899328667
+22899328668
+22899328669
+22899328670
+22899328671
+22899328672
+22899328673
+22899328675
+22899328680
+22899328681
+22899328688
+22899328689
+22899328691
+22899328692
+22899328695
+22899328697
+22899328698
+22899328699
+22899328700
+22899328701
+22899328706
+22899328707
+22899328708
+22899328709
+22899328711
+22899328713
+22899328717
+22899328718
+22899328720
+22899328722
+22899328723
+22899328724
+22899328729
+22899328730
+22899328731
+22899328732
+22899328735
+22899328736
+22899328738
+22899328739
+22899328742
+22899328743
+22899328745
+22899328746
+22899328747
+22899328749
+22899328750
+22899328753
+22899328754
+22899328757
+22899328761
+22899328764
+22899328770
+22899328772
+22899328773
+22899328774
+22899328781
+22899328787
+22899328788
+22899328793
+22899328795
+22899328798
+22899328799
+22899328800
+22899328801
+22899328804
+22899328806
+22899328807
+22899328809
+22899328812
+22899328813
+22899328815
+22899328816
+22899328817
+22899328821
+22899328824
+22899328826
+22899328827
+22899328828
+22899328829
+22899328830
+22899328833
+22899328834
+22899328839
+22899328841
+22899328847
+22899328851
+22899328853
+22899328860
+22899328861
+22899328862
+22899328863
+22899328864
+22899328869
+22899328872
+22899328873
+22899328874
+22899328875
+22899328876
+22899328878
+22899328880
+22899328881
+22899328883
+22899328885
+22899328887
+22899328888
+22899328892
+22899328895
+22899328900
+22899328906
+22899328907
+22899328909
+22899328914
+22899328916
+22899328917
+22899328918
+22899328919
+22899328921
+22899328922
+22899328923
+22899328927
+22899328928
+22899328929
+22899328930
+22899328938
+22899328940
+22899328945
+22899328946
+22899328950
+22899328951
+22899328953
+22899328958
+22899328961
+22899328965
+22899328972
+22899328980
+22899328982
+22899328984
+22899328985
+22899328986
+22899328988
+22899328989
+22899328992
+22899328993
+22899328996
+22899328997
+22899328999
+22899329002
+22899329004
+22899329012
+22899329017
+22899329021
+22899329029
+22899329030
+22899329031
+22899329032
+22899329033
+22899329036
+22899329037
+22899329039
+22899329040
+22899329041
+22899329042
+22899329047
+22899329048
+22899329049
+22899329050
+22899329056
+22899329057
+22899329059
+22899329062
+22899329063
+22899329068
+22899329073
+22899329075
+22899329076
+22899329078
+22899329079
+22899329080
+22899329083
+22899329085
+22899329088
+22899329090
+22899329094
+22899329095
+22899329096
+22899329098
+22899329100
+22899329102
+22899329105
+22899329106
+22899329107
+22899329108
+22899329109
+22899329110
+22899329111
+22899329112
+22899329113
+22899329119
+22899329121
+22899329124
+22899329126
+22899329127
+22899329130
+22899329131
+22899329135
+22899329137
+22899329141
+22899329142
+22899329144
+22899329146
+22899329147
+22899329148
+22899329150
+22899329152
+22899329156
+22899329158
+22899329161
+22899329163
+22899329166
+22899329170
+22899329171
+22899329172
+22899329174
+22899329180
+22899329181
+22899329186
+22899329189
+22899329191
+22899329192
+22899329193
+22899329194
+22899329203
+22899329204
+22899329206
+22899329207
+22899329209
+22899329210
+22899329212
+22899329213
+22899329215
+22899329222
+22899329223
+22899329224
+22899329225
+22899329228
+22899329230
+22899329238
+22899329240
+22899329241
+22899329243
+22899329244
+22899329247
+22899329250
+22899329251
+22899329254
+22899329255
+22899329256
+22899329257
+22899329258
+22899329260
+22899329261
+22899329262
+22899329263
+22899329264
+22899329266
+22899329267
+22899329269
+22899329275
+22899329276
+22899329278
+22899329279
+22899329284
+22899329286
+22899329287
+22899329291
+22899329297
+22899329298
+22899329300
+22899329302
+22899329304
+22899329309
+22899329310
+22899329312
+22899329313
+22899329315
+22899329317
+22899329318
+22899329319
+22899329320
+22899329322
+22899329325
+22899329326
+22899329329
+22899329332
+22899329333
+22899329337
+22899329341
+22899329342
+22899329344
+22899329345
+22899329348
+22899329349
+22899329351
+22899329354
+22899329356
+22899329359
+22899329363
+22899329364
+22899329367
+22899329368
+22899329369
+22899329370
+22899329371
+22899329372
+22899329373
+22899329374
+22899329375
+22899329376
+22899329378
+22899329381
+22899329382
+22899329389
+22899329390
+22899329391
+22899329392
+22899329393
+22899329400
+22899329401
+22899329403
+22899329405
+22899329407
+22899329409
+22899329413
+22899329416
+22899329420
+22899329423
+22899329424
+22899329426
+22899329427
+22899329428
+22899329433
+22899329438
+22899329441
+22899329443
+22899329445
+22899329446
+22899329447
+22899329448
+22899329449
+22899329450
+22899329451
+22899329453
+22899329454
+22899329456
+22899329458
+22899329459
+22899329461
+22899329463
+22899329466
+22899329468
+22899329469
+22899329470
+22899329473
+22899329477
+22899329479
+22899329480
+22899329483
+22899329484
+22899329488
+22899329489
+22899329490
+22899329492
+22899329494
+22899329497
+22899329498
+22899329500
+22899329501
+22899329502
+22899329504
+22899329505
+22899329506
+22899329508
+22899329509
+22899329510
+22899329511
+22899329514
+22899329518
+22899329521
+22899329522
+22899329523
+22899329525
+22899329527
+22899329531
+22899329534
+22899329535
+22899329538
+22899329539
+22899329540
+22899329542
+22899329544
+22899329545
+22899329546
+22899329548
+22899329552
+22899329553
+22899329556
+22899329557
+22899329559
+22899329560
+22899329561
+22899329562
+22899329563
+22899329564
+22899329568
+22899329574
+22899329575
+22899329577
+22899329579
+22899329580
+22899329581
+22899329585
+22899329587
+22899329591
+22899329594
+22899329597
+22899329601
+22899329605
+22899329609
+22899329620
+22899329622
+22899329624
+22899329626
+22899329629
+22899329631
+22899329632
+22899329634
+22899329637
+22899329639
+22899329640
+22899329645
+22899329647
+22899329650
+22899329653
+22899329657
+22899329660
+22899329661
+22899329663
+22899329664
+22899329665
+22899329666
+22899329669
+22899329672
+22899329675
+22899329678
+22899329681
+22899329683
+22899329684
+22899329688
+22899329689
+22899329691
+22899329692
+22899329696
+22899329697
+22899329699
+22899329700
+22899329705
+22899329707
+22899329709
+22899329710
+22899329711
+22899329712
+22899329720
+22899329721
+22899329722
+22899329724
+22899329729
+22899329730
+22899329731
+22899329732
+22899329733
+22899329742
+22899329745
+22899329746
+22899329748
+22899329750
+22899329753
+22899329754
+22899329758
+22899329759
+22899329763
+22899329767
+22899329769
+22899329771
+22899329773
+22899329776
+22899329777
+22899329779
+22899329781
+22899329786
+22899329787
+22899329789
+22899329792
+22899329794
+22899329797
+22899329798
+22899329799
+22899329801
+22899329802
+22899329809
+22899329813
+22899329814
+22899329815
+22899329816
+22899329817
+22899329824
+22899329826
+22899329828
+22899329830
+22899329831
+22899329833
+22899329836
+22899329839
+22899329841
+22899329844
+22899329846
+22899329847
+22899329848
+22899329849
+22899329853
+22899329854
+22899329856
+22899329864
+22899329866
+22899329869
+22899329870
+22899329871
+22899329872
+22899329873
+22899329876
+22899329878
+22899329879
+22899329880
+22899329884
+22899329886
+22899329888
+22899329889
+22899329892
+22899329893
+22899329894
+22899329895
+22899329896
+22899329897
+22899329900
+22899329903
+22899329904
+22899329905
+22899329909
+22899329911
+22899329913
+22899329915
+22899329916
+22899329919
+22899329924
+22899329925
+22899329926
+22899329929
+22899329930
+22899329933
+22899329934
+22899329938
+22899329940
+22899329942
+22899329945
+22899329948
+22899329950
+22899329952
+22899329955
+22899329956
+22899329957
+22899329959
+22899329960
+22899329964
+22899329965
+22899329967
+22899329968
+22899329971
+22899329974
+22899329975
+22899329977
+22899329978
+22899329979
+22899329980
+22899329985
+22899329986
+22899329988
+22899329991
+22899329992
+22899329994
+22899329995
+22899329998